timestamp,source_ip,destination_ip,port,protocol,packet_size,attack_type,source_ip_valid,destination_ip_valid,hour,day,weekday,time_segment,is_weekend
2023-01-01 00:00:00,172.16.0.3,10.0.0.101,8002,UDP,783,dos,1,1,0,1,6,night,1
2023-01-01 01:00:00,192.168.1.4,172.16.0.102,4127,TCP,1201,data injection,1,1,1,1,6,night,1
2023-01-01 02:00:00,192.168.1.1,192.168.1.100,1361,UDP,543,apt,1,1,2,1,6,night,1
2023-01-01 03:00:00,172.16.0.3,192.168.1.100,8427,UDP,85,benign,1,1,3,1,6,night,1
2023-01-01 04:00:00,172.16.0.3,192.168.1.100,358,UDP,1436,malware,1,1,4,1,6,night,1
2023-01-01 05:00:00,192.168.1.4,192.168.1.100,5915,TCP,746,dos,1,1,5,1,6,night,1
2023-01-01 06:00:00,192.168.1.1,192.168.1.103,2728,ICMP,969,apt,1,1,6,1,6,morning,1
2023-01-01 07:00:00,192.168.1.1,192.168.1.100,1770,UDP,383,data injection,1,1,7,1,6,morning,1
2023-01-01 08:00:00,172.16.0.3,192.168.1.103,5624,TCP,189,benign,1,1,8,1,6,morning,1
2023-01-01 09:00:00,10.0.0.2,192.168.1.103,2441,TCP,340,dos,1,1,9,1,6,morning,1
2023-01-01 10:00:00,172.16.0.3,192.168.1.100,7139,ICMP,1291,benign,1,1,10,1,6,morning,1
2023-01-01 11:00:00,172.16.0.3,192.168.1.100,8921,UDP,257,malware,1,1,11,1,6,morning,1
2023-01-01 12:00:00,172.16.0.3,10.0.0.101,5339,UDP,759,data injection,1,1,12,1,6,afternoon,1
2023-01-01 13:00:00,172.16.0.3,172.16.0.102,6629,ICMP,1373,benign,1,1,13,1,6,afternoon,1
2023-01-01 14:00:00,192.168.1.4,192.168.1.100,5407,ICMP,120,apt,1,1,14,1,6,afternoon,1
2023-01-01 15:00:00,192.168.1.1,10.0.0.101,4013,TCP,1390,data injection,1,1,15,1,6,afternoon,1
2023-01-01 16:00:00,192.168.1.4,10.0.0.101,8700,TCP,1250,apt,1,1,16,1,6,afternoon,1
2023-01-01 17:00:00,192.168.1.4,172.16.0.102,8064,ICMP,82,benign,1,1,17,1,6,afternoon,1
2023-01-01 18:00:00,192.168.1.4,192.168.1.103,8258,UDP,1457,data injection,1,1,18,1,6,afternoon,1
2023-01-01 19:00:00,172.16.0.3,192.168.1.100,4893,TCP,327,apt,1,1,19,1,6,afternoon,1
2023-01-01 20:00:00,10.0.0.2,172.16.0.102,4826,TCP,857,malware,1,1,20,1,6,night,1
2023-01-01 21:00:00,192.168.1.1,192.168.1.100,8612,UDP,176,malware,1,1,21,1,6,night,1
2023-01-01 22:00:00,10.0.0.2,10.0.0.101,5933,TCP,1414,benign,1,1,22,1,6,night,1
2023-01-01 23:00:00,192.168.1.4,10.0.0.101,7144,UDP,605,data injection,1,1,23,1,6,night,1
2023-01-02 00:00:00,192.168.1.4,192.168.1.103,3177,UDP,710,dos,1,1,0,2,0,night,0
2023-01-02 01:00:00,10.0.0.2,10.0.0.101,410,UDP,642,data injection,1,1,1,2,0,night,0
2023-01-02 02:00:00,10.0.0.2,10.0.0.101,4450,ICMP,1152,malware,1,1,2,2,0,night,0
2023-01-02 03:00:00,10.0.0.2,172.16.0.102,8840,ICMP,1379,apt,1,1,3,2,0,night,0
2023-01-02 04:00:00,192.168.1.4,192.168.1.100,7706,ICMP,88,dos,1,1,4,2,0,night,0
2023-01-02 05:00:00,192.168.1.4,192.168.1.100,4252,UDP,64,benign,1,1,5,2,0,night,0
2023-01-02 06:00:00,192.168.1.1,172.16.0.102,8027,UDP,974,dos,1,1,6,2,0,morning,0
2023-01-02 07:00:00,192.168.1.1,192.168.1.103,1541,ICMP,204,benign,1,1,7,2,0,morning,0
2023-01-02 08:00:00,192.168.1.4,192.168.1.100,9038,TCP,711,dos,1,1,8,2,0,morning,0
2023-01-02 09:00:00,10.0.0.2,10.0.0.101,1520,UDP,251,benign,1,1,9,2,0,morning,0
2023-01-02 10:00:00,10.0.0.2,192.168.1.100,6757,TCP,1215,benign,1,1,10,2,0,morning,0
2023-01-02 11:00:00,192.168.1.1,10.0.0.101,3314,TCP,264,dos,1,1,11,2,0,morning,0
2023-01-02 12:00:00,192.168.1.4,192.168.1.103,5105,UDP,1214,dos,1,1,12,2,0,afternoon,0
2023-01-02 13:00:00,192.168.1.1,172.16.0.102,2439,UDP,320,benign,1,1,13,2,0,afternoon,0
2023-01-02 14:00:00,192.168.1.1,192.168.1.100,9146,TCP,610,malware,1,1,14,2,0,afternoon,0
2023-01-02 15:00:00,172.16.0.3,172.16.0.102,3062,TCP,257,dos,1,1,15,2,0,afternoon,0
2023-01-02 16:00:00,172.16.0.3,192.168.1.100,4517,ICMP,766,data injection,1,1,16,2,0,afternoon,0
2023-01-02 17:00:00,172.16.0.3,10.0.0.101,1486,ICMP,1191,apt,1,1,17,2,0,afternoon,0
2023-01-02 18:00:00,10.0.0.2,172.16.0.102,3581,UDP,1352,benign,1,1,18,2,0,afternoon,0
2023-01-02 19:00:00,192.168.1.4,192.168.1.100,634,ICMP,865,benign,1,1,19,2,0,afternoon,0
2023-01-02 20:00:00,192.168.1.4,10.0.0.101,5412,ICMP,1005,apt,1,1,20,2,0,night,0
2023-01-02 21:00:00,192.168.1.4,172.16.0.102,7713,ICMP,1471,malware,1,1,21,2,0,night,0
2023-01-02 22:00:00,192.168.1.4,172.16.0.102,9394,ICMP,1347,apt,1,1,22,2,0,night,0
2023-01-02 23:00:00,172.16.0.3,192.168.1.100,3243,TCP,477,dos,1,1,23,2,0,night,0
2023-01-03 00:00:00,10.0.0.2,192.168.1.100,7158,UDP,1445,apt,1,1,0,3,1,night,0
2023-01-03 01:00:00,10.0.0.2,192.168.1.100,2687,ICMP,1162,benign,1,1,1,3,1,night,0
2023-01-03 02:00:00,172.16.0.3,10.0.0.101,8000,TCP,1442,apt,1,1,2,3,1,night,0
2023-01-03 03:00:00,10.0.0.2,192.168.1.100,150,TCP,973,data injection,1,1,3,3,1,night,0
2023-01-03 04:00:00,172.16.0.3,172.16.0.102,3003,TCP,251,dos,1,1,4,3,1,night,0
2023-01-03 05:00:00,192.168.1.4,172.16.0.102,4298,ICMP,1377,apt,1,1,5,3,1,night,0
2023-01-03 06:00:00,172.16.0.3,192.168.1.100,7146,ICMP,108,benign,1,1,6,3,1,morning,0
2023-01-03 07:00:00,192.168.1.4,192.168.1.100,8250,UDP,146,dos,1,1,7,3,1,morning,0
2023-01-03 08:00:00,192.168.1.4,192.168.1.103,7714,ICMP,1210,benign,1,1,8,3,1,morning,0
2023-01-03 09:00:00,192.168.1.1,172.16.0.102,6660,ICMP,421,malware,1,1,9,3,1,morning,0
2023-01-03 10:00:00,172.16.0.3,10.0.0.101,5488,TCP,1153,data injection,1,1,10,3,1,morning,0
2023-01-03 11:00:00,192.168.1.1,192.168.1.103,940,UDP,999,malware,1,1,11,3,1,morning,0
2023-01-03 12:00:00,172.16.0.3,192.168.1.100,7584,ICMP,438,data injection,1,1,12,3,1,afternoon,0
2023-01-03 13:00:00,172.16.0.3,192.168.1.100,8704,ICMP,225,apt,1,1,13,3,1,afternoon,0
2023-01-03 14:00:00,192.168.1.1,172.16.0.102,9343,TCP,1467,dos,1,1,14,3,1,afternoon,0
2023-01-03 15:00:00,192.168.1.1,192.168.1.100,8522,TCP,1445,apt,1,1,15,3,1,afternoon,0
2023-01-03 16:00:00,172.16.0.3,10.0.0.101,8950,ICMP,1275,data injection,1,1,16,3,1,afternoon,0
2023-01-03 17:00:00,10.0.0.2,172.16.0.102,3261,UDP,385,data injection,1,1,17,3,1,afternoon,0
2023-01-03 18:00:00,192.168.1.4,192.168.1.100,565,UDP,513,data injection,1,1,18,3,1,afternoon,0
2023-01-03 19:00:00,192.168.1.1,172.16.0.102,4366,TCP,1100,benign,1,1,19,3,1,afternoon,0
2023-01-03 20:00:00,192.168.1.4,192.168.1.100,3830,TCP,247,dos,1,1,20,3,1,night,0
2023-01-03 21:00:00,10.0.0.2,192.168.1.100,7226,ICMP,174,apt,1,1,21,3,1,night,0
2023-01-03 22:00:00,10.0.0.2,192.168.1.100,9025,TCP,571,apt,1,1,22,3,1,night,0
2023-01-03 23:00:00,10.0.0.2,10.0.0.101,2052,ICMP,1377,malware,1,1,23,3,1,night,0
2023-01-04 00:00:00,192.168.1.1,10.0.0.101,8456,UDP,358,data injection,1,1,0,4,2,night,0
2023-01-04 01:00:00,10.0.0.2,172.16.0.102,291,UDP,967,data injection,1,1,1,4,2,night,0
2023-01-04 02:00:00,192.168.1.1,192.168.1.100,3531,ICMP,1302,data injection,1,1,2,4,2,night,0
2023-01-04 03:00:00,10.0.0.2,192.168.1.100,1791,TCP,1037,apt,1,1,3,4,2,night,0
2023-01-04 04:00:00,192.168.1.4,10.0.0.101,9474,UDP,695,malware,1,1,4,4,2,night,0
2023-01-04 05:00:00,192.168.1.4,192.168.1.100,4381,TCP,1114,benign,1,1,5,4,2,night,0
2023-01-04 06:00:00,172.16.0.3,10.0.0.101,7089,UDP,796,dos,1,1,6,4,2,morning,0
2023-01-04 07:00:00,192.168.1.4,192.168.1.100,940,ICMP,1318,benign,1,1,7,4,2,morning,0
2023-01-04 08:00:00,172.16.0.3,172.16.0.102,8210,ICMP,384,apt,1,1,8,4,2,morning,0
2023-01-04 09:00:00,192.168.1.4,192.168.1.100,3450,ICMP,976,data injection,1,1,9,4,2,morning,0
2023-01-04 10:00:00,192.168.1.1,192.168.1.100,4455,UDP,1320,dos,1,1,10,4,2,morning,0
2023-01-04 11:00:00,192.168.1.4,192.168.1.103,3780,TCP,500,apt,1,1,11,4,2,morning,0
2023-01-04 12:00:00,172.16.0.3,10.0.0.101,2070,TCP,844,apt,1,1,12,4,2,afternoon,0
2023-01-04 13:00:00,172.16.0.3,192.168.1.100,1185,TCP,1490,apt,1,1,13,4,2,afternoon,0
2023-01-04 14:00:00,10.0.0.2,192.168.1.100,8587,UDP,1140,dos,1,1,14,4,2,afternoon,0
2023-01-04 15:00:00,192.168.1.1,192.168.1.103,2053,UDP,1400,dos,1,1,15,4,2,afternoon,0
2023-01-04 16:00:00,192.168.1.4,192.168.1.103,6487,UDP,1368,malware,1,1,16,4,2,afternoon,0
2023-01-04 17:00:00,10.0.0.2,10.0.0.101,165,UDP,789,malware,1,1,17,4,2,afternoon,0
2023-01-04 18:00:00,192.168.1.4,192.168.1.103,4408,UDP,94,benign,1,1,18,4,2,afternoon,0
2023-01-04 19:00:00,192.168.1.4,172.16.0.102,7852,TCP,400,dos,1,1,19,4,2,afternoon,0
2023-01-04 20:00:00,10.0.0.2,192.168.1.103,8643,UDP,246,dos,1,1,20,4,2,night,0
2023-01-04 21:00:00,10.0.0.2,172.16.0.102,8916,UDP,1110,dos,1,1,21,4,2,night,0
2023-01-04 22:00:00,10.0.0.2,10.0.0.101,8193,TCP,607,malware,1,1,22,4,2,night,0
2023-01-04 23:00:00,10.0.0.2,10.0.0.101,2652,UDP,1161,apt,1,1,23,4,2,night,0
2023-01-05 00:00:00,10.0.0.2,10.0.0.101,4514,TCP,1097,data injection,1,1,0,5,3,night,0
2023-01-05 01:00:00,192.168.1.4,10.0.0.101,8076,TCP,723,malware,1,1,1,5,3,night,0
2023-01-05 02:00:00,10.0.0.2,10.0.0.101,7531,ICMP,223,dos,1,1,2,5,3,night,0
2023-01-05 03:00:00,192.168.1.1,172.16.0.102,9175,ICMP,1101,malware,1,1,3,5,3,night,0
2023-01-05 04:00:00,172.16.0.3,172.16.0.102,1848,ICMP,1265,benign,1,1,4,5,3,night,0
2023-01-05 05:00:00,10.0.0.2,10.0.0.101,9150,ICMP,475,dos,1,1,5,5,3,night,0
2023-01-05 06:00:00,10.0.0.2,192.168.1.103,4825,UDP,1075,benign,1,1,6,5,3,morning,0
2023-01-05 07:00:00,192.168.1.4,192.168.1.100,826,ICMP,116,dos,1,1,7,5,3,morning,0
2023-01-05 08:00:00,10.0.0.2,10.0.0.101,9675,TCP,471,malware,1,1,8,5,3,morning,0
2023-01-05 09:00:00,10.0.0.2,192.168.1.103,7506,UDP,910,apt,1,1,9,5,3,morning,0
2023-01-05 10:00:00,10.0.0.2,192.168.1.100,8222,ICMP,1109,data injection,1,1,10,5,3,morning,0
2023-01-05 11:00:00,192.168.1.4,10.0.0.101,1888,TCP,1117,benign,1,1,11,5,3,morning,0
2023-01-05 12:00:00,10.0.0.2,10.0.0.101,7898,UDP,766,malware,1,1,12,5,3,afternoon,0
2023-01-05 13:00:00,172.16.0.3,172.16.0.102,5710,UDP,323,apt,1,1,13,5,3,afternoon,0
2023-01-05 14:00:00,192.168.1.4,192.168.1.100,7847,ICMP,1292,malware,1,1,14,5,3,afternoon,0
2023-01-05 15:00:00,172.16.0.3,192.168.1.100,5449,UDP,1146,benign,1,1,15,5,3,afternoon,0
2023-01-05 16:00:00,192.168.1.4,192.168.1.103,9096,TCP,839,data injection,1,1,16,5,3,afternoon,0
2023-01-05 17:00:00,10.0.0.2,172.16.0.102,3584,UDP,1099,malware,1,1,17,5,3,afternoon,0
2023-01-05 18:00:00,172.16.0.3,172.16.0.102,1409,TCP,1377,dos,1,1,18,5,3,afternoon,0
2023-01-05 19:00:00,192.168.1.4,172.16.0.102,7294,UDP,913,apt,1,1,19,5,3,afternoon,0
2023-01-05 20:00:00,192.168.1.1,172.16.0.102,844,ICMP,417,malware,1,1,20,5,3,night,0
2023-01-05 21:00:00,10.0.0.2,192.168.1.100,2285,TCP,1162,apt,1,1,21,5,3,night,0
2023-01-05 22:00:00,192.168.1.4,192.168.1.100,956,UDP,936,dos,1,1,22,5,3,night,0
2023-01-05 23:00:00,192.168.1.1,10.0.0.101,6422,UDP,1054,data injection,1,1,23,5,3,night,0
2023-01-06 00:00:00,192.168.1.4,10.0.0.101,3865,UDP,1328,data injection,1,1,0,6,4,night,0
2023-01-06 01:00:00,192.168.1.1,172.16.0.102,1816,TCP,1081,dos,1,1,1,6,4,night,0
2023-01-06 02:00:00,10.0.0.2,172.16.0.102,8265,TCP,1241,apt,1,1,2,6,4,night,0
2023-01-06 03:00:00,172.16.0.3,172.16.0.102,7234,TCP,1183,malware,1,1,3,6,4,night,0
2023-01-06 04:00:00,192.168.1.1,10.0.0.101,746,ICMP,357,dos,1,1,4,6,4,night,0
2023-01-06 05:00:00,192.168.1.4,192.168.1.103,2756,ICMP,272,benign,1,1,5,6,4,night,0
2023-01-06 06:00:00,10.0.0.2,192.168.1.103,1933,TCP,1430,apt,1,1,6,6,4,morning,0
2023-01-06 07:00:00,192.168.1.1,10.0.0.101,9808,UDP,1175,data injection,1,1,7,6,4,morning,0
2023-01-06 08:00:00,192.168.1.4,10.0.0.101,7677,ICMP,881,dos,1,1,8,6,4,morning,0
2023-01-06 09:00:00,192.168.1.4,10.0.0.101,2486,TCP,453,data injection,1,1,9,6,4,morning,0
2023-01-06 10:00:00,192.168.1.4,10.0.0.101,9061,UDP,388,apt,1,1,10,6,4,morning,0
2023-01-06 11:00:00,192.168.1.1,10.0.0.101,7332,ICMP,1003,data injection,1,1,11,6,4,morning,0
2023-01-06 12:00:00,192.168.1.1,10.0.0.101,8214,UDP,952,dos,1,1,12,6,4,afternoon,0
2023-01-06 13:00:00,192.168.1.1,172.16.0.102,7926,UDP,1244,apt,1,1,13,6,4,afternoon,0
2023-01-06 14:00:00,172.16.0.3,172.16.0.102,4896,UDP,731,benign,1,1,14,6,4,afternoon,0
2023-01-06 15:00:00,192.168.1.1,172.16.0.102,7307,UDP,696,dos,1,1,15,6,4,afternoon,0
2023-01-06 16:00:00,192.168.1.1,172.16.0.102,912,ICMP,640,malware,1,1,16,6,4,afternoon,0
2023-01-06 17:00:00,192.168.1.1,10.0.0.101,4695,ICMP,200,dos,1,1,17,6,4,afternoon,0
2023-01-06 18:00:00,172.16.0.3,192.168.1.103,1953,ICMP,491,apt,1,1,18,6,4,afternoon,0
2023-01-06 19:00:00,192.168.1.1,192.168.1.100,1400,TCP,675,dos,1,1,19,6,4,afternoon,0
2023-01-06 20:00:00,192.168.1.4,10.0.0.101,1310,ICMP,974,benign,1,1,20,6,4,night,0
2023-01-06 21:00:00,192.168.1.1,192.168.1.100,1660,UDP,882,benign,1,1,21,6,4,night,0
2023-01-06 22:00:00,192.168.1.4,192.168.1.103,7510,ICMP,204,malware,1,1,22,6,4,night,0
2023-01-06 23:00:00,192.168.1.4,172.16.0.102,9199,UDP,1170,data injection,1,1,23,6,4,night,0
2023-01-07 00:00:00,192.168.1.4,192.168.1.103,1238,TCP,240,apt,1,1,0,7,5,night,1
2023-01-07 01:00:00,172.16.0.3,10.0.0.101,5036,UDP,261,apt,1,1,1,7,5,night,1
2023-01-07 02:00:00,172.16.0.3,172.16.0.102,6901,UDP,687,data injection,1,1,2,7,5,night,1
2023-01-07 03:00:00,172.16.0.3,10.0.0.101,9567,UDP,754,benign,1,1,3,7,5,night,1
2023-01-07 04:00:00,192.168.1.1,172.16.0.102,9772,TCP,464,benign,1,1,4,7,5,night,1
2023-01-07 05:00:00,192.168.1.4,192.168.1.100,9630,ICMP,534,dos,1,1,5,7,5,night,1
2023-01-07 06:00:00,172.16.0.3,192.168.1.100,974,ICMP,281,malware,1,1,6,7,5,morning,1
2023-01-07 07:00:00,172.16.0.3,192.168.1.100,9195,TCP,992,malware,1,1,7,7,5,morning,1
2023-01-07 08:00:00,192.168.1.1,192.168.1.103,7311,UDP,695,malware,1,1,8,7,5,morning,1
2023-01-07 09:00:00,172.16.0.3,10.0.0.101,994,ICMP,1014,dos,1,1,9,7,5,morning,1
2023-01-07 10:00:00,192.168.1.1,192.168.1.103,4153,TCP,969,malware,1,1,10,7,5,morning,1
2023-01-07 11:00:00,10.0.0.2,192.168.1.100,5390,ICMP,238,data injection,1,1,11,7,5,morning,1
2023-01-07 12:00:00,172.16.0.3,10.0.0.101,3992,TCP,86,dos,1,1,12,7,5,afternoon,1
2023-01-07 13:00:00,10.0.0.2,192.168.1.100,5315,UDP,298,data injection,1,1,13,7,5,afternoon,1
2023-01-07 14:00:00,192.168.1.1,192.168.1.103,9125,ICMP,1100,dos,1,1,14,7,5,afternoon,1
2023-01-07 15:00:00,192.168.1.4,192.168.1.103,8248,TCP,1188,malware,1,1,15,7,5,afternoon,1
2023-01-07 16:00:00,172.16.0.3,192.168.1.103,9923,ICMP,992,data injection,1,1,16,7,5,afternoon,1
2023-01-07 17:00:00,192.168.1.1,192.168.1.100,3040,ICMP,586,data injection,1,1,17,7,5,afternoon,1
2023-01-07 18:00:00,192.168.1.4,10.0.0.101,9007,ICMP,494,data injection,1,1,18,7,5,afternoon,1
2023-01-07 19:00:00,192.168.1.4,10.0.0.101,4056,ICMP,856,dos,1,1,19,7,5,afternoon,1
2023-01-07 20:00:00,10.0.0.2,192.168.1.100,5088,TCP,596,apt,1,1,20,7,5,night,1
2023-01-07 21:00:00,192.168.1.1,10.0.0.101,5253,UDP,1042,malware,1,1,21,7,5,night,1
2023-01-07 22:00:00,192.168.1.4,192.168.1.100,9536,TCP,1380,data injection,1,1,22,7,5,night,1
2023-01-07 23:00:00,172.16.0.3,10.0.0.101,337,TCP,873,apt,1,1,23,7,5,night,1
2023-01-08 00:00:00,172.16.0.3,172.16.0.102,2416,TCP,976,malware,1,1,0,8,6,night,1
2023-01-08 01:00:00,10.0.0.2,172.16.0.102,2182,UDP,1188,malware,1,1,1,8,6,night,1
2023-01-08 02:00:00,192.168.1.4,192.168.1.103,2765,ICMP,1391,data injection,1,1,2,8,6,night,1
2023-01-08 03:00:00,192.168.1.1,172.16.0.102,1611,ICMP,934,data injection,1,1,3,8,6,night,1
2023-01-08 04:00:00,172.16.0.3,172.16.0.102,6203,ICMP,603,dos,1,1,4,8,6,night,1
2023-01-08 05:00:00,192.168.1.4,172.16.0.102,3950,UDP,1087,apt,1,1,5,8,6,night,1
2023-01-08 06:00:00,192.168.1.4,192.168.1.100,1332,ICMP,1442,apt,1,1,6,8,6,morning,1
2023-01-08 07:00:00,10.0.0.2,172.16.0.102,9497,UDP,1390,data injection,1,1,7,8,6,morning,1
2023-01-08 08:00:00,172.16.0.3,172.16.0.102,4331,ICMP,290,malware,1,1,8,8,6,morning,1
2023-01-08 09:00:00,172.16.0.3,192.168.1.103,7334,ICMP,1323,data injection,1,1,9,8,6,morning,1
2023-01-08 10:00:00,192.168.1.1,172.16.0.102,2403,TCP,936,malware,1,1,10,8,6,morning,1
2023-01-08 11:00:00,172.16.0.3,172.16.0.102,3259,UDP,955,malware,1,1,11,8,6,morning,1
2023-01-08 12:00:00,192.168.1.1,10.0.0.101,2159,TCP,1100,data injection,1,1,12,8,6,afternoon,1
2023-01-08 13:00:00,172.16.0.3,192.168.1.103,1724,TCP,273,benign,1,1,13,8,6,afternoon,1
2023-01-08 14:00:00,10.0.0.2,192.168.1.103,6944,TCP,804,apt,1,1,14,8,6,afternoon,1
2023-01-08 15:00:00,172.16.0.3,192.168.1.103,382,UDP,460,malware,1,1,15,8,6,afternoon,1
2023-01-08 16:00:00,192.168.1.1,192.168.1.103,2624,UDP,1187,malware,1,1,16,8,6,afternoon,1
2023-01-08 17:00:00,192.168.1.1,192.168.1.103,9928,ICMP,94,benign,1,1,17,8,6,afternoon,1
2023-01-08 18:00:00,10.0.0.2,192.168.1.103,4306,TCP,961,dos,1,1,18,8,6,afternoon,1
2023-01-08 19:00:00,172.16.0.3,192.168.1.100,3758,ICMP,712,benign,1,1,19,8,6,afternoon,1
2023-01-08 20:00:00,172.16.0.3,172.16.0.102,2489,TCP,392,benign,1,1,20,8,6,night,1
2023-01-08 21:00:00,10.0.0.2,192.168.1.103,4815,UDP,1253,malware,1,1,21,8,6,night,1
2023-01-08 22:00:00,172.16.0.3,172.16.0.102,6170,UDP,1015,apt,1,1,22,8,6,night,1
2023-01-08 23:00:00,172.16.0.3,172.16.0.102,576,UDP,1187,benign,1,1,23,8,6,night,1
2023-01-09 00:00:00,192.168.1.1,192.168.1.100,9037,TCP,684,dos,1,1,0,9,0,night,0
2023-01-09 01:00:00,172.16.0.3,192.168.1.103,2828,UDP,1260,data injection,1,1,1,9,0,night,0
2023-01-09 02:00:00,172.16.0.3,10.0.0.101,5170,TCP,225,benign,1,1,2,9,0,night,0
2023-01-09 03:00:00,10.0.0.2,192.168.1.100,7581,ICMP,839,benign,1,1,3,9,0,night,0
2023-01-09 04:00:00,10.0.0.2,10.0.0.101,2739,TCP,1350,dos,1,1,4,9,0,night,0
2023-01-09 05:00:00,192.168.1.4,172.16.0.102,6526,ICMP,337,apt,1,1,5,9,0,night,0
2023-01-09 06:00:00,192.168.1.1,172.16.0.102,3761,TCP,1090,benign,1,1,6,9,0,morning,0
2023-01-09 07:00:00,172.16.0.3,192.168.1.100,9786,ICMP,1115,benign,1,1,7,9,0,morning,0
2023-01-09 08:00:00,172.16.0.3,192.168.1.100,4018,UDP,389,apt,1,1,8,9,0,morning,0
2023-01-09 09:00:00,192.168.1.4,10.0.0.101,2423,ICMP,1003,dos,1,1,9,9,0,morning,0
2023-01-09 10:00:00,172.16.0.3,192.168.1.103,8800,UDP,1236,benign,1,1,10,9,0,morning,0
2023-01-09 11:00:00,192.168.1.1,10.0.0.101,9759,UDP,603,apt,1,1,11,9,0,morning,0
2023-01-09 12:00:00,192.168.1.4,192.168.1.100,314,ICMP,551,benign,1,1,12,9,0,afternoon,0
2023-01-09 13:00:00,192.168.1.1,10.0.0.101,5363,TCP,885,data injection,1,1,13,9,0,afternoon,0
2023-01-09 14:00:00,192.168.1.4,192.168.1.100,9902,TCP,1152,malware,1,1,14,9,0,afternoon,0
2023-01-09 15:00:00,192.168.1.4,10.0.0.101,1156,TCP,419,data injection,1,1,15,9,0,afternoon,0
2023-01-09 16:00:00,10.0.0.2,192.168.1.100,2084,TCP,1339,benign,1,1,16,9,0,afternoon,0
2023-01-09 17:00:00,192.168.1.1,192.168.1.100,7029,TCP,298,dos,1,1,17,9,0,afternoon,0
2023-01-09 18:00:00,172.16.0.3,192.168.1.100,4563,UDP,290,malware,1,1,18,9,0,afternoon,0
2023-01-09 19:00:00,172.16.0.3,192.168.1.103,1027,TCP,1400,data injection,1,1,19,9,0,afternoon,0
2023-01-09 20:00:00,192.168.1.1,10.0.0.101,5465,UDP,112,apt,1,1,20,9,0,night,0
2023-01-09 21:00:00,172.16.0.3,10.0.0.101,5372,UDP,181,dos,1,1,21,9,0,night,0
2023-01-09 22:00:00,172.16.0.3,10.0.0.101,9459,UDP,117,data injection,1,1,22,9,0,night,0
2023-01-09 23:00:00,192.168.1.1,192.168.1.100,1455,ICMP,628,apt,1,1,23,9,0,night,0
2023-01-10 00:00:00,192.168.1.4,10.0.0.101,591,ICMP,1131,benign,1,1,0,10,1,night,0
2023-01-10 01:00:00,192.168.1.1,10.0.0.101,2402,UDP,116,apt,1,1,1,10,1,night,0
2023-01-10 02:00:00,192.168.1.4,192.168.1.100,9457,ICMP,621,data injection,1,1,2,10,1,night,0
2023-01-10 03:00:00,172.16.0.3,172.16.0.102,5104,TCP,1189,data injection,1,1,3,10,1,night,0
2023-01-10 04:00:00,172.16.0.3,192.168.1.100,297,TCP,931,benign,1,1,4,10,1,night,0
2023-01-10 05:00:00,172.16.0.3,10.0.0.101,7079,UDP,461,apt,1,1,5,10,1,night,0
2023-01-10 06:00:00,10.0.0.2,192.168.1.100,1907,TCP,1225,apt,1,1,6,10,1,morning,0
2023-01-10 07:00:00,192.168.1.4,172.16.0.102,1285,UDP,738,benign,1,1,7,10,1,morning,0
2023-01-10 08:00:00,10.0.0.2,192.168.1.100,7511,UDP,450,apt,1,1,8,10,1,morning,0
2023-01-10 09:00:00,10.0.0.2,10.0.0.101,1060,TCP,174,benign,1,1,9,10,1,morning,0
2023-01-10 10:00:00,192.168.1.1,172.16.0.102,9129,ICMP,677,dos,1,1,10,10,1,morning,0
2023-01-10 11:00:00,10.0.0.2,192.168.1.103,8093,TCP,80,data injection,1,1,11,10,1,morning,0
2023-01-10 12:00:00,192.168.1.1,10.0.0.101,9097,TCP,1269,dos,1,1,12,10,1,afternoon,0
2023-01-10 13:00:00,192.168.1.1,172.16.0.102,2772,UDP,947,malware,1,1,13,10,1,afternoon,0
2023-01-10 14:00:00,10.0.0.2,172.16.0.102,8233,UDP,604,malware,1,1,14,10,1,afternoon,0
2023-01-10 15:00:00,192.168.1.4,192.168.1.103,4589,UDP,234,malware,1,1,15,10,1,afternoon,0
2023-01-10 16:00:00,192.168.1.4,192.168.1.100,6373,UDP,472,benign,1,1,16,10,1,afternoon,0
2023-01-10 17:00:00,192.168.1.4,192.168.1.100,2373,ICMP,803,apt,1,1,17,10,1,afternoon,0
2023-01-10 18:00:00,192.168.1.4,10.0.0.101,7457,ICMP,1465,dos,1,1,18,10,1,afternoon,0
2023-01-10 19:00:00,192.168.1.4,192.168.1.103,4819,ICMP,1275,dos,1,1,19,10,1,afternoon,0
2023-01-10 20:00:00,10.0.0.2,192.168.1.100,706,UDP,921,dos,1,1,20,10,1,night,0
2023-01-10 21:00:00,10.0.0.2,192.168.1.103,8496,UDP,293,dos,1,1,21,10,1,night,0
2023-01-10 22:00:00,172.16.0.3,192.168.1.100,4831,UDP,182,malware,1,1,22,10,1,night,0
2023-01-10 23:00:00,192.168.1.4,172.16.0.102,8974,ICMP,1243,dos,1,1,23,10,1,night,0
2023-01-11 00:00:00,10.0.0.2,192.168.1.100,5366,UDP,847,apt,1,1,0,11,2,night,0
2023-01-11 01:00:00,172.16.0.3,192.168.1.103,5063,TCP,528,malware,1,1,1,11,2,night,0
2023-01-11 02:00:00,192.168.1.4,172.16.0.102,2448,TCP,167,dos,1,1,2,11,2,night,0
2023-01-11 03:00:00,192.168.1.1,172.16.0.102,5146,UDP,761,benign,1,1,3,11,2,night,0
2023-01-11 04:00:00,172.16.0.3,172.16.0.102,8240,TCP,238,data injection,1,1,4,11,2,night,0
2023-01-11 05:00:00,10.0.0.2,192.168.1.103,9118,TCP,808,data injection,1,1,5,11,2,night,0
2023-01-11 06:00:00,192.168.1.1,10.0.0.101,7833,ICMP,1221,data injection,1,1,6,11,2,morning,0
2023-01-11 07:00:00,192.168.1.1,10.0.0.101,9665,UDP,1478,malware,1,1,7,11,2,morning,0
2023-01-11 08:00:00,192.168.1.1,10.0.0.101,3376,UDP,728,dos,1,1,8,11,2,morning,0
2023-01-11 09:00:00,172.16.0.3,192.168.1.103,8727,ICMP,96,malware,1,1,9,11,2,morning,0
2023-01-11 10:00:00,10.0.0.2,172.16.0.102,7286,TCP,118,apt,1,1,10,11,2,morning,0
2023-01-11 11:00:00,192.168.1.1,10.0.0.101,6560,TCP,582,benign,1,1,11,11,2,morning,0
2023-01-11 12:00:00,192.168.1.4,192.168.1.103,58,UDP,819,benign,1,1,12,11,2,afternoon,0
2023-01-11 13:00:00,192.168.1.1,10.0.0.101,3362,TCP,75,data injection,1,1,13,11,2,afternoon,0
2023-01-11 14:00:00,192.168.1.1,192.168.1.100,9098,ICMP,783,data injection,1,1,14,11,2,afternoon,0
2023-01-11 15:00:00,172.16.0.3,10.0.0.101,2864,ICMP,618,data injection,1,1,15,11,2,afternoon,0
2023-01-11 16:00:00,172.16.0.3,10.0.0.101,1118,UDP,436,dos,1,1,16,11,2,afternoon,0
2023-01-11 17:00:00,10.0.0.2,172.16.0.102,7047,ICMP,547,apt,1,1,17,11,2,afternoon,0
2023-01-11 18:00:00,192.168.1.4,192.168.1.103,1843,ICMP,1036,apt,1,1,18,11,2,afternoon,0
2023-01-11 19:00:00,172.16.0.3,172.16.0.102,3175,UDP,1315,apt,1,1,19,11,2,afternoon,0
2023-01-11 20:00:00,192.168.1.1,172.16.0.102,3113,ICMP,686,apt,1,1,20,11,2,night,0
2023-01-11 21:00:00,10.0.0.2,172.16.0.102,5678,ICMP,370,data injection,1,1,21,11,2,night,0
2023-01-11 22:00:00,192.168.1.1,172.16.0.102,3798,ICMP,520,benign,1,1,22,11,2,night,0
2023-01-11 23:00:00,192.168.1.1,172.16.0.102,2916,TCP,223,data injection,1,1,23,11,2,night,0
2023-01-12 00:00:00,172.16.0.3,10.0.0.101,1008,UDP,394,apt,1,1,0,12,3,night,0
2023-01-12 01:00:00,10.0.0.2,172.16.0.102,4136,UDP,839,data injection,1,1,1,12,3,night,0
2023-01-12 02:00:00,192.168.1.4,172.16.0.102,6466,UDP,288,apt,1,1,2,12,3,night,0
2023-01-12 03:00:00,192.168.1.4,192.168.1.103,4199,TCP,1046,malware,1,1,3,12,3,night,0
2023-01-12 04:00:00,172.16.0.3,192.168.1.100,1702,TCP,792,benign,1,1,4,12,3,night,0
2023-01-12 05:00:00,172.16.0.3,10.0.0.101,5646,UDP,1132,malware,1,1,5,12,3,night,0
2023-01-12 06:00:00,10.0.0.2,10.0.0.101,7444,TCP,1301,dos,1,1,6,12,3,morning,0
2023-01-12 07:00:00,192.168.1.4,10.0.0.101,953,UDP,1146,data injection,1,1,7,12,3,morning,0
2023-01-12 08:00:00,192.168.1.4,172.16.0.102,3618,TCP,707,dos,1,1,8,12,3,morning,0
2023-01-12 09:00:00,192.168.1.4,172.16.0.102,2000,ICMP,679,data injection,1,1,9,12,3,morning,0
2023-01-12 10:00:00,192.168.1.1,172.16.0.102,3076,ICMP,258,malware,1,1,10,12,3,morning,0
2023-01-12 11:00:00,192.168.1.4,192.168.1.103,9004,UDP,552,apt,1,1,11,12,3,morning,0
2023-01-12 12:00:00,192.168.1.1,192.168.1.100,811,TCP,220,apt,1,1,12,12,3,afternoon,0
2023-01-12 13:00:00,10.0.0.2,172.16.0.102,5410,TCP,673,data injection,1,1,13,12,3,afternoon,0
2023-01-12 14:00:00,192.168.1.1,192.168.1.100,6655,ICMP,1313,apt,1,1,14,12,3,afternoon,0
2023-01-12 15:00:00,10.0.0.2,192.168.1.103,2275,ICMP,475,malware,1,1,15,12,3,afternoon,0
2023-01-12 16:00:00,192.168.1.4,10.0.0.101,3630,TCP,1292,apt,1,1,16,12,3,afternoon,0
2023-01-12 17:00:00,192.168.1.4,172.16.0.102,1627,TCP,1166,malware,1,1,17,12,3,afternoon,0
2023-01-12 18:00:00,10.0.0.2,192.168.1.100,5199,TCP,1211,dos,1,1,18,12,3,afternoon,0
2023-01-12 19:00:00,172.16.0.3,192.168.1.100,6593,TCP,534,malware,1,1,19,12,3,afternoon,0
2023-01-12 20:00:00,10.0.0.2,172.16.0.102,1004,TCP,1305,benign,1,1,20,12,3,night,0
2023-01-12 21:00:00,172.16.0.3,10.0.0.101,5796,TCP,579,benign,1,1,21,12,3,night,0
2023-01-12 22:00:00,192.168.1.1,10.0.0.101,3696,UDP,1191,benign,1,1,22,12,3,night,0
2023-01-12 23:00:00,192.168.1.1,10.0.0.101,3400,TCP,456,data injection,1,1,23,12,3,night,0
2023-01-13 00:00:00,192.168.1.1,192.168.1.103,8731,ICMP,694,data injection,1,1,0,13,4,night,0
2023-01-13 01:00:00,192.168.1.4,192.168.1.100,8802,UDP,671,data injection,1,1,1,13,4,night,0
2023-01-13 02:00:00,192.168.1.1,192.168.1.100,1070,TCP,1043,malware,1,1,2,13,4,night,0
2023-01-13 03:00:00,172.16.0.3,192.168.1.100,3653,ICMP,497,data injection,1,1,3,13,4,night,0
2023-01-13 04:00:00,192.168.1.1,192.168.1.103,6362,UDP,1418,dos,1,1,4,13,4,night,0
2023-01-13 05:00:00,10.0.0.2,192.168.1.100,979,ICMP,1230,benign,1,1,5,13,4,night,0
2023-01-13 06:00:00,10.0.0.2,192.168.1.103,6079,TCP,603,malware,1,1,6,13,4,morning,0
2023-01-13 07:00:00,192.168.1.4,10.0.0.101,8904,TCP,341,benign,1,1,7,13,4,morning,0
2023-01-13 08:00:00,10.0.0.2,172.16.0.102,5675,TCP,296,data injection,1,1,8,13,4,morning,0
2023-01-13 09:00:00,172.16.0.3,192.168.1.100,4493,TCP,1177,malware,1,1,9,13,4,morning,0
2023-01-13 10:00:00,192.168.1.1,192.168.1.100,2966,UDP,1286,apt,1,1,10,13,4,morning,0
2023-01-13 11:00:00,192.168.1.4,10.0.0.101,7745,UDP,425,dos,1,1,11,13,4,morning,0
2023-01-13 12:00:00,192.168.1.1,172.16.0.102,546,ICMP,89,data injection,1,1,12,13,4,afternoon,0
2023-01-13 13:00:00,192.168.1.1,192.168.1.103,3244,TCP,1112,data injection,1,1,13,13,4,afternoon,0
2023-01-13 14:00:00,172.16.0.3,172.16.0.102,1895,ICMP,1481,dos,1,1,14,13,4,afternoon,0
2023-01-13 15:00:00,10.0.0.2,10.0.0.101,1783,UDP,570,dos,1,1,15,13,4,afternoon,0
2023-01-13 16:00:00,10.0.0.2,10.0.0.101,8732,TCP,1388,apt,1,1,16,13,4,afternoon,0
2023-01-13 17:00:00,192.168.1.1,172.16.0.102,5817,TCP,1426,data injection,1,1,17,13,4,afternoon,0
2023-01-13 18:00:00,192.168.1.4,192.168.1.103,9228,UDP,330,data injection,1,1,18,13,4,afternoon,0
2023-01-13 19:00:00,10.0.0.2,192.168.1.103,7119,UDP,524,benign,1,1,19,13,4,afternoon,0
2023-01-13 20:00:00,192.168.1.4,192.168.1.100,5129,UDP,519,malware,1,1,20,13,4,night,0
2023-01-13 21:00:00,10.0.0.2,192.168.1.103,6664,UDP,1447,malware,1,1,21,13,4,night,0
2023-01-13 22:00:00,192.168.1.4,172.16.0.102,136,UDP,1155,benign,1,1,22,13,4,night,0
2023-01-13 23:00:00,172.16.0.3,10.0.0.101,2453,TCP,1070,malware,1,1,23,13,4,night,0
2023-01-14 00:00:00,192.168.1.4,192.168.1.100,5483,UDP,926,dos,1,1,0,14,5,night,1
2023-01-14 01:00:00,172.16.0.3,192.168.1.100,603,TCP,1499,malware,1,1,1,14,5,night,1
2023-01-14 02:00:00,172.16.0.3,10.0.0.101,8606,TCP,554,malware,1,1,2,14,5,night,1
2023-01-14 03:00:00,192.168.1.4,192.168.1.103,3808,UDP,1136,benign,1,1,3,14,5,night,1
2023-01-14 04:00:00,172.16.0.3,10.0.0.101,4187,UDP,627,apt,1,1,4,14,5,night,1
2023-01-14 05:00:00,192.168.1.1,192.168.1.103,8485,TCP,1189,malware,1,1,5,14,5,night,1
2023-01-14 06:00:00,172.16.0.3,10.0.0.101,1409,UDP,279,malware,1,1,6,14,5,morning,1
2023-01-14 07:00:00,10.0.0.2,172.16.0.102,8377,UDP,622,apt,1,1,7,14,5,morning,1
2023-01-14 08:00:00,192.168.1.4,192.168.1.103,9779,UDP,222,benign,1,1,8,14,5,morning,1
2023-01-14 09:00:00,192.168.1.1,172.16.0.102,6174,ICMP,552,apt,1,1,9,14,5,morning,1
2023-01-14 10:00:00,192.168.1.4,192.168.1.100,5440,TCP,749,benign,1,1,10,14,5,morning,1
2023-01-14 11:00:00,10.0.0.2,10.0.0.101,8940,ICMP,1329,dos,1,1,11,14,5,morning,1
2023-01-14 12:00:00,10.0.0.2,192.168.1.100,2063,UDP,857,benign,1,1,12,14,5,afternoon,1
2023-01-14 13:00:00,10.0.0.2,192.168.1.100,4217,ICMP,68,dos,1,1,13,14,5,afternoon,1
2023-01-14 14:00:00,172.16.0.3,192.168.1.100,3516,UDP,424,dos,1,1,14,14,5,afternoon,1
2023-01-14 15:00:00,172.16.0.3,192.168.1.100,798,ICMP,522,benign,1,1,15,14,5,afternoon,1
2023-01-14 16:00:00,192.168.1.4,10.0.0.101,233,UDP,311,data injection,1,1,16,14,5,afternoon,1
2023-01-14 17:00:00,192.168.1.4,192.168.1.100,3782,ICMP,1009,benign,1,1,17,14,5,afternoon,1
2023-01-14 18:00:00,192.168.1.1,10.0.0.101,9788,ICMP,485,malware,1,1,18,14,5,afternoon,1
2023-01-14 19:00:00,192.168.1.1,10.0.0.101,6751,ICMP,78,malware,1,1,19,14,5,afternoon,1
2023-01-14 20:00:00,192.168.1.4,172.16.0.102,3137,TCP,799,data injection,1,1,20,14,5,night,1
2023-01-14 21:00:00,172.16.0.3,192.168.1.103,5811,ICMP,1209,dos,1,1,21,14,5,night,1
2023-01-14 22:00:00,10.0.0.2,192.168.1.103,8803,TCP,340,data injection,1,1,22,14,5,night,1
2023-01-14 23:00:00,192.168.1.4,10.0.0.101,2740,UDP,516,malware,1,1,23,14,5,night,1
2023-01-15 00:00:00,192.168.1.1,172.16.0.102,8925,ICMP,1477,data injection,1,1,0,15,6,night,1
2023-01-15 01:00:00,172.16.0.3,10.0.0.101,9147,UDP,1381,benign,1,1,1,15,6,night,1
2023-01-15 02:00:00,192.168.1.4,10.0.0.101,6067,UDP,661,data injection,1,1,2,15,6,night,1
2023-01-15 03:00:00,192.168.1.4,10.0.0.101,8052,ICMP,509,dos,1,1,3,15,6,night,1
2023-01-15 04:00:00,172.16.0.3,172.16.0.102,21,TCP,273,benign,1,1,4,15,6,night,1
2023-01-15 05:00:00,192.168.1.4,192.168.1.103,6388,ICMP,777,apt,1,1,5,15,6,night,1
2023-01-15 06:00:00,172.16.0.3,172.16.0.102,1969,UDP,365,malware,1,1,6,15,6,morning,1
2023-01-15 07:00:00,10.0.0.2,192.168.1.100,6752,UDP,1310,malware,1,1,7,15,6,morning,1
2023-01-15 08:00:00,172.16.0.3,172.16.0.102,7853,ICMP,66,data injection,1,1,8,15,6,morning,1
2023-01-15 09:00:00,172.16.0.3,172.16.0.102,937,TCP,1053,benign,1,1,9,15,6,morning,1
2023-01-15 10:00:00,172.16.0.3,172.16.0.102,3194,TCP,1180,apt,1,1,10,15,6,morning,1
2023-01-15 11:00:00,192.168.1.4,172.16.0.102,7034,UDP,583,benign,1,1,11,15,6,morning,1
2023-01-15 12:00:00,192.168.1.4,192.168.1.103,109,UDP,556,malware,1,1,12,15,6,afternoon,1
2023-01-15 13:00:00,172.16.0.3,192.168.1.100,1729,TCP,1322,benign,1,1,13,15,6,afternoon,1
2023-01-15 14:00:00,192.168.1.4,192.168.1.103,3061,ICMP,683,apt,1,1,14,15,6,afternoon,1
2023-01-15 15:00:00,192.168.1.1,192.168.1.103,125,UDP,1248,data injection,1,1,15,15,6,afternoon,1
2023-01-15 16:00:00,192.168.1.1,172.16.0.102,9098,TCP,394,dos,1,1,16,15,6,afternoon,1
2023-01-15 17:00:00,192.168.1.4,10.0.0.101,8639,UDP,396,benign,1,1,17,15,6,afternoon,1
2023-01-15 18:00:00,192.168.1.4,10.0.0.101,1915,ICMP,113,dos,1,1,18,15,6,afternoon,1
2023-01-15 19:00:00,172.16.0.3,192.168.1.103,6110,TCP,926,malware,1,1,19,15,6,afternoon,1
2023-01-15 20:00:00,10.0.0.2,192.168.1.103,8528,UDP,335,data injection,1,1,20,15,6,night,1
2023-01-15 21:00:00,192.168.1.4,172.16.0.102,6102,ICMP,643,data injection,1,1,21,15,6,night,1
2023-01-15 22:00:00,192.168.1.1,192.168.1.103,654,UDP,1339,benign,1,1,22,15,6,night,1
2023-01-15 23:00:00,172.16.0.3,172.16.0.102,1945,ICMP,623,data injection,1,1,23,15,6,night,1
2023-01-16 00:00:00,192.168.1.4,10.0.0.101,2076,ICMP,759,benign,1,1,0,16,0,night,0
2023-01-16 01:00:00,192.168.1.1,10.0.0.101,6937,TCP,1177,benign,1,1,1,16,0,night,0
2023-01-16 02:00:00,192.168.1.1,192.168.1.100,3164,ICMP,509,dos,1,1,2,16,0,night,0
2023-01-16 03:00:00,10.0.0.2,10.0.0.101,9651,UDP,1080,data injection,1,1,3,16,0,night,0
2023-01-16 04:00:00,172.16.0.3,192.168.1.103,572,ICMP,1419,benign,1,1,4,16,0,night,0
2023-01-16 05:00:00,172.16.0.3,10.0.0.101,8927,ICMP,1226,dos,1,1,5,16,0,night,0
2023-01-16 06:00:00,10.0.0.2,172.16.0.102,5403,TCP,420,apt,1,1,6,16,0,morning,0
2023-01-16 07:00:00,10.0.0.2,10.0.0.101,3931,ICMP,337,dos,1,1,7,16,0,morning,0
2023-01-16 08:00:00,172.16.0.3,192.168.1.100,9925,ICMP,1106,dos,1,1,8,16,0,morning,0
2023-01-16 09:00:00,172.16.0.3,10.0.0.101,3409,UDP,374,benign,1,1,9,16,0,morning,0
2023-01-16 10:00:00,192.168.1.4,172.16.0.102,9319,TCP,933,malware,1,1,10,16,0,morning,0
2023-01-16 11:00:00,192.168.1.4,172.16.0.102,8462,TCP,949,malware,1,1,11,16,0,morning,0
2023-01-16 12:00:00,10.0.0.2,192.168.1.103,2450,TCP,217,malware,1,1,12,16,0,afternoon,0
2023-01-16 13:00:00,192.168.1.4,10.0.0.101,478,ICMP,1477,dos,1,1,13,16,0,afternoon,0
2023-01-16 14:00:00,192.168.1.1,172.16.0.102,227,TCP,1347,benign,1,1,14,16,0,afternoon,0
2023-01-16 15:00:00,192.168.1.4,192.168.1.100,919,ICMP,683,data injection,1,1,15,16,0,afternoon,0
2023-01-16 16:00:00,192.168.1.4,192.168.1.103,41,ICMP,946,dos,1,1,16,16,0,afternoon,0
2023-01-16 17:00:00,192.168.1.1,192.168.1.100,8621,UDP,860,dos,1,1,17,16,0,afternoon,0
2023-01-16 18:00:00,10.0.0.2,10.0.0.101,914,UDP,188,benign,1,1,18,16,0,afternoon,0
2023-01-16 19:00:00,192.168.1.1,10.0.0.101,534,UDP,1441,apt,1,1,19,16,0,afternoon,0
2023-01-16 20:00:00,192.168.1.4,10.0.0.101,7314,UDP,1360,dos,1,1,20,16,0,night,0
2023-01-16 21:00:00,10.0.0.2,192.168.1.103,4924,UDP,682,apt,1,1,21,16,0,night,0
2023-01-16 22:00:00,192.168.1.4,172.16.0.102,7887,ICMP,308,apt,1,1,22,16,0,night,0
2023-01-16 23:00:00,192.168.1.1,192.168.1.103,4129,ICMP,911,malware,1,1,23,16,0,night,0
2023-01-17 00:00:00,192.168.1.1,192.168.1.100,7199,TCP,513,benign,1,1,0,17,1,night,0
2023-01-17 01:00:00,192.168.1.4,192.168.1.103,1580,ICMP,993,apt,1,1,1,17,1,night,0
2023-01-17 02:00:00,172.16.0.3,192.168.1.100,1286,ICMP,1334,benign,1,1,2,17,1,night,0
2023-01-17 03:00:00,172.16.0.3,192.168.1.103,3658,UDP,583,malware,1,1,3,17,1,night,0
2023-01-17 04:00:00,192.168.1.1,172.16.0.102,8961,ICMP,1228,benign,1,1,4,17,1,night,0
2023-01-17 05:00:00,192.168.1.1,192.168.1.100,3447,UDP,425,dos,1,1,5,17,1,night,0
2023-01-17 06:00:00,172.16.0.3,10.0.0.101,4800,TCP,71,apt,1,1,6,17,1,morning,0
2023-01-17 07:00:00,172.16.0.3,10.0.0.101,1947,TCP,541,benign,1,1,7,17,1,morning,0
2023-01-17 08:00:00,192.168.1.4,192.168.1.103,2376,ICMP,1439,data injection,1,1,8,17,1,morning,0
2023-01-17 09:00:00,192.168.1.4,10.0.0.101,4810,TCP,558,benign,1,1,9,17,1,morning,0
2023-01-17 10:00:00,172.16.0.3,192.168.1.100,326,ICMP,896,apt,1,1,10,17,1,morning,0
2023-01-17 11:00:00,192.168.1.4,10.0.0.101,7999,TCP,1126,malware,1,1,11,17,1,morning,0
2023-01-17 12:00:00,192.168.1.4,172.16.0.102,3685,UDP,656,malware,1,1,12,17,1,afternoon,0
2023-01-17 13:00:00,10.0.0.2,172.16.0.102,7077,UDP,250,apt,1,1,13,17,1,afternoon,0
2023-01-17 14:00:00,192.168.1.4,192.168.1.103,681,UDP,817,dos,1,1,14,17,1,afternoon,0
2023-01-17 15:00:00,192.168.1.1,192.168.1.100,4664,UDP,156,dos,1,1,15,17,1,afternoon,0
2023-01-17 16:00:00,192.168.1.4,172.16.0.102,8523,ICMP,149,malware,1,1,16,17,1,afternoon,0
2023-01-17 17:00:00,192.168.1.4,172.16.0.102,2940,TCP,1131,malware,1,1,17,17,1,afternoon,0
2023-01-17 18:00:00,172.16.0.3,192.168.1.100,9294,ICMP,200,apt,1,1,18,17,1,afternoon,0
2023-01-17 19:00:00,192.168.1.1,10.0.0.101,8966,UDP,484,dos,1,1,19,17,1,afternoon,0
2023-01-17 20:00:00,192.168.1.4,10.0.0.101,6256,ICMP,137,malware,1,1,20,17,1,night,0
2023-01-17 21:00:00,192.168.1.4,192.168.1.103,6098,TCP,1243,dos,1,1,21,17,1,night,0
2023-01-17 22:00:00,10.0.0.2,10.0.0.101,372,ICMP,1342,malware,1,1,22,17,1,night,0
2023-01-17 23:00:00,192.168.1.4,192.168.1.100,9114,TCP,234,benign,1,1,23,17,1,night,0
2023-01-18 00:00:00,192.168.1.4,172.16.0.102,7025,ICMP,233,data injection,1,1,0,18,2,night,0
2023-01-18 01:00:00,10.0.0.2,10.0.0.101,178,TCP,935,benign,1,1,1,18,2,night,0
2023-01-18 02:00:00,172.16.0.3,192.168.1.103,976,TCP,385,malware,1,1,2,18,2,night,0
2023-01-18 03:00:00,192.168.1.4,10.0.0.101,2091,UDP,519,data injection,1,1,3,18,2,night,0
2023-01-18 04:00:00,10.0.0.2,192.168.1.100,8615,TCP,1007,data injection,1,1,4,18,2,night,0
2023-01-18 05:00:00,192.168.1.1,192.168.1.103,9599,UDP,853,malware,1,1,5,18,2,night,0
2023-01-18 06:00:00,172.16.0.3,10.0.0.101,3473,UDP,676,malware,1,1,6,18,2,morning,0
2023-01-18 07:00:00,192.168.1.1,192.168.1.103,6695,UDP,1242,dos,1,1,7,18,2,morning,0
2023-01-18 08:00:00,192.168.1.1,192.168.1.100,975,ICMP,952,malware,1,1,8,18,2,morning,0
2023-01-18 09:00:00,10.0.0.2,172.16.0.102,6315,ICMP,412,apt,1,1,9,18,2,morning,0
2023-01-18 10:00:00,192.168.1.4,192.168.1.100,1732,ICMP,1260,malware,1,1,10,18,2,morning,0
2023-01-18 11:00:00,10.0.0.2,192.168.1.100,4723,ICMP,73,apt,1,1,11,18,2,morning,0
2023-01-18 12:00:00,10.0.0.2,192.168.1.100,6583,TCP,803,malware,1,1,12,18,2,afternoon,0
2023-01-18 13:00:00,10.0.0.2,192.168.1.100,9485,TCP,1352,dos,1,1,13,18,2,afternoon,0
2023-01-18 14:00:00,10.0.0.2,172.16.0.102,5651,ICMP,1334,apt,1,1,14,18,2,afternoon,0
2023-01-18 15:00:00,172.16.0.3,172.16.0.102,9653,TCP,730,benign,1,1,15,18,2,afternoon,0
2023-01-18 16:00:00,192.168.1.4,192.168.1.103,1414,TCP,609,apt,1,1,16,18,2,afternoon,0
2023-01-18 17:00:00,192.168.1.1,10.0.0.101,9481,UDP,192,dos,1,1,17,18,2,afternoon,0
2023-01-18 18:00:00,192.168.1.1,172.16.0.102,4752,UDP,664,apt,1,1,18,18,2,afternoon,0
2023-01-18 19:00:00,192.168.1.4,172.16.0.102,3734,UDP,668,malware,1,1,19,18,2,afternoon,0
2023-01-18 20:00:00,192.168.1.1,10.0.0.101,549,UDP,390,malware,1,1,20,18,2,night,0
2023-01-18 21:00:00,192.168.1.4,172.16.0.102,2978,TCP,1043,dos,1,1,21,18,2,night,0
2023-01-18 22:00:00,192.168.1.1,192.168.1.100,7924,ICMP,467,data injection,1,1,22,18,2,night,0
2023-01-18 23:00:00,10.0.0.2,192.168.1.100,3611,TCP,692,malware,1,1,23,18,2,night,0
2023-01-19 00:00:00,192.168.1.1,10.0.0.101,6915,TCP,1446,benign,1,1,0,19,3,night,0
2023-01-19 01:00:00,192.168.1.4,192.168.1.103,9151,TCP,781,dos,1,1,1,19,3,night,0
2023-01-19 02:00:00,192.168.1.4,192.168.1.103,545,UDP,1104,apt,1,1,2,19,3,night,0
2023-01-19 03:00:00,192.168.1.4,10.0.0.101,6497,UDP,337,apt,1,1,3,19,3,night,0
2023-01-19 04:00:00,192.168.1.4,10.0.0.101,21,UDP,748,benign,1,1,4,19,3,night,0
2023-01-19 05:00:00,192.168.1.4,192.168.1.100,394,ICMP,179,malware,1,1,5,19,3,night,0
2023-01-19 06:00:00,172.16.0.3,192.168.1.103,4668,TCP,924,dos,1,1,6,19,3,morning,0
2023-01-19 07:00:00,172.16.0.3,172.16.0.102,2385,ICMP,756,benign,1,1,7,19,3,morning,0
2023-01-19 08:00:00,192.168.1.1,192.168.1.100,1545,UDP,1178,malware,1,1,8,19,3,morning,0
2023-01-19 09:00:00,192.168.1.4,10.0.0.101,1666,ICMP,1169,dos,1,1,9,19,3,morning,0
2023-01-19 10:00:00,192.168.1.1,192.168.1.103,33,TCP,387,apt,1,1,10,19,3,morning,0
2023-01-19 11:00:00,192.168.1.4,172.16.0.102,4619,TCP,1024,dos,1,1,11,19,3,morning,0
2023-01-19 12:00:00,192.168.1.4,172.16.0.102,2298,UDP,177,data injection,1,1,12,19,3,afternoon,0
2023-01-19 13:00:00,172.16.0.3,192.168.1.100,3175,UDP,1145,dos,1,1,13,19,3,afternoon,0
2023-01-19 14:00:00,172.16.0.3,192.168.1.103,8341,ICMP,217,data injection,1,1,14,19,3,afternoon,0
2023-01-19 15:00:00,10.0.0.2,192.168.1.103,3834,UDP,1491,dos,1,1,15,19,3,afternoon,0
2023-01-19 16:00:00,172.16.0.3,10.0.0.101,3236,UDP,1353,data injection,1,1,16,19,3,afternoon,0
2023-01-19 17:00:00,10.0.0.2,192.168.1.103,8239,TCP,378,apt,1,1,17,19,3,afternoon,0
2023-01-19 18:00:00,10.0.0.2,192.168.1.103,2133,UDP,1128,malware,1,1,18,19,3,afternoon,0
2023-01-19 19:00:00,10.0.0.2,192.168.1.100,9464,UDP,168,data injection,1,1,19,19,3,afternoon,0
2023-01-19 20:00:00,10.0.0.2,192.168.1.103,4376,TCP,1280,data injection,1,1,20,19,3,night,0
2023-01-19 21:00:00,10.0.0.2,172.16.0.102,5563,TCP,1488,apt,1,1,21,19,3,night,0
2023-01-19 22:00:00,192.168.1.1,192.168.1.100,4575,ICMP,1365,data injection,1,1,22,19,3,night,0
2023-01-19 23:00:00,172.16.0.3,192.168.1.100,7082,UDP,417,benign,1,1,23,19,3,night,0
2023-01-20 00:00:00,10.0.0.2,10.0.0.101,3394,TCP,1079,apt,1,1,0,20,4,night,0
2023-01-20 01:00:00,192.168.1.4,192.168.1.103,6450,ICMP,796,benign,1,1,1,20,4,night,0
2023-01-20 02:00:00,172.16.0.3,10.0.0.101,3486,ICMP,772,apt,1,1,2,20,4,night,0
2023-01-20 03:00:00,172.16.0.3,172.16.0.102,3101,UDP,1343,data injection,1,1,3,20,4,night,0
2023-01-20 04:00:00,10.0.0.2,192.168.1.100,649,UDP,714,benign,1,1,4,20,4,night,0
2023-01-20 05:00:00,192.168.1.1,192.168.1.100,289,ICMP,887,data injection,1,1,5,20,4,night,0
2023-01-20 06:00:00,10.0.0.2,192.168.1.100,5744,TCP,1010,apt,1,1,6,20,4,morning,0
2023-01-20 07:00:00,192.168.1.1,172.16.0.102,5917,ICMP,724,data injection,1,1,7,20,4,morning,0
2023-01-20 08:00:00,192.168.1.4,172.16.0.102,3452,UDP,162,benign,1,1,8,20,4,morning,0
2023-01-20 09:00:00,172.16.0.3,10.0.0.101,9492,TCP,651,benign,1,1,9,20,4,morning,0
2023-01-20 10:00:00,192.168.1.4,10.0.0.101,6296,TCP,345,data injection,1,1,10,20,4,morning,0
2023-01-20 11:00:00,192.168.1.1,10.0.0.101,5915,ICMP,466,dos,1,1,11,20,4,morning,0
2023-01-20 12:00:00,192.168.1.1,192.168.1.103,7135,UDP,1196,apt,1,1,12,20,4,afternoon,0
2023-01-20 13:00:00,192.168.1.4,192.168.1.100,6676,ICMP,763,apt,1,1,13,20,4,afternoon,0
2023-01-20 14:00:00,192.168.1.1,192.168.1.100,595,ICMP,262,data injection,1,1,14,20,4,afternoon,0
2023-01-20 15:00:00,192.168.1.4,10.0.0.101,7049,ICMP,1390,dos,1,1,15,20,4,afternoon,0
2023-01-20 16:00:00,172.16.0.3,192.168.1.100,6119,TCP,390,benign,1,1,16,20,4,afternoon,0
2023-01-20 17:00:00,192.168.1.4,10.0.0.101,9519,TCP,217,malware,1,1,17,20,4,afternoon,0
2023-01-20 18:00:00,172.16.0.3,192.168.1.103,3212,UDP,615,malware,1,1,18,20,4,afternoon,0
2023-01-20 19:00:00,192.168.1.4,192.168.1.103,3198,UDP,468,data injection,1,1,19,20,4,afternoon,0
2023-01-20 20:00:00,192.168.1.1,172.16.0.102,6072,ICMP,525,dos,1,1,20,20,4,night,0
2023-01-20 21:00:00,192.168.1.4,192.168.1.103,2754,ICMP,195,dos,1,1,21,20,4,night,0
2023-01-20 22:00:00,192.168.1.1,10.0.0.101,6136,ICMP,854,apt,1,1,22,20,4,night,0
2023-01-20 23:00:00,192.168.1.4,192.168.1.103,3588,UDP,937,benign,1,1,23,20,4,night,0
2023-01-21 00:00:00,192.168.1.4,172.16.0.102,9867,TCP,147,dos,1,1,0,21,5,night,1
2023-01-21 01:00:00,10.0.0.2,192.168.1.100,9791,TCP,1486,malware,1,1,1,21,5,night,1
2023-01-21 02:00:00,192.168.1.1,10.0.0.101,2223,ICMP,817,benign,1,1,2,21,5,night,1
2023-01-21 03:00:00,10.0.0.2,192.168.1.100,1410,ICMP,691,benign,1,1,3,21,5,night,1
2023-01-21 04:00:00,192.168.1.1,172.16.0.102,1762,ICMP,1196,data injection,1,1,4,21,5,night,1
2023-01-21 05:00:00,10.0.0.2,172.16.0.102,1945,ICMP,284,dos,1,1,5,21,5,night,1
2023-01-21 06:00:00,172.16.0.3,172.16.0.102,639,UDP,616,data injection,1,1,6,21,5,morning,1
2023-01-21 07:00:00,192.168.1.4,192.168.1.100,1294,TCP,1455,dos,1,1,7,21,5,morning,1
2023-01-21 08:00:00,192.168.1.1,192.168.1.100,976,ICMP,1234,apt,1,1,8,21,5,morning,1
2023-01-21 09:00:00,192.168.1.1,192.168.1.100,1959,UDP,175,data injection,1,1,9,21,5,morning,1
2023-01-21 10:00:00,192.168.1.4,192.168.1.100,3973,ICMP,678,data injection,1,1,10,21,5,morning,1
2023-01-21 11:00:00,192.168.1.1,172.16.0.102,988,ICMP,987,malware,1,1,11,21,5,morning,1
2023-01-21 12:00:00,192.168.1.1,172.16.0.102,9528,TCP,538,data injection,1,1,12,21,5,afternoon,1
2023-01-21 13:00:00,10.0.0.2,10.0.0.101,9255,ICMP,899,dos,1,1,13,21,5,afternoon,1
2023-01-21 14:00:00,192.168.1.1,10.0.0.101,301,TCP,334,malware,1,1,14,21,5,afternoon,1
2023-01-21 15:00:00,172.16.0.3,192.168.1.100,6282,TCP,484,data injection,1,1,15,21,5,afternoon,1
2023-01-21 16:00:00,172.16.0.3,192.168.1.103,1078,TCP,770,data injection,1,1,16,21,5,afternoon,1
2023-01-21 17:00:00,192.168.1.4,192.168.1.103,4313,UDP,1454,apt,1,1,17,21,5,afternoon,1
2023-01-21 18:00:00,192.168.1.1,172.16.0.102,5198,UDP,1367,data injection,1,1,18,21,5,afternoon,1
2023-01-21 19:00:00,192.168.1.4,172.16.0.102,7000,TCP,1370,benign,1,1,19,21,5,afternoon,1
2023-01-21 20:00:00,172.16.0.3,172.16.0.102,9220,ICMP,103,malware,1,1,20,21,5,night,1
2023-01-21 21:00:00,192.168.1.1,10.0.0.101,1249,TCP,252,benign,1,1,21,21,5,night,1
2023-01-21 22:00:00,192.168.1.1,10.0.0.101,9247,ICMP,1251,malware,1,1,22,21,5,night,1
2023-01-21 23:00:00,192.168.1.4,172.16.0.102,4605,TCP,1057,apt,1,1,23,21,5,night,1
2023-01-22 00:00:00,172.16.0.3,172.16.0.102,8487,ICMP,599,data injection,1,1,0,22,6,night,1
2023-01-22 01:00:00,192.168.1.1,172.16.0.102,2760,UDP,1091,data injection,1,1,1,22,6,night,1
2023-01-22 02:00:00,192.168.1.4,192.168.1.103,2309,ICMP,353,data injection,1,1,2,22,6,night,1
2023-01-22 03:00:00,172.16.0.3,10.0.0.101,1259,TCP,496,malware,1,1,3,22,6,night,1
2023-01-22 04:00:00,192.168.1.4,192.168.1.103,5390,UDP,534,data injection,1,1,4,22,6,night,1
2023-01-22 05:00:00,10.0.0.2,192.168.1.103,145,ICMP,1268,benign,1,1,5,22,6,night,1
2023-01-22 06:00:00,192.168.1.1,172.16.0.102,7493,ICMP,1335,data injection,1,1,6,22,6,morning,1
2023-01-22 07:00:00,10.0.0.2,172.16.0.102,9420,ICMP,691,apt,1,1,7,22,6,morning,1
2023-01-22 08:00:00,172.16.0.3,192.168.1.100,5362,ICMP,342,benign,1,1,8,22,6,morning,1
2023-01-22 09:00:00,10.0.0.2,192.168.1.100,7371,ICMP,940,data injection,1,1,9,22,6,morning,1
2023-01-22 10:00:00,10.0.0.2,192.168.1.103,6658,UDP,644,data injection,1,1,10,22,6,morning,1
2023-01-22 11:00:00,172.16.0.3,10.0.0.101,6590,UDP,926,dos,1,1,11,22,6,morning,1
2023-01-22 12:00:00,192.168.1.4,172.16.0.102,3269,UDP,317,malware,1,1,12,22,6,afternoon,1
2023-01-22 13:00:00,10.0.0.2,172.16.0.102,9130,UDP,244,benign,1,1,13,22,6,afternoon,1
2023-01-22 14:00:00,192.168.1.4,192.168.1.103,7615,TCP,744,dos,1,1,14,22,6,afternoon,1
2023-01-22 15:00:00,10.0.0.2,192.168.1.100,6314,UDP,888,apt,1,1,15,22,6,afternoon,1
2023-01-22 16:00:00,192.168.1.4,10.0.0.101,6547,ICMP,763,malware,1,1,16,22,6,afternoon,1
2023-01-22 17:00:00,172.16.0.3,192.168.1.100,5777,ICMP,629,benign,1,1,17,22,6,afternoon,1
2023-01-22 18:00:00,10.0.0.2,192.168.1.100,1989,UDP,1413,data injection,1,1,18,22,6,afternoon,1
2023-01-22 19:00:00,172.16.0.3,192.168.1.100,911,ICMP,1444,benign,1,1,19,22,6,afternoon,1
2023-01-22 20:00:00,10.0.0.2,192.168.1.100,4490,UDP,743,data injection,1,1,20,22,6,night,1
2023-01-22 21:00:00,172.16.0.3,172.16.0.102,7195,ICMP,454,malware,1,1,21,22,6,night,1
2023-01-22 22:00:00,172.16.0.3,172.16.0.102,9576,TCP,1172,data injection,1,1,22,22,6,night,1
2023-01-22 23:00:00,10.0.0.2,192.168.1.100,8340,TCP,1404,apt,1,1,23,22,6,night,1
2023-01-23 00:00:00,10.0.0.2,10.0.0.101,9226,UDP,275,data injection,1,1,0,23,0,night,0
2023-01-23 01:00:00,10.0.0.2,192.168.1.103,6832,UDP,447,apt,1,1,1,23,0,night,0
2023-01-23 02:00:00,192.168.1.1,10.0.0.101,7539,UDP,405,malware,1,1,2,23,0,night,0
2023-01-23 03:00:00,192.168.1.4,10.0.0.101,4632,ICMP,907,malware,1,1,3,23,0,night,0
2023-01-23 04:00:00,192.168.1.1,10.0.0.101,9730,UDP,1125,benign,1,1,4,23,0,night,0
2023-01-23 05:00:00,192.168.1.1,192.168.1.100,1218,TCP,483,apt,1,1,5,23,0,night,0
2023-01-23 06:00:00,172.16.0.3,172.16.0.102,5258,ICMP,814,apt,1,1,6,23,0,morning,0
2023-01-23 07:00:00,10.0.0.2,10.0.0.101,6109,UDP,1256,dos,1,1,7,23,0,morning,0
2023-01-23 08:00:00,192.168.1.4,192.168.1.100,6277,ICMP,1430,dos,1,1,8,23,0,morning,0
2023-01-23 09:00:00,172.16.0.3,10.0.0.101,7725,ICMP,369,dos,1,1,9,23,0,morning,0
2023-01-23 10:00:00,192.168.1.1,10.0.0.101,3739,UDP,765,data injection,1,1,10,23,0,morning,0
2023-01-23 11:00:00,10.0.0.2,192.168.1.100,322,ICMP,932,dos,1,1,11,23,0,morning,0
2023-01-23 12:00:00,172.16.0.3,172.16.0.102,1006,TCP,600,apt,1,1,12,23,0,afternoon,0
2023-01-23 13:00:00,10.0.0.2,172.16.0.102,4460,TCP,1199,data injection,1,1,13,23,0,afternoon,0
2023-01-23 14:00:00,172.16.0.3,192.168.1.103,4929,ICMP,1498,malware,1,1,14,23,0,afternoon,0
2023-01-23 15:00:00,10.0.0.2,192.168.1.100,3092,UDP,269,benign,1,1,15,23,0,afternoon,0
2023-01-23 16:00:00,192.168.1.1,192.168.1.103,3144,ICMP,1272,dos,1,1,16,23,0,afternoon,0
2023-01-23 17:00:00,192.168.1.4,192.168.1.103,9539,TCP,1469,malware,1,1,17,23,0,afternoon,0
2023-01-23 18:00:00,192.168.1.1,192.168.1.103,8145,ICMP,559,apt,1,1,18,23,0,afternoon,0
2023-01-23 19:00:00,192.168.1.4,172.16.0.102,3311,ICMP,1466,benign,1,1,19,23,0,afternoon,0
2023-01-23 20:00:00,10.0.0.2,192.168.1.100,4053,TCP,1134,malware,1,1,20,23,0,night,0
2023-01-23 21:00:00,172.16.0.3,192.168.1.103,5125,ICMP,567,benign,1,1,21,23,0,night,0
2023-01-23 22:00:00,192.168.1.1,192.168.1.100,723,ICMP,1109,dos,1,1,22,23,0,night,0
2023-01-23 23:00:00,192.168.1.4,192.168.1.100,8153,UDP,276,apt,1,1,23,23,0,night,0
2023-01-24 00:00:00,192.168.1.1,172.16.0.102,594,UDP,373,benign,1,1,0,24,1,night,0
2023-01-24 01:00:00,192.168.1.4,192.168.1.103,5724,TCP,724,malware,1,1,1,24,1,night,0
2023-01-24 02:00:00,192.168.1.1,192.168.1.103,7868,TCP,816,dos,1,1,2,24,1,night,0
2023-01-24 03:00:00,192.168.1.4,192.168.1.100,5228,TCP,335,dos,1,1,3,24,1,night,0
2023-01-24 04:00:00,192.168.1.4,10.0.0.101,6944,UDP,1001,malware,1,1,4,24,1,night,0
2023-01-24 05:00:00,10.0.0.2,172.16.0.102,3848,TCP,1289,malware,1,1,5,24,1,night,0
2023-01-24 06:00:00,192.168.1.4,172.16.0.102,3250,TCP,95,benign,1,1,6,24,1,morning,0
2023-01-24 07:00:00,10.0.0.2,172.16.0.102,508,TCP,506,data injection,1,1,7,24,1,morning,0
2023-01-24 08:00:00,192.168.1.4,172.16.0.102,7134,UDP,225,dos,1,1,8,24,1,morning,0
2023-01-24 09:00:00,172.16.0.3,192.168.1.103,9559,ICMP,830,benign,1,1,9,24,1,morning,0
2023-01-24 10:00:00,172.16.0.3,192.168.1.103,3193,TCP,317,malware,1,1,10,24,1,morning,0
2023-01-24 11:00:00,172.16.0.3,10.0.0.101,1687,ICMP,584,benign,1,1,11,24,1,morning,0
2023-01-24 12:00:00,192.168.1.4,172.16.0.102,9849,TCP,1040,malware,1,1,12,24,1,afternoon,0
2023-01-24 13:00:00,10.0.0.2,172.16.0.102,4134,ICMP,73,apt,1,1,13,24,1,afternoon,0
2023-01-24 14:00:00,10.0.0.2,192.168.1.100,3573,UDP,789,malware,1,1,14,24,1,afternoon,0
2023-01-24 15:00:00,192.168.1.4,192.168.1.103,7781,UDP,568,malware,1,1,15,24,1,afternoon,0
2023-01-24 16:00:00,172.16.0.3,172.16.0.102,1020,TCP,848,malware,1,1,16,24,1,afternoon,0
2023-01-24 17:00:00,172.16.0.3,10.0.0.101,9062,ICMP,499,data injection,1,1,17,24,1,afternoon,0
2023-01-24 18:00:00,10.0.0.2,10.0.0.101,1408,UDP,1198,malware,1,1,18,24,1,afternoon,0
2023-01-24 19:00:00,172.16.0.3,192.168.1.103,5470,TCP,216,dos,1,1,19,24,1,afternoon,0
2023-01-24 20:00:00,192.168.1.1,10.0.0.101,3732,TCP,980,dos,1,1,20,24,1,night,0
2023-01-24 21:00:00,10.0.0.2,10.0.0.101,1387,UDP,932,benign,1,1,21,24,1,night,0
2023-01-24 22:00:00,172.16.0.3,192.168.1.103,8209,UDP,1189,data injection,1,1,22,24,1,night,0
2023-01-24 23:00:00,10.0.0.2,172.16.0.102,9033,TCP,816,benign,1,1,23,24,1,night,0
2023-01-25 00:00:00,192.168.1.1,172.16.0.102,474,ICMP,1278,dos,1,1,0,25,2,night,0
2023-01-25 01:00:00,10.0.0.2,10.0.0.101,9836,ICMP,626,dos,1,1,1,25,2,night,0
2023-01-25 02:00:00,10.0.0.2,10.0.0.101,2792,ICMP,1168,apt,1,1,2,25,2,night,0
2023-01-25 03:00:00,10.0.0.2,172.16.0.102,3746,TCP,552,malware,1,1,3,25,2,night,0
2023-01-25 04:00:00,10.0.0.2,192.168.1.103,7252,UDP,958,dos,1,1,4,25,2,night,0
2023-01-25 05:00:00,192.168.1.1,10.0.0.101,4826,TCP,1175,benign,1,1,5,25,2,night,0
2023-01-25 06:00:00,192.168.1.4,192.168.1.100,2210,UDP,1281,benign,1,1,6,25,2,morning,0
2023-01-25 07:00:00,10.0.0.2,192.168.1.103,9128,ICMP,167,malware,1,1,7,25,2,morning,0
2023-01-25 08:00:00,10.0.0.2,10.0.0.101,2895,ICMP,1183,malware,1,1,8,25,2,morning,0
2023-01-25 09:00:00,172.16.0.3,10.0.0.101,5612,UDP,1285,apt,1,1,9,25,2,morning,0
2023-01-25 10:00:00,10.0.0.2,192.168.1.100,1460,UDP,1088,data injection,1,1,10,25,2,morning,0
2023-01-25 11:00:00,172.16.0.3,192.168.1.100,8947,TCP,1070,benign,1,1,11,25,2,morning,0
2023-01-25 12:00:00,192.168.1.4,172.16.0.102,6079,ICMP,470,malware,1,1,12,25,2,afternoon,0
2023-01-25 13:00:00,192.168.1.1,192.168.1.103,7030,TCP,1465,benign,1,1,13,25,2,afternoon,0
2023-01-25 14:00:00,192.168.1.1,192.168.1.103,7137,TCP,230,malware,1,1,14,25,2,afternoon,0
2023-01-25 15:00:00,192.168.1.4,172.16.0.102,9173,TCP,572,dos,1,1,15,25,2,afternoon,0
2023-01-25 16:00:00,192.168.1.1,192.168.1.103,3009,ICMP,376,benign,1,1,16,25,2,afternoon,0
2023-01-25 17:00:00,192.168.1.4,192.168.1.103,9238,TCP,826,dos,1,1,17,25,2,afternoon,0
2023-01-25 18:00:00,192.168.1.4,192.168.1.103,6248,TCP,744,benign,1,1,18,25,2,afternoon,0
2023-01-25 19:00:00,192.168.1.4,192.168.1.103,6491,TCP,540,data injection,1,1,19,25,2,afternoon,0
2023-01-25 20:00:00,192.168.1.1,192.168.1.103,2883,TCP,136,apt,1,1,20,25,2,night,0
2023-01-25 21:00:00,172.16.0.3,192.168.1.100,1197,TCP,1228,dos,1,1,21,25,2,night,0
2023-01-25 22:00:00,192.168.1.4,192.168.1.103,4780,TCP,645,malware,1,1,22,25,2,night,0
2023-01-25 23:00:00,10.0.0.2,192.168.1.100,31,ICMP,325,data injection,1,1,23,25,2,night,0
2023-01-26 00:00:00,192.168.1.1,192.168.1.103,5272,TCP,1427,benign,1,1,0,26,3,night,0
2023-01-26 01:00:00,192.168.1.4,172.16.0.102,4419,UDP,1395,dos,1,1,1,26,3,night,0
2023-01-26 02:00:00,192.168.1.4,10.0.0.101,8254,TCP,308,benign,1,1,2,26,3,night,0
2023-01-26 03:00:00,10.0.0.2,192.168.1.100,9155,TCP,1424,benign,1,1,3,26,3,night,0
2023-01-26 04:00:00,172.16.0.3,192.168.1.103,5465,ICMP,624,benign,1,1,4,26,3,night,0
2023-01-26 05:00:00,172.16.0.3,172.16.0.102,6590,ICMP,1163,apt,1,1,5,26,3,night,0
2023-01-26 06:00:00,172.16.0.3,10.0.0.101,9216,UDP,238,apt,1,1,6,26,3,morning,0
2023-01-26 07:00:00,192.168.1.4,192.168.1.100,8232,UDP,172,malware,1,1,7,26,3,morning,0
2023-01-26 08:00:00,192.168.1.4,10.0.0.101,426,ICMP,246,dos,1,1,8,26,3,morning,0
2023-01-26 09:00:00,192.168.1.4,172.16.0.102,9226,ICMP,255,data injection,1,1,9,26,3,morning,0
2023-01-26 10:00:00,192.168.1.1,192.168.1.100,4451,TCP,128,data injection,1,1,10,26,3,morning,0
2023-01-26 11:00:00,10.0.0.2,10.0.0.101,5263,ICMP,1026,data injection,1,1,11,26,3,morning,0
2023-01-26 12:00:00,192.168.1.4,192.168.1.103,6562,UDP,1187,benign,1,1,12,26,3,afternoon,0
2023-01-26 13:00:00,10.0.0.2,192.168.1.100,6956,TCP,927,apt,1,1,13,26,3,afternoon,0
2023-01-26 14:00:00,10.0.0.2,10.0.0.101,8926,UDP,1215,dos,1,1,14,26,3,afternoon,0
2023-01-26 15:00:00,172.16.0.3,172.16.0.102,4166,TCP,432,benign,1,1,15,26,3,afternoon,0
2023-01-26 16:00:00,192.168.1.1,172.16.0.102,160,ICMP,914,apt,1,1,16,26,3,afternoon,0
2023-01-26 17:00:00,192.168.1.4,192.168.1.100,4902,UDP,106,apt,1,1,17,26,3,afternoon,0
2023-01-26 18:00:00,172.16.0.3,10.0.0.101,6032,TCP,551,dos,1,1,18,26,3,afternoon,0
2023-01-26 19:00:00,172.16.0.3,192.168.1.100,983,TCP,141,dos,1,1,19,26,3,afternoon,0
2023-01-26 20:00:00,192.168.1.4,192.168.1.100,7171,ICMP,889,dos,1,1,20,26,3,night,0
2023-01-26 21:00:00,10.0.0.2,10.0.0.101,8584,ICMP,1357,benign,1,1,21,26,3,night,0
2023-01-26 22:00:00,172.16.0.3,10.0.0.101,3630,ICMP,737,malware,1,1,22,26,3,night,0
2023-01-26 23:00:00,10.0.0.2,192.168.1.103,9904,UDP,764,dos,1,1,23,26,3,night,0
2023-01-27 00:00:00,192.168.1.1,10.0.0.101,6914,TCP,822,malware,1,1,0,27,4,night,0
2023-01-27 01:00:00,10.0.0.2,172.16.0.102,7331,ICMP,791,benign,1,1,1,27,4,night,0
2023-01-27 02:00:00,192.168.1.1,192.168.1.100,125,UDP,1402,malware,1,1,2,27,4,night,0
2023-01-27 03:00:00,10.0.0.2,192.168.1.100,5559,UDP,988,data injection,1,1,3,27,4,night,0
2023-01-27 04:00:00,172.16.0.3,172.16.0.102,9893,UDP,965,malware,1,1,4,27,4,night,0
2023-01-27 05:00:00,172.16.0.3,10.0.0.101,6807,ICMP,952,dos,1,1,5,27,4,night,0
2023-01-27 06:00:00,192.168.1.1,172.16.0.102,2157,ICMP,1056,benign,1,1,6,27,4,morning,0
2023-01-27 07:00:00,192.168.1.4,172.16.0.102,4465,TCP,1255,dos,1,1,7,27,4,morning,0
2023-01-27 08:00:00,192.168.1.1,192.168.1.103,3550,TCP,402,data injection,1,1,8,27,4,morning,0
2023-01-27 09:00:00,192.168.1.1,172.16.0.102,1306,ICMP,256,dos,1,1,9,27,4,morning,0
2023-01-27 10:00:00,10.0.0.2,192.168.1.100,7072,UDP,346,dos,1,1,10,27,4,morning,0
2023-01-27 11:00:00,10.0.0.2,172.16.0.102,3674,UDP,1423,dos,1,1,11,27,4,morning,0
2023-01-27 12:00:00,192.168.1.1,192.168.1.100,7122,UDP,453,apt,1,1,12,27,4,afternoon,0
2023-01-27 13:00:00,172.16.0.3,192.168.1.100,2379,TCP,1063,data injection,1,1,13,27,4,afternoon,0
2023-01-27 14:00:00,10.0.0.2,192.168.1.100,8125,UDP,588,dos,1,1,14,27,4,afternoon,0
2023-01-27 15:00:00,192.168.1.4,10.0.0.101,8656,TCP,1327,dos,1,1,15,27,4,afternoon,0
2023-01-27 16:00:00,10.0.0.2,192.168.1.103,6461,TCP,722,dos,1,1,16,27,4,afternoon,0
2023-01-27 17:00:00,10.0.0.2,192.168.1.100,5067,UDP,779,benign,1,1,17,27,4,afternoon,0
2023-01-27 18:00:00,192.168.1.4,192.168.1.100,8247,UDP,954,apt,1,1,18,27,4,afternoon,0
2023-01-27 19:00:00,192.168.1.1,10.0.0.101,5223,ICMP,1176,benign,1,1,19,27,4,afternoon,0
2023-01-27 20:00:00,192.168.1.4,192.168.1.100,9687,ICMP,1182,apt,1,1,20,27,4,night,0
2023-01-27 21:00:00,192.168.1.1,172.16.0.102,1818,UDP,515,dos,1,1,21,27,4,night,0
2023-01-27 22:00:00,192.168.1.1,172.16.0.102,9620,TCP,491,data injection,1,1,22,27,4,night,0
2023-01-27 23:00:00,192.168.1.1,192.168.1.103,5311,TCP,1238,malware,1,1,23,27,4,night,0
2023-01-28 00:00:00,192.168.1.4,192.168.1.100,5515,TCP,1463,malware,1,1,0,28,5,night,1
2023-01-28 01:00:00,192.168.1.1,10.0.0.101,9920,TCP,1109,dos,1,1,1,28,5,night,1
2023-01-28 02:00:00,172.16.0.3,172.16.0.102,6304,TCP,946,benign,1,1,2,28,5,night,1
2023-01-28 03:00:00,192.168.1.4,10.0.0.101,7305,ICMP,376,data injection,1,1,3,28,5,night,1
2023-01-28 04:00:00,172.16.0.3,10.0.0.101,1320,UDP,903,apt,1,1,4,28,5,night,1
2023-01-28 05:00:00,192.168.1.1,172.16.0.102,6889,ICMP,582,dos,1,1,5,28,5,night,1
2023-01-28 06:00:00,10.0.0.2,10.0.0.101,9455,TCP,1293,data injection,1,1,6,28,5,morning,1
2023-01-28 07:00:00,192.168.1.1,172.16.0.102,3117,TCP,438,data injection,1,1,7,28,5,morning,1
2023-01-28 08:00:00,172.16.0.3,10.0.0.101,4636,TCP,514,apt,1,1,8,28,5,morning,1
2023-01-28 09:00:00,172.16.0.3,172.16.0.102,29,TCP,1078,data injection,1,1,9,28,5,morning,1
2023-01-28 10:00:00,192.168.1.4,192.168.1.100,5772,UDP,658,benign,1,1,10,28,5,morning,1
2023-01-28 11:00:00,10.0.0.2,192.168.1.103,9872,TCP,1266,benign,1,1,11,28,5,morning,1
2023-01-28 12:00:00,192.168.1.4,172.16.0.102,6315,UDP,1297,benign,1,1,12,28,5,afternoon,1
2023-01-28 13:00:00,172.16.0.3,172.16.0.102,4835,TCP,563,data injection,1,1,13,28,5,afternoon,1
2023-01-28 14:00:00,192.168.1.1,192.168.1.103,1092,UDP,527,benign,1,1,14,28,5,afternoon,1
2023-01-28 15:00:00,10.0.0.2,172.16.0.102,3245,ICMP,1211,apt,1,1,15,28,5,afternoon,1
2023-01-28 16:00:00,192.168.1.1,172.16.0.102,1336,TCP,176,data injection,1,1,16,28,5,afternoon,1
2023-01-28 17:00:00,192.168.1.1,10.0.0.101,5719,UDP,1099,malware,1,1,17,28,5,afternoon,1
2023-01-28 18:00:00,10.0.0.2,192.168.1.103,6827,ICMP,1213,data injection,1,1,18,28,5,afternoon,1
2023-01-28 19:00:00,192.168.1.4,192.168.1.100,6694,TCP,394,apt,1,1,19,28,5,afternoon,1
2023-01-28 20:00:00,192.168.1.1,172.16.0.102,3703,TCP,1370,malware,1,1,20,28,5,night,1
2023-01-28 21:00:00,172.16.0.3,192.168.1.103,7247,TCP,203,data injection,1,1,21,28,5,night,1
2023-01-28 22:00:00,192.168.1.1,10.0.0.101,3293,UDP,1488,benign,1,1,22,28,5,night,1
2023-01-28 23:00:00,10.0.0.2,192.168.1.100,7020,UDP,965,dos,1,1,23,28,5,night,1
2023-01-29 00:00:00,10.0.0.2,192.168.1.103,165,ICMP,1184,dos,1,1,0,29,6,night,1
2023-01-29 01:00:00,10.0.0.2,192.168.1.100,5030,UDP,580,benign,1,1,1,29,6,night,1
2023-01-29 02:00:00,192.168.1.4,192.168.1.100,3060,UDP,632,dos,1,1,2,29,6,night,1
2023-01-29 03:00:00,192.168.1.1,192.168.1.100,9674,TCP,909,dos,1,1,3,29,6,night,1
2023-01-29 04:00:00,192.168.1.4,172.16.0.102,9796,TCP,1156,benign,1,1,4,29,6,night,1
2023-01-29 05:00:00,192.168.1.4,172.16.0.102,502,TCP,181,benign,1,1,5,29,6,night,1
2023-01-29 06:00:00,10.0.0.2,10.0.0.101,3199,TCP,951,data injection,1,1,6,29,6,morning,1
2023-01-29 07:00:00,10.0.0.2,10.0.0.101,1269,TCP,1146,data injection,1,1,7,29,6,morning,1
2023-01-29 08:00:00,192.168.1.4,192.168.1.103,650,TCP,1120,benign,1,1,8,29,6,morning,1
2023-01-29 09:00:00,192.168.1.1,10.0.0.101,8873,TCP,1405,apt,1,1,9,29,6,morning,1
2023-01-29 10:00:00,172.16.0.3,192.168.1.100,2872,ICMP,113,dos,1,1,10,29,6,morning,1
2023-01-29 11:00:00,192.168.1.4,192.168.1.100,1007,ICMP,82,data injection,1,1,11,29,6,morning,1
2023-01-29 12:00:00,192.168.1.1,172.16.0.102,7642,ICMP,789,dos,1,1,12,29,6,afternoon,1
2023-01-29 13:00:00,10.0.0.2,192.168.1.100,7347,ICMP,260,malware,1,1,13,29,6,afternoon,1
2023-01-29 14:00:00,10.0.0.2,192.168.1.103,9758,TCP,622,benign,1,1,14,29,6,afternoon,1
2023-01-29 15:00:00,192.168.1.1,192.168.1.100,8861,ICMP,515,apt,1,1,15,29,6,afternoon,1
2023-01-29 16:00:00,172.16.0.3,192.168.1.100,9180,TCP,352,malware,1,1,16,29,6,afternoon,1
2023-01-29 17:00:00,10.0.0.2,192.168.1.103,1120,ICMP,1228,malware,1,1,17,29,6,afternoon,1
2023-01-29 18:00:00,10.0.0.2,10.0.0.101,6672,UDP,1171,malware,1,1,18,29,6,afternoon,1
2023-01-29 19:00:00,10.0.0.2,10.0.0.101,8652,ICMP,454,benign,1,1,19,29,6,afternoon,1
2023-01-29 20:00:00,192.168.1.1,192.168.1.103,7441,ICMP,278,data injection,1,1,20,29,6,night,1
2023-01-29 21:00:00,192.168.1.4,172.16.0.102,5036,TCP,278,benign,1,1,21,29,6,night,1
2023-01-29 22:00:00,10.0.0.2,192.168.1.100,789,ICMP,1490,data injection,1,1,22,29,6,night,1
2023-01-29 23:00:00,192.168.1.4,192.168.1.103,1363,UDP,191,malware,1,1,23,29,6,night,1
2023-01-30 00:00:00,172.16.0.3,192.168.1.100,4378,TCP,823,malware,1,1,0,30,0,night,0
2023-01-30 01:00:00,10.0.0.2,172.16.0.102,9789,TCP,467,apt,1,1,1,30,0,night,0
2023-01-30 02:00:00,10.0.0.2,192.168.1.100,6800,ICMP,1116,data injection,1,1,2,30,0,night,0
2023-01-30 03:00:00,172.16.0.3,192.168.1.103,6622,TCP,401,malware,1,1,3,30,0,night,0
2023-01-30 04:00:00,10.0.0.2,192.168.1.100,2369,TCP,894,dos,1,1,4,30,0,night,0
2023-01-30 05:00:00,192.168.1.4,10.0.0.101,5719,TCP,777,apt,1,1,5,30,0,night,0
2023-01-30 06:00:00,192.168.1.1,172.16.0.102,1261,TCP,424,benign,1,1,6,30,0,morning,0
2023-01-30 07:00:00,192.168.1.4,172.16.0.102,1145,TCP,632,apt,1,1,7,30,0,morning,0
2023-01-30 08:00:00,192.168.1.1,172.16.0.102,9402,TCP,1479,dos,1,1,8,30,0,morning,0
2023-01-30 09:00:00,192.168.1.1,192.168.1.103,6784,UDP,281,data injection,1,1,9,30,0,morning,0
2023-01-30 10:00:00,192.168.1.4,172.16.0.102,5121,ICMP,265,benign,1,1,10,30,0,morning,0
2023-01-30 11:00:00,192.168.1.4,10.0.0.101,7863,UDP,80,benign,1,1,11,30,0,morning,0
2023-01-30 12:00:00,192.168.1.4,192.168.1.103,92,TCP,385,data injection,1,1,12,30,0,afternoon,0
2023-01-30 13:00:00,192.168.1.4,10.0.0.101,5492,TCP,581,apt,1,1,13,30,0,afternoon,0
2023-01-30 14:00:00,172.16.0.3,192.168.1.100,5209,ICMP,1412,malware,1,1,14,30,0,afternoon,0
2023-01-30 15:00:00,10.0.0.2,192.168.1.100,2492,UDP,1499,apt,1,1,15,30,0,afternoon,0
2023-01-30 16:00:00,192.168.1.1,192.168.1.100,727,ICMP,1405,dos,1,1,16,30,0,afternoon,0
2023-01-30 17:00:00,192.168.1.4,192.168.1.100,1824,UDP,744,malware,1,1,17,30,0,afternoon,0
2023-01-30 18:00:00,192.168.1.4,10.0.0.101,6724,TCP,1169,apt,1,1,18,30,0,afternoon,0
2023-01-30 19:00:00,192.168.1.4,192.168.1.103,3733,ICMP,488,data injection,1,1,19,30,0,afternoon,0
2023-01-30 20:00:00,172.16.0.3,192.168.1.103,5071,ICMP,1291,dos,1,1,20,30,0,night,0
2023-01-30 21:00:00,192.168.1.4,172.16.0.102,2495,TCP,1082,dos,1,1,21,30,0,night,0
2023-01-30 22:00:00,192.168.1.4,10.0.0.101,3630,ICMP,450,dos,1,1,22,30,0,night,0
2023-01-30 23:00:00,192.168.1.4,192.168.1.100,4275,UDP,841,malware,1,1,23,30,0,night,0
2023-01-31 00:00:00,10.0.0.2,10.0.0.101,7417,UDP,161,benign,1,1,0,31,1,night,0
2023-01-31 01:00:00,172.16.0.3,172.16.0.102,1755,UDP,1432,malware,1,1,1,31,1,night,0
2023-01-31 02:00:00,192.168.1.4,172.16.0.102,9797,UDP,271,apt,1,1,2,31,1,night,0
2023-01-31 03:00:00,192.168.1.1,10.0.0.101,8278,TCP,649,benign,1,1,3,31,1,night,0
2023-01-31 04:00:00,192.168.1.1,10.0.0.101,7999,ICMP,229,apt,1,1,4,31,1,night,0
2023-01-31 05:00:00,192.168.1.1,10.0.0.101,2448,UDP,85,benign,1,1,5,31,1,night,0
2023-01-31 06:00:00,172.16.0.3,192.168.1.103,7446,TCP,217,malware,1,1,6,31,1,morning,0
2023-01-31 07:00:00,172.16.0.3,192.168.1.100,8553,ICMP,1382,dos,1,1,7,31,1,morning,0
2023-01-31 08:00:00,192.168.1.1,10.0.0.101,5269,ICMP,282,data injection,1,1,8,31,1,morning,0
2023-01-31 09:00:00,192.168.1.4,10.0.0.101,5311,TCP,732,dos,1,1,9,31,1,morning,0
2023-01-31 10:00:00,172.16.0.3,10.0.0.101,2837,TCP,293,malware,1,1,10,31,1,morning,0
2023-01-31 11:00:00,192.168.1.1,172.16.0.102,9444,UDP,83,benign,1,1,11,31,1,morning,0
2023-01-31 12:00:00,192.168.1.1,172.16.0.102,3894,ICMP,616,dos,1,1,12,31,1,afternoon,0
2023-01-31 13:00:00,192.168.1.4,192.168.1.103,9706,ICMP,1013,malware,1,1,13,31,1,afternoon,0
2023-01-31 14:00:00,10.0.0.2,192.168.1.100,4231,TCP,211,apt,1,1,14,31,1,afternoon,0
2023-01-31 15:00:00,172.16.0.3,192.168.1.103,681,ICMP,1195,data injection,1,1,15,31,1,afternoon,0
2023-01-31 16:00:00,192.168.1.4,192.168.1.100,3394,UDP,466,dos,1,1,16,31,1,afternoon,0
2023-01-31 17:00:00,192.168.1.1,172.16.0.102,9228,ICMP,659,benign,1,1,17,31,1,afternoon,0
2023-01-31 18:00:00,192.168.1.1,172.16.0.102,227,TCP,430,apt,1,1,18,31,1,afternoon,0
2023-01-31 19:00:00,192.168.1.4,172.16.0.102,2685,TCP,1396,malware,1,1,19,31,1,afternoon,0
2023-01-31 20:00:00,172.16.0.3,192.168.1.103,2513,UDP,865,data injection,1,1,20,31,1,night,0
2023-01-31 21:00:00,10.0.0.2,10.0.0.101,6833,UDP,981,benign,1,1,21,31,1,night,0
2023-01-31 22:00:00,10.0.0.2,10.0.0.101,652,ICMP,1221,malware,1,1,22,31,1,night,0
2023-01-31 23:00:00,192.168.1.1,172.16.0.102,3103,ICMP,1370,malware,1,1,23,31,1,night,0
2023-02-01 00:00:00,172.16.0.3,10.0.0.101,3739,TCP,136,dos,1,1,0,1,2,night,0
2023-02-01 01:00:00,10.0.0.2,10.0.0.101,7143,UDP,544,dos,1,1,1,1,2,night,0
2023-02-01 02:00:00,172.16.0.3,192.168.1.103,1699,UDP,1439,benign,1,1,2,1,2,night,0
2023-02-01 03:00:00,172.16.0.3,192.168.1.100,256,UDP,623,malware,1,1,3,1,2,night,0
2023-02-01 04:00:00,192.168.1.1,172.16.0.102,7466,ICMP,1413,dos,1,1,4,1,2,night,0
2023-02-01 05:00:00,10.0.0.2,172.16.0.102,4463,UDP,808,data injection,1,1,5,1,2,night,0
2023-02-01 06:00:00,192.168.1.4,192.168.1.103,6790,TCP,163,data injection,1,1,6,1,2,morning,0
2023-02-01 07:00:00,192.168.1.1,192.168.1.103,9752,TCP,1146,malware,1,1,7,1,2,morning,0
2023-02-01 08:00:00,10.0.0.2,10.0.0.101,6119,ICMP,571,dos,1,1,8,1,2,morning,0
2023-02-01 09:00:00,10.0.0.2,172.16.0.102,8575,ICMP,321,benign,1,1,9,1,2,morning,0
2023-02-01 10:00:00,10.0.0.2,192.168.1.100,2388,UDP,476,benign,1,1,10,1,2,morning,0
2023-02-01 11:00:00,10.0.0.2,192.168.1.103,305,ICMP,1152,benign,1,1,11,1,2,morning,0
2023-02-01 12:00:00,10.0.0.2,192.168.1.100,168,TCP,658,data injection,1,1,12,1,2,afternoon,0
2023-02-01 13:00:00,172.16.0.3,192.168.1.100,4057,UDP,1241,dos,1,1,13,1,2,afternoon,0
2023-02-01 14:00:00,192.168.1.1,172.16.0.102,6569,TCP,329,dos,1,1,14,1,2,afternoon,0
2023-02-01 15:00:00,172.16.0.3,172.16.0.102,7141,UDP,884,data injection,1,1,15,1,2,afternoon,0
2023-02-01 16:00:00,192.168.1.4,192.168.1.103,9978,ICMP,1166,benign,1,1,16,1,2,afternoon,0
2023-02-01 17:00:00,10.0.0.2,172.16.0.102,4915,UDP,1402,benign,1,1,17,1,2,afternoon,0
2023-02-01 18:00:00,192.168.1.1,172.16.0.102,5300,UDP,725,malware,1,1,18,1,2,afternoon,0
2023-02-01 19:00:00,10.0.0.2,172.16.0.102,1032,TCP,1010,apt,1,1,19,1,2,afternoon,0
2023-02-01 20:00:00,192.168.1.1,192.168.1.100,9735,TCP,623,dos,1,1,20,1,2,night,0
2023-02-01 21:00:00,172.16.0.3,192.168.1.103,2805,UDP,980,dos,1,1,21,1,2,night,0
2023-02-01 22:00:00,192.168.1.1,10.0.0.101,3745,ICMP,954,dos,1,1,22,1,2,night,0
2023-02-01 23:00:00,192.168.1.4,192.168.1.100,4596,ICMP,1335,apt,1,1,23,1,2,night,0
2023-02-02 00:00:00,192.168.1.4,172.16.0.102,5802,TCP,931,malware,1,1,0,2,3,night,0
2023-02-02 01:00:00,192.168.1.1,192.168.1.100,6277,ICMP,673,apt,1,1,1,2,3,night,0
2023-02-02 02:00:00,192.168.1.1,172.16.0.102,9813,TCP,477,benign,1,1,2,2,3,night,0
2023-02-02 03:00:00,192.168.1.1,172.16.0.102,2428,ICMP,88,benign,1,1,3,2,3,night,0
2023-02-02 04:00:00,192.168.1.1,192.168.1.100,360,UDP,347,dos,1,1,4,2,3,night,0
2023-02-02 05:00:00,192.168.1.4,192.168.1.103,2837,TCP,944,data injection,1,1,5,2,3,night,0
2023-02-02 06:00:00,10.0.0.2,172.16.0.102,2516,TCP,364,dos,1,1,6,2,3,morning,0
2023-02-02 07:00:00,192.168.1.1,192.168.1.103,5982,UDP,1155,data injection,1,1,7,2,3,morning,0
2023-02-02 08:00:00,192.168.1.1,10.0.0.101,5319,TCP,1094,apt,1,1,8,2,3,morning,0
2023-02-02 09:00:00,192.168.1.4,172.16.0.102,9937,ICMP,880,benign,1,1,9,2,3,morning,0
2023-02-02 10:00:00,192.168.1.4,192.168.1.103,7594,ICMP,1224,data injection,1,1,10,2,3,morning,0
2023-02-02 11:00:00,172.16.0.3,192.168.1.103,1709,TCP,1251,apt,1,1,11,2,3,morning,0
2023-02-02 12:00:00,192.168.1.1,10.0.0.101,3287,ICMP,146,benign,1,1,12,2,3,afternoon,0
2023-02-02 13:00:00,172.16.0.3,192.168.1.103,4426,TCP,1160,data injection,1,1,13,2,3,afternoon,0
2023-02-02 14:00:00,192.168.1.4,192.168.1.103,8473,UDP,1324,dos,1,1,14,2,3,afternoon,0
2023-02-02 15:00:00,192.168.1.4,10.0.0.101,1462,TCP,109,dos,1,1,15,2,3,afternoon,0
2023-02-02 16:00:00,10.0.0.2,172.16.0.102,8617,UDP,681,dos,1,1,16,2,3,afternoon,0
2023-02-02 17:00:00,192.168.1.1,192.168.1.103,4457,ICMP,991,apt,1,1,17,2,3,afternoon,0
2023-02-02 18:00:00,172.16.0.3,192.168.1.103,5455,UDP,325,dos,1,1,18,2,3,afternoon,0
2023-02-02 19:00:00,192.168.1.4,192.168.1.103,8455,ICMP,239,malware,1,1,19,2,3,afternoon,0
2023-02-02 20:00:00,192.168.1.4,192.168.1.100,4127,TCP,1253,benign,1,1,20,2,3,night,0
2023-02-02 21:00:00,172.16.0.3,10.0.0.101,580,ICMP,720,apt,1,1,21,2,3,night,0
2023-02-02 22:00:00,10.0.0.2,192.168.1.100,8805,TCP,905,dos,1,1,22,2,3,night,0
2023-02-02 23:00:00,192.168.1.4,10.0.0.101,5568,TCP,433,benign,1,1,23,2,3,night,0
2023-02-03 00:00:00,192.168.1.1,172.16.0.102,1846,UDP,117,data injection,1,1,0,3,4,night,0
2023-02-03 01:00:00,192.168.1.4,172.16.0.102,7649,UDP,753,dos,1,1,1,3,4,night,0
2023-02-03 02:00:00,192.168.1.1,192.168.1.103,8345,UDP,1428,benign,1,1,2,3,4,night,0
2023-02-03 03:00:00,172.16.0.3,10.0.0.101,3158,UDP,1214,malware,1,1,3,3,4,night,0
2023-02-03 04:00:00,192.168.1.1,172.16.0.102,7713,ICMP,1496,data injection,1,1,4,3,4,night,0
2023-02-03 05:00:00,172.16.0.3,10.0.0.101,8284,ICMP,430,malware,1,1,5,3,4,night,0
2023-02-03 06:00:00,192.168.1.1,172.16.0.102,7862,ICMP,1358,benign,1,1,6,3,4,morning,0
2023-02-03 07:00:00,172.16.0.3,192.168.1.100,6741,TCP,707,malware,1,1,7,3,4,morning,0
2023-02-03 08:00:00,192.168.1.1,172.16.0.102,7022,ICMP,442,benign,1,1,8,3,4,morning,0
2023-02-03 09:00:00,10.0.0.2,192.168.1.100,4245,ICMP,136,benign,1,1,9,3,4,morning,0
2023-02-03 10:00:00,192.168.1.1,172.16.0.102,2998,ICMP,978,malware,1,1,10,3,4,morning,0
2023-02-03 11:00:00,192.168.1.1,192.168.1.103,7393,UDP,1335,benign,1,1,11,3,4,morning,0
2023-02-03 12:00:00,10.0.0.2,192.168.1.100,5927,ICMP,923,dos,1,1,12,3,4,afternoon,0
2023-02-03 13:00:00,192.168.1.4,172.16.0.102,6117,TCP,106,benign,1,1,13,3,4,afternoon,0
2023-02-03 14:00:00,192.168.1.4,192.168.1.103,5676,UDP,440,apt,1,1,14,3,4,afternoon,0
2023-02-03 15:00:00,192.168.1.1,192.168.1.100,9004,TCP,1128,benign,1,1,15,3,4,afternoon,0
2023-02-03 16:00:00,10.0.0.2,192.168.1.103,4279,ICMP,233,apt,1,1,16,3,4,afternoon,0
2023-02-03 17:00:00,192.168.1.1,10.0.0.101,8306,UDP,275,benign,1,1,17,3,4,afternoon,0
2023-02-03 18:00:00,172.16.0.3,10.0.0.101,5921,TCP,102,benign,1,1,18,3,4,afternoon,0
2023-02-03 19:00:00,172.16.0.3,192.168.1.100,9345,ICMP,432,malware,1,1,19,3,4,afternoon,0
2023-02-03 20:00:00,192.168.1.1,172.16.0.102,4937,TCP,820,dos,1,1,20,3,4,night,0
2023-02-03 21:00:00,192.168.1.4,192.168.1.100,8449,TCP,214,dos,1,1,21,3,4,night,0
2023-02-03 22:00:00,192.168.1.4,192.168.1.103,2550,TCP,1198,data injection,1,1,22,3,4,night,0
2023-02-03 23:00:00,192.168.1.1,172.16.0.102,1980,ICMP,1134,malware,1,1,23,3,4,night,0
2023-02-04 00:00:00,192.168.1.1,10.0.0.101,7065,ICMP,1087,malware,1,1,0,4,5,night,1
2023-02-04 01:00:00,172.16.0.3,172.16.0.102,1068,TCP,800,dos,1,1,1,4,5,night,1
2023-02-04 02:00:00,192.168.1.4,10.0.0.101,5792,UDP,1453,malware,1,1,2,4,5,night,1
2023-02-04 03:00:00,192.168.1.1,172.16.0.102,2549,UDP,132,dos,1,1,3,4,5,night,1
2023-02-04 04:00:00,172.16.0.3,172.16.0.102,2984,ICMP,362,malware,1,1,4,4,5,night,1
2023-02-04 05:00:00,192.168.1.4,172.16.0.102,7157,ICMP,1007,benign,1,1,5,4,5,night,1
2023-02-04 06:00:00,10.0.0.2,192.168.1.103,983,ICMP,865,dos,1,1,6,4,5,morning,1
2023-02-04 07:00:00,172.16.0.3,192.168.1.103,556,ICMP,359,dos,1,1,7,4,5,morning,1
2023-02-04 08:00:00,192.168.1.4,192.168.1.100,7360,ICMP,266,apt,1,1,8,4,5,morning,1
2023-02-04 09:00:00,192.168.1.4,192.168.1.100,7199,UDP,124,malware,1,1,9,4,5,morning,1
2023-02-04 10:00:00,172.16.0.3,10.0.0.101,7987,ICMP,1009,malware,1,1,10,4,5,morning,1
2023-02-04 11:00:00,10.0.0.2,192.168.1.103,8754,TCP,1026,dos,1,1,11,4,5,morning,1
2023-02-04 12:00:00,172.16.0.3,10.0.0.101,865,TCP,1401,benign,1,1,12,4,5,afternoon,1
2023-02-04 13:00:00,192.168.1.4,192.168.1.100,5797,UDP,1248,benign,1,1,13,4,5,afternoon,1
2023-02-04 14:00:00,192.168.1.1,10.0.0.101,3056,TCP,394,benign,1,1,14,4,5,afternoon,1
2023-02-04 15:00:00,192.168.1.1,192.168.1.100,5967,UDP,401,malware,1,1,15,4,5,afternoon,1
2023-02-04 16:00:00,172.16.0.3,192.168.1.103,2514,UDP,1391,apt,1,1,16,4,5,afternoon,1
2023-02-04 17:00:00,192.168.1.4,172.16.0.102,2739,TCP,1425,dos,1,1,17,4,5,afternoon,1
2023-02-04 18:00:00,192.168.1.1,192.168.1.103,1904,ICMP,702,data injection,1,1,18,4,5,afternoon,1
2023-02-04 19:00:00,192.168.1.4,10.0.0.101,4369,TCP,338,apt,1,1,19,4,5,afternoon,1
2023-02-04 20:00:00,172.16.0.3,10.0.0.101,5199,TCP,1251,data injection,1,1,20,4,5,night,1
2023-02-04 21:00:00,192.168.1.1,192.168.1.103,6630,UDP,382,apt,1,1,21,4,5,night,1
2023-02-04 22:00:00,192.168.1.4,192.168.1.103,6450,TCP,652,benign,1,1,22,4,5,night,1
2023-02-04 23:00:00,192.168.1.1,192.168.1.100,7174,UDP,567,malware,1,1,23,4,5,night,1
2023-02-05 00:00:00,172.16.0.3,10.0.0.101,6508,ICMP,450,data injection,1,1,0,5,6,night,1
2023-02-05 01:00:00,192.168.1.4,10.0.0.101,4757,ICMP,933,apt,1,1,1,5,6,night,1
2023-02-05 02:00:00,192.168.1.1,192.168.1.103,6545,ICMP,896,malware,1,1,2,5,6,night,1
2023-02-05 03:00:00,172.16.0.3,172.16.0.102,3870,TCP,1078,data injection,1,1,3,5,6,night,1
2023-02-05 04:00:00,192.168.1.1,10.0.0.101,709,UDP,666,dos,1,1,4,5,6,night,1
2023-02-05 05:00:00,192.168.1.1,172.16.0.102,5195,ICMP,754,apt,1,1,5,5,6,night,1
2023-02-05 06:00:00,10.0.0.2,192.168.1.103,8668,UDP,557,dos,1,1,6,5,6,morning,1
2023-02-05 07:00:00,10.0.0.2,192.168.1.103,5098,UDP,553,benign,1,1,7,5,6,morning,1
2023-02-05 08:00:00,172.16.0.3,192.168.1.100,5468,ICMP,784,dos,1,1,8,5,6,morning,1
2023-02-05 09:00:00,10.0.0.2,10.0.0.101,1199,ICMP,1160,dos,1,1,9,5,6,morning,1
2023-02-05 10:00:00,172.16.0.3,172.16.0.102,9094,UDP,572,apt,1,1,10,5,6,morning,1
2023-02-05 11:00:00,10.0.0.2,192.168.1.100,6426,ICMP,453,benign,1,1,11,5,6,morning,1
2023-02-05 12:00:00,192.168.1.1,10.0.0.101,8611,UDP,358,dos,1,1,12,5,6,afternoon,1
2023-02-05 13:00:00,172.16.0.3,192.168.1.100,6927,UDP,1456,malware,1,1,13,5,6,afternoon,1
2023-02-05 14:00:00,172.16.0.3,192.168.1.103,8820,ICMP,859,data injection,1,1,14,5,6,afternoon,1
2023-02-05 15:00:00,192.168.1.1,10.0.0.101,1658,TCP,928,dos,1,1,15,5,6,afternoon,1
2023-02-05 16:00:00,172.16.0.3,192.168.1.100,5691,ICMP,612,benign,1,1,16,5,6,afternoon,1
2023-02-05 17:00:00,172.16.0.3,192.168.1.100,6948,TCP,712,dos,1,1,17,5,6,afternoon,1
2023-02-05 18:00:00,10.0.0.2,172.16.0.102,1402,UDP,631,data injection,1,1,18,5,6,afternoon,1
2023-02-05 19:00:00,172.16.0.3,192.168.1.100,1423,UDP,1274,benign,1,1,19,5,6,afternoon,1
2023-02-05 20:00:00,192.168.1.4,10.0.0.101,9031,TCP,916,apt,1,1,20,5,6,night,1
2023-02-05 21:00:00,192.168.1.1,10.0.0.101,3312,UDP,833,benign,1,1,21,5,6,night,1
2023-02-05 22:00:00,10.0.0.2,172.16.0.102,9031,TCP,508,apt,1,1,22,5,6,night,1
2023-02-05 23:00:00,10.0.0.2,10.0.0.101,439,TCP,426,benign,1,1,23,5,6,night,1
2023-02-06 00:00:00,192.168.1.4,192.168.1.103,4537,UDP,186,data injection,1,1,0,6,0,night,0
2023-02-06 01:00:00,192.168.1.1,10.0.0.101,3322,TCP,1275,data injection,1,1,1,6,0,night,0
2023-02-06 02:00:00,192.168.1.1,10.0.0.101,7877,ICMP,805,benign,1,1,2,6,0,night,0
2023-02-06 03:00:00,10.0.0.2,192.168.1.100,9720,ICMP,743,dos,1,1,3,6,0,night,0
2023-02-06 04:00:00,172.16.0.3,192.168.1.100,7890,UDP,483,data injection,1,1,4,6,0,night,0
2023-02-06 05:00:00,10.0.0.2,10.0.0.101,5713,UDP,1339,apt,1,1,5,6,0,night,0
2023-02-06 06:00:00,192.168.1.1,172.16.0.102,787,TCP,1422,apt,1,1,6,6,0,morning,0
2023-02-06 07:00:00,192.168.1.4,192.168.1.100,2064,TCP,155,malware,1,1,7,6,0,morning,0
2023-02-06 08:00:00,10.0.0.2,172.16.0.102,1569,TCP,126,apt,1,1,8,6,0,morning,0
2023-02-06 09:00:00,192.168.1.1,10.0.0.101,9976,TCP,575,malware,1,1,9,6,0,morning,0
2023-02-06 10:00:00,10.0.0.2,10.0.0.101,6160,ICMP,1226,benign,1,1,10,6,0,morning,0
2023-02-06 11:00:00,172.16.0.3,192.168.1.103,3736,ICMP,1272,benign,1,1,11,6,0,morning,0
2023-02-06 12:00:00,10.0.0.2,192.168.1.100,4501,UDP,1292,benign,1,1,12,6,0,afternoon,0
2023-02-06 13:00:00,10.0.0.2,10.0.0.101,7918,TCP,835,dos,1,1,13,6,0,afternoon,0
2023-02-06 14:00:00,192.168.1.1,192.168.1.103,6568,TCP,1301,dos,1,1,14,6,0,afternoon,0
2023-02-06 15:00:00,192.168.1.1,192.168.1.100,2313,UDP,319,malware,1,1,15,6,0,afternoon,0
2023-02-06 16:00:00,192.168.1.1,10.0.0.101,4857,TCP,198,apt,1,1,16,6,0,afternoon,0
2023-02-06 17:00:00,10.0.0.2,10.0.0.101,7778,TCP,938,apt,1,1,17,6,0,afternoon,0
2023-02-06 18:00:00,172.16.0.3,192.168.1.100,6813,TCP,885,benign,1,1,18,6,0,afternoon,0
2023-02-06 19:00:00,192.168.1.4,192.168.1.100,7658,TCP,151,data injection,1,1,19,6,0,afternoon,0
2023-02-06 20:00:00,192.168.1.4,192.168.1.100,8013,TCP,1051,dos,1,1,20,6,0,night,0
2023-02-06 21:00:00,192.168.1.1,10.0.0.101,6027,UDP,1294,dos,1,1,21,6,0,night,0
2023-02-06 22:00:00,192.168.1.1,10.0.0.101,5562,TCP,1216,benign,1,1,22,6,0,night,0
2023-02-06 23:00:00,10.0.0.2,192.168.1.103,9112,UDP,886,dos,1,1,23,6,0,night,0
2023-02-07 00:00:00,192.168.1.4,172.16.0.102,6376,TCP,1090,benign,1,1,0,7,1,night,0
2023-02-07 01:00:00,192.168.1.1,192.168.1.100,8453,ICMP,1037,malware,1,1,1,7,1,night,0
2023-02-07 02:00:00,172.16.0.3,10.0.0.101,7400,ICMP,997,apt,1,1,2,7,1,night,0
2023-02-07 03:00:00,172.16.0.3,10.0.0.101,2405,ICMP,184,data injection,1,1,3,7,1,night,0
2023-02-07 04:00:00,192.168.1.1,192.168.1.100,4288,ICMP,1472,apt,1,1,4,7,1,night,0
2023-02-07 05:00:00,192.168.1.1,172.16.0.102,691,UDP,1125,apt,1,1,5,7,1,night,0
2023-02-07 06:00:00,192.168.1.4,192.168.1.100,183,UDP,1428,malware,1,1,6,7,1,morning,0
2023-02-07 07:00:00,192.168.1.4,172.16.0.102,8676,TCP,1071,dos,1,1,7,7,1,morning,0
2023-02-07 08:00:00,10.0.0.2,10.0.0.101,4612,ICMP,988,data injection,1,1,8,7,1,morning,0
2023-02-07 09:00:00,192.168.1.4,172.16.0.102,4815,UDP,708,dos,1,1,9,7,1,morning,0
2023-02-07 10:00:00,172.16.0.3,192.168.1.103,4818,TCP,777,apt,1,1,10,7,1,morning,0
2023-02-07 11:00:00,172.16.0.3,10.0.0.101,6056,TCP,923,benign,1,1,11,7,1,morning,0
2023-02-07 12:00:00,192.168.1.1,192.168.1.103,2375,UDP,84,apt,1,1,12,7,1,afternoon,0
2023-02-07 13:00:00,192.168.1.4,192.168.1.100,5907,ICMP,305,dos,1,1,13,7,1,afternoon,0
2023-02-07 14:00:00,10.0.0.2,192.168.1.100,7981,TCP,518,apt,1,1,14,7,1,afternoon,0
2023-02-07 15:00:00,172.16.0.3,192.168.1.100,5847,ICMP,1026,benign,1,1,15,7,1,afternoon,0
2023-02-07 16:00:00,172.16.0.3,172.16.0.102,8757,ICMP,684,malware,1,1,16,7,1,afternoon,0
2023-02-07 17:00:00,10.0.0.2,10.0.0.101,4739,ICMP,366,dos,1,1,17,7,1,afternoon,0
2023-02-07 18:00:00,10.0.0.2,192.168.1.100,613,TCP,866,apt,1,1,18,7,1,afternoon,0
2023-02-07 19:00:00,172.16.0.3,192.168.1.100,4859,ICMP,1027,dos,1,1,19,7,1,afternoon,0
2023-02-07 20:00:00,172.16.0.3,10.0.0.101,7414,TCP,132,malware,1,1,20,7,1,night,0
2023-02-07 21:00:00,10.0.0.2,192.168.1.100,9671,ICMP,1216,apt,1,1,21,7,1,night,0
2023-02-07 22:00:00,172.16.0.3,192.168.1.103,3513,TCP,259,apt,1,1,22,7,1,night,0
2023-02-07 23:00:00,192.168.1.1,10.0.0.101,6184,ICMP,203,dos,1,1,23,7,1,night,0
2023-02-08 00:00:00,192.168.1.1,10.0.0.101,2692,UDP,346,dos,1,1,0,8,2,night,0
2023-02-08 01:00:00,10.0.0.2,10.0.0.101,4220,ICMP,375,benign,1,1,1,8,2,night,0
2023-02-08 02:00:00,192.168.1.4,192.168.1.103,36,ICMP,809,malware,1,1,2,8,2,night,0
2023-02-08 03:00:00,10.0.0.2,10.0.0.101,3211,TCP,340,benign,1,1,3,8,2,night,0
2023-02-08 04:00:00,10.0.0.2,192.168.1.103,412,TCP,124,apt,1,1,4,8,2,night,0
2023-02-08 05:00:00,192.168.1.4,10.0.0.101,8636,ICMP,1406,dos,1,1,5,8,2,night,0
2023-02-08 06:00:00,192.168.1.4,172.16.0.102,6292,UDP,115,apt,1,1,6,8,2,morning,0
2023-02-08 07:00:00,192.168.1.4,192.168.1.100,591,UDP,216,apt,1,1,7,8,2,morning,0
2023-02-08 08:00:00,192.168.1.1,172.16.0.102,3651,TCP,1398,data injection,1,1,8,8,2,morning,0
2023-02-08 09:00:00,172.16.0.3,192.168.1.100,6192,UDP,607,data injection,1,1,9,8,2,morning,0
2023-02-08 10:00:00,192.168.1.1,192.168.1.103,9332,ICMP,630,apt,1,1,10,8,2,morning,0
2023-02-08 11:00:00,172.16.0.3,172.16.0.102,7197,TCP,1476,dos,1,1,11,8,2,morning,0
2023-02-08 12:00:00,192.168.1.1,10.0.0.101,8453,ICMP,685,apt,1,1,12,8,2,afternoon,0
2023-02-08 13:00:00,172.16.0.3,192.168.1.100,3917,TCP,1264,data injection,1,1,13,8,2,afternoon,0
2023-02-08 14:00:00,192.168.1.1,192.168.1.100,8143,TCP,1449,dos,1,1,14,8,2,afternoon,0
2023-02-08 15:00:00,192.168.1.4,172.16.0.102,2299,TCP,377,apt,1,1,15,8,2,afternoon,0
2023-02-08 16:00:00,10.0.0.2,192.168.1.103,9000,TCP,870,malware,1,1,16,8,2,afternoon,0
2023-02-08 17:00:00,192.168.1.1,172.16.0.102,7471,UDP,911,malware,1,1,17,8,2,afternoon,0
2023-02-08 18:00:00,172.16.0.3,192.168.1.103,8926,ICMP,160,apt,1,1,18,8,2,afternoon,0
2023-02-08 19:00:00,192.168.1.4,192.168.1.103,795,ICMP,944,dos,1,1,19,8,2,afternoon,0
2023-02-08 20:00:00,192.168.1.1,192.168.1.100,6889,ICMP,1300,apt,1,1,20,8,2,night,0
2023-02-08 21:00:00,192.168.1.1,172.16.0.102,2267,TCP,892,apt,1,1,21,8,2,night,0
2023-02-08 22:00:00,192.168.1.4,172.16.0.102,7108,UDP,200,data injection,1,1,22,8,2,night,0
2023-02-08 23:00:00,192.168.1.1,192.168.1.103,98,ICMP,1093,malware,1,1,23,8,2,night,0
2023-02-09 00:00:00,10.0.0.2,172.16.0.102,8100,UDP,1074,data injection,1,1,0,9,3,night,0
2023-02-09 01:00:00,192.168.1.1,10.0.0.101,7119,TCP,172,data injection,1,1,1,9,3,night,0
2023-02-09 02:00:00,10.0.0.2,10.0.0.101,3946,ICMP,610,apt,1,1,2,9,3,night,0
2023-02-09 03:00:00,10.0.0.2,172.16.0.102,9067,UDP,1126,data injection,1,1,3,9,3,night,0
2023-02-09 04:00:00,192.168.1.4,172.16.0.102,7360,TCP,725,malware,1,1,4,9,3,night,0
2023-02-09 05:00:00,192.168.1.1,192.168.1.103,7103,UDP,488,data injection,1,1,5,9,3,night,0
2023-02-09 06:00:00,192.168.1.4,10.0.0.101,6250,ICMP,693,malware,1,1,6,9,3,morning,0
2023-02-09 07:00:00,192.168.1.1,10.0.0.101,9243,ICMP,324,data injection,1,1,7,9,3,morning,0
2023-02-09 08:00:00,192.168.1.1,192.168.1.100,4960,TCP,150,malware,1,1,8,9,3,morning,0
2023-02-09 09:00:00,172.16.0.3,192.168.1.103,3291,TCP,528,data injection,1,1,9,9,3,morning,0
2023-02-09 10:00:00,192.168.1.1,192.168.1.100,3476,TCP,139,data injection,1,1,10,9,3,morning,0
2023-02-09 11:00:00,192.168.1.4,10.0.0.101,7808,UDP,534,dos,1,1,11,9,3,morning,0
2023-02-09 12:00:00,10.0.0.2,192.168.1.103,8619,UDP,477,malware,1,1,12,9,3,afternoon,0
2023-02-09 13:00:00,192.168.1.1,172.16.0.102,7670,UDP,888,malware,1,1,13,9,3,afternoon,0
2023-02-09 14:00:00,172.16.0.3,192.168.1.103,2731,TCP,958,malware,1,1,14,9,3,afternoon,0
2023-02-09 15:00:00,192.168.1.4,172.16.0.102,1688,ICMP,789,benign,1,1,15,9,3,afternoon,0
2023-02-09 16:00:00,192.168.1.1,172.16.0.102,167,ICMP,520,data injection,1,1,16,9,3,afternoon,0
2023-02-09 17:00:00,192.168.1.4,192.168.1.103,6440,UDP,1372,malware,1,1,17,9,3,afternoon,0
2023-02-09 18:00:00,172.16.0.3,172.16.0.102,385,UDP,1326,benign,1,1,18,9,3,afternoon,0
2023-02-09 19:00:00,172.16.0.3,192.168.1.100,9886,ICMP,716,dos,1,1,19,9,3,afternoon,0
2023-02-09 20:00:00,192.168.1.4,10.0.0.101,4551,ICMP,735,malware,1,1,20,9,3,night,0
2023-02-09 21:00:00,192.168.1.1,172.16.0.102,5350,UDP,1459,malware,1,1,21,9,3,night,0
2023-02-09 22:00:00,10.0.0.2,192.168.1.100,5530,UDP,558,benign,1,1,22,9,3,night,0
2023-02-09 23:00:00,172.16.0.3,172.16.0.102,8774,ICMP,1132,data injection,1,1,23,9,3,night,0
2023-02-10 00:00:00,192.168.1.1,10.0.0.101,8984,TCP,1488,dos,1,1,0,10,4,night,0
2023-02-10 01:00:00,192.168.1.1,192.168.1.100,6513,UDP,1334,malware,1,1,1,10,4,night,0
2023-02-10 02:00:00,10.0.0.2,10.0.0.101,5459,ICMP,660,data injection,1,1,2,10,4,night,0
2023-02-10 03:00:00,172.16.0.3,10.0.0.101,9785,ICMP,513,dos,1,1,3,10,4,night,0
2023-02-10 04:00:00,172.16.0.3,192.168.1.100,6531,ICMP,548,apt,1,1,4,10,4,night,0
2023-02-10 05:00:00,192.168.1.1,192.168.1.100,7524,ICMP,709,apt,1,1,5,10,4,night,0
2023-02-10 06:00:00,192.168.1.1,192.168.1.100,1266,TCP,683,dos,1,1,6,10,4,morning,0
2023-02-10 07:00:00,10.0.0.2,192.168.1.103,3859,ICMP,1105,benign,1,1,7,10,4,morning,0
2023-02-10 08:00:00,10.0.0.2,192.168.1.100,8571,UDP,725,dos,1,1,8,10,4,morning,0
2023-02-10 09:00:00,172.16.0.3,192.168.1.100,2396,TCP,821,dos,1,1,9,10,4,morning,0
2023-02-10 10:00:00,192.168.1.4,192.168.1.100,3029,ICMP,352,benign,1,1,10,10,4,morning,0
2023-02-10 11:00:00,172.16.0.3,192.168.1.100,9174,TCP,784,benign,1,1,11,10,4,morning,0
2023-02-10 12:00:00,192.168.1.1,172.16.0.102,1847,UDP,701,data injection,1,1,12,10,4,afternoon,0
2023-02-10 13:00:00,172.16.0.3,192.168.1.103,6999,ICMP,298,data injection,1,1,13,10,4,afternoon,0
2023-02-10 14:00:00,192.168.1.4,10.0.0.101,9825,UDP,479,benign,1,1,14,10,4,afternoon,0
2023-02-10 15:00:00,10.0.0.2,192.168.1.100,9852,ICMP,1001,apt,1,1,15,10,4,afternoon,0
2023-02-10 16:00:00,192.168.1.4,172.16.0.102,8589,ICMP,562,apt,1,1,16,10,4,afternoon,0
2023-02-10 17:00:00,192.168.1.4,172.16.0.102,4305,ICMP,1037,dos,1,1,17,10,4,afternoon,0
2023-02-10 18:00:00,192.168.1.4,172.16.0.102,6930,ICMP,697,malware,1,1,18,10,4,afternoon,0
2023-02-10 19:00:00,10.0.0.2,10.0.0.101,8581,ICMP,1083,dos,1,1,19,10,4,afternoon,0
2023-02-10 20:00:00,192.168.1.4,192.168.1.100,2216,TCP,178,dos,1,1,20,10,4,night,0
2023-02-10 21:00:00,192.168.1.4,192.168.1.103,3767,ICMP,995,malware,1,1,21,10,4,night,0
2023-02-10 22:00:00,192.168.1.4,192.168.1.103,8863,ICMP,737,benign,1,1,22,10,4,night,0
2023-02-10 23:00:00,192.168.1.1,172.16.0.102,5998,TCP,1321,apt,1,1,23,10,4,night,0
2023-02-11 00:00:00,192.168.1.4,10.0.0.101,5627,TCP,1098,dos,1,1,0,11,5,night,1
2023-02-11 01:00:00,10.0.0.2,10.0.0.101,789,TCP,269,malware,1,1,1,11,5,night,1
2023-02-11 02:00:00,192.168.1.4,10.0.0.101,800,TCP,310,data injection,1,1,2,11,5,night,1
2023-02-11 03:00:00,192.168.1.4,192.168.1.103,9928,TCP,821,dos,1,1,3,11,5,night,1
2023-02-11 04:00:00,10.0.0.2,172.16.0.102,6323,TCP,1214,apt,1,1,4,11,5,night,1
2023-02-11 05:00:00,192.168.1.4,192.168.1.100,4003,ICMP,210,benign,1,1,5,11,5,night,1
2023-02-11 06:00:00,10.0.0.2,192.168.1.103,9523,ICMP,181,dos,1,1,6,11,5,morning,1
2023-02-11 07:00:00,192.168.1.4,172.16.0.102,8734,UDP,1469,dos,1,1,7,11,5,morning,1
2023-02-11 08:00:00,10.0.0.2,172.16.0.102,541,ICMP,475,malware,1,1,8,11,5,morning,1
2023-02-11 09:00:00,192.168.1.4,192.168.1.100,9147,ICMP,426,data injection,1,1,9,11,5,morning,1
2023-02-11 10:00:00,192.168.1.4,192.168.1.100,7589,TCP,200,data injection,1,1,10,11,5,morning,1
2023-02-11 11:00:00,192.168.1.1,192.168.1.100,5804,TCP,1262,benign,1,1,11,11,5,morning,1
2023-02-11 12:00:00,192.168.1.1,10.0.0.101,4603,ICMP,1376,apt,1,1,12,11,5,afternoon,1
2023-02-11 13:00:00,192.168.1.4,192.168.1.100,5966,UDP,1021,benign,1,1,13,11,5,afternoon,1
2023-02-11 14:00:00,192.168.1.4,172.16.0.102,4961,TCP,82,dos,1,1,14,11,5,afternoon,1
2023-02-11 15:00:00,172.16.0.3,192.168.1.100,6287,ICMP,258,dos,1,1,15,11,5,afternoon,1
