Timestamp,Source_IP,Destination_IP,Port,Protocol,Packet_Size,Attack_Type
1/1/2023 0:00,172.16.0.3,10.0.0.101,8002,UDP,783,DoS
1/1/2023 1:00,192.168.1.4,172.16.0.102,4127,TCP,1201,Data Injection
1/1/2023 2:00,192.168.1.1,192.168.1.100,1361,UDP,543,APT
1/1/2023 3:00,172.16.0.3,192.168.1.100,8427,UDP,85,Normal
1/1/2023 4:00,172.16.0.3,192.168.1.100,358,UDP,1436,Malware
1/1/2023 5:00,192.168.1.4,192.168.1.100,5915,TCP,746,DoS
1/1/2023 6:00,192.168.1.1,192.168.1.103,2728,ICMP,969,APT
1/1/2023 7:00,192.168.1.1,192.168.1.100,1770,UDP,383,Data Injection
1/1/2023 8:00,172.16.0.3,192.168.1.103,5624,TCP,189,Normal
1/1/2023 9:00,10.0.0.2,192.168.1.103,2441,TCP,340,DoS
1/1/2023 10:00,172.16.0.3,192.168.1.100,7139,ICMP,1291,Normal
1/1/2023 11:00,172.16.0.3,192.168.1.100,8921,UDP,257,Malware
1/1/2023 12:00,172.16.0.3,10.0.0.101,5339,UDP,759,Data Injection
1/1/2023 13:00,172.16.0.3,172.16.0.102,6629,ICMP,1373,Normal
1/1/2023 14:00,192.168.1.4,192.168.1.100,5407,ICMP,120,APT
1/1/2023 15:00,192.168.1.1,10.0.0.101,4013,TCP,1390,Data Injection
1/1/2023 16:00,192.168.1.4,10.0.0.101,8700,TCP,1250,APT
1/1/2023 17:00,192.168.1.4,172.16.0.102,8064,ICMP,82,Normal
1/1/2023 18:00,192.168.1.4,192.168.1.103,8258,UDP,1457,Data Injection
1/1/2023 19:00,172.16.0.3,192.168.1.100,4893,TCP,327,APT
1/1/2023 20:00,10.0.0.2,172.16.0.102,4826,TCP,857,Malware
1/1/2023 21:00,192.168.1.1,192.168.1.100,8612,UDP,176,Malware
1/1/2023 22:00,10.0.0.2,10.0.0.101,5933,TCP,1414,Normal
1/1/2023 23:00,192.168.1.4,10.0.0.101,7144,UDP,605,Data Injection
1/2/2023 0:00,192.168.1.4,192.168.1.103,3177,UDP,710,DoS
1/2/2023 1:00,10.0.0.2,10.0.0.101,410,UDP,642,Data Injection
1/2/2023 2:00,10.0.0.2,10.0.0.101,4450,ICMP,1152,Malware
1/2/2023 3:00,10.0.0.2,172.16.0.102,8840,ICMP,1379,APT
1/2/2023 4:00,192.168.1.4,192.168.1.100,7706,ICMP,88,DoS
1/2/2023 5:00,192.168.1.4,192.168.1.100,4252,UDP,64,Normal
1/2/2023 6:00,192.168.1.1,172.16.0.102,8027,UDP,974,DoS
1/2/2023 7:00,192.168.1.1,192.168.1.103,1541,ICMP,204,Normal
1/2/2023 8:00,192.168.1.4,192.168.1.100,9038,TCP,711,DoS
1/2/2023 9:00,10.0.0.2,10.0.0.101,1520,UDP,251,Normal
1/2/2023 10:00,10.0.0.2,192.168.1.100,6757,TCP,1215,Normal
1/2/2023 11:00,192.168.1.1,10.0.0.101,3314,TCP,264,DoS
1/2/2023 12:00,192.168.1.4,192.168.1.103,5105,UDP,1214,DoS
1/2/2023 13:00,192.168.1.1,172.16.0.102,2439,UDP,320,Normal
1/2/2023 14:00,192.168.1.1,192.168.1.100,9146,TCP,610,Malware
1/2/2023 15:00,172.16.0.3,172.16.0.102,3062,TCP,257,DoS
1/2/2023 16:00,172.16.0.3,192.168.1.100,4517,ICMP,766,Data Injection
1/2/2023 17:00,172.16.0.3,10.0.0.101,1486,ICMP,1191,APT
1/2/2023 18:00,10.0.0.2,172.16.0.102,3581,UDP,1352,Normal
1/2/2023 19:00,192.168.1.4,192.168.1.100,634,ICMP,865,Normal
1/2/2023 20:00,192.168.1.4,10.0.0.101,5412,ICMP,1005,APT
1/2/2023 21:00,192.168.1.4,172.16.0.102,7713,ICMP,1471,Malware
1/2/2023 22:00,192.168.1.4,172.16.0.102,9394,ICMP,1347,APT
1/2/2023 23:00,172.16.0.3,192.168.1.100,3243,TCP,477,DoS
1/3/2023 0:00,10.0.0.2,192.168.1.100,7158,UDP,1445,APT
1/3/2023 1:00,10.0.0.2,192.168.1.100,2687,ICMP,1162,Normal
1/3/2023 2:00,172.16.0.3,10.0.0.101,8000,TCP,1442,APT
1/3/2023 3:00,10.0.0.2,192.168.1.100,150,TCP,973,Data Injection
1/3/2023 4:00,172.16.0.3,172.16.0.102,3003,TCP,251,DoS
1/3/2023 5:00,192.168.1.4,172.16.0.102,4298,ICMP,1377,APT
1/3/2023 6:00,172.16.0.3,192.168.1.100,7146,ICMP,108,Normal
1/3/2023 7:00,192.168.1.4,192.168.1.100,8250,UDP,146,DoS
1/3/2023 8:00,192.168.1.4,192.168.1.103,7714,ICMP,1210,Normal
1/3/2023 9:00,192.168.1.1,172.16.0.102,6660,ICMP,421,Malware
1/3/2023 10:00,172.16.0.3,10.0.0.101,5488,TCP,1153,Data Injection
1/3/2023 11:00,192.168.1.1,192.168.1.103,940,UDP,999,Malware
1/3/2023 12:00,172.16.0.3,192.168.1.100,7584,ICMP,438,Data Injection
1/3/2023 13:00,172.16.0.3,192.168.1.100,8704,ICMP,225,APT
1/3/2023 14:00,192.168.1.1,172.16.0.102,9343,TCP,1467,DoS
1/3/2023 15:00,192.168.1.1,192.168.1.100,8522,TCP,1445,APT
1/3/2023 16:00,172.16.0.3,10.0.0.101,8950,ICMP,1275,Data Injection
1/3/2023 17:00,10.0.0.2,172.16.0.102,3261,UDP,385,Data Injection
1/3/2023 18:00,192.168.1.4,192.168.1.100,565,UDP,513,Data Injection
1/3/2023 19:00,192.168.1.1,172.16.0.102,4366,TCP,1100,Normal
1/3/2023 20:00,192.168.1.4,192.168.1.100,3830,TCP,247,DoS
1/3/2023 21:00,10.0.0.2,192.168.1.100,7226,ICMP,174,APT
1/3/2023 22:00,10.0.0.2,192.168.1.100,9025,TCP,571,APT
1/3/2023 23:00,10.0.0.2,10.0.0.101,2052,ICMP,1377,Malware
1/4/2023 0:00,192.168.1.1,10.0.0.101,8456,UDP,358,Data Injection
1/4/2023 1:00,10.0.0.2,172.16.0.102,291,UDP,967,Data Injection
1/4/2023 2:00,192.168.1.1,192.168.1.100,3531,ICMP,1302,Data Injection
1/4/2023 3:00,10.0.0.2,192.168.1.100,1791,TCP,1037,APT
1/4/2023 4:00,192.168.1.4,10.0.0.101,9474,UDP,695,Malware
1/4/2023 5:00,192.168.1.4,192.168.1.100,4381,TCP,1114,Normal
1/4/2023 6:00,172.16.0.3,10.0.0.101,7089,UDP,796,DoS
1/4/2023 7:00,192.168.1.4,192.168.1.100,940,ICMP,1318,Normal
1/4/2023 8:00,172.16.0.3,172.16.0.102,8210,ICMP,384,APT
1/4/2023 9:00,192.168.1.4,192.168.1.100,3450,ICMP,976,Data Injection
1/4/2023 10:00,192.168.1.1,192.168.1.100,4455,UDP,1320,DoS
1/4/2023 11:00,192.168.1.4,192.168.1.103,3780,TCP,500,APT
1/4/2023 12:00,172.16.0.3,10.0.0.101,2070,TCP,844,APT
1/4/2023 13:00,172.16.0.3,192.168.1.100,1185,TCP,1490,APT
1/4/2023 14:00,10.0.0.2,192.168.1.100,8587,UDP,1140,DoS
1/4/2023 15:00,192.168.1.1,192.168.1.103,2053,UDP,1400,DoS
1/4/2023 16:00,192.168.1.4,192.168.1.103,6487,UDP,1368,Malware
1/4/2023 17:00,10.0.0.2,10.0.0.101,165,UDP,789,Malware
1/4/2023 18:00,192.168.1.4,192.168.1.103,4408,UDP,94,Normal
1/4/2023 19:00,192.168.1.4,172.16.0.102,7852,TCP,400,DoS
1/4/2023 20:00,10.0.0.2,192.168.1.103,8643,UDP,246,DoS
1/4/2023 21:00,10.0.0.2,172.16.0.102,8916,UDP,1110,DoS
1/4/2023 22:00,10.0.0.2,10.0.0.101,8193,TCP,607,Malware
1/4/2023 23:00,10.0.0.2,10.0.0.101,2652,UDP,1161,APT
1/5/2023 0:00,10.0.0.2,10.0.0.101,4514,TCP,1097,Data Injection
1/5/2023 1:00,192.168.1.4,10.0.0.101,8076,TCP,723,Malware
1/5/2023 2:00,10.0.0.2,10.0.0.101,7531,ICMP,223,DoS
1/5/2023 3:00,192.168.1.1,172.16.0.102,9175,ICMP,1101,Malware
1/5/2023 4:00,172.16.0.3,172.16.0.102,1848,ICMP,1265,Normal
1/5/2023 5:00,10.0.0.2,10.0.0.101,9150,ICMP,475,DoS
1/5/2023 6:00,10.0.0.2,192.168.1.103,4825,UDP,1075,Normal
1/5/2023 7:00,192.168.1.4,192.168.1.100,826,ICMP,116,DoS
1/5/2023 8:00,10.0.0.2,10.0.0.101,9675,TCP,471,Malware
1/5/2023 9:00,10.0.0.2,192.168.1.103,7506,UDP,910,APT
1/5/2023 10:00,10.0.0.2,192.168.1.100,8222,ICMP,1109,Data Injection
1/5/2023 11:00,192.168.1.4,10.0.0.101,1888,TCP,1117,Normal
1/5/2023 12:00,10.0.0.2,10.0.0.101,7898,UDP,766,Malware
1/5/2023 13:00,172.16.0.3,172.16.0.102,5710,UDP,323,APT
1/5/2023 14:00,192.168.1.4,192.168.1.100,7847,ICMP,1292,Malware
1/5/2023 15:00,172.16.0.3,192.168.1.100,5449,UDP,1146,Normal
1/5/2023 16:00,192.168.1.4,192.168.1.103,9096,TCP,839,Data Injection
1/5/2023 17:00,10.0.0.2,172.16.0.102,3584,UDP,1099,Malware
1/5/2023 18:00,172.16.0.3,172.16.0.102,1409,TCP,1377,DoS
1/5/2023 19:00,192.168.1.4,172.16.0.102,7294,UDP,913,APT
1/5/2023 20:00,192.168.1.1,172.16.0.102,844,ICMP,417,Malware
1/5/2023 21:00,10.0.0.2,192.168.1.100,2285,TCP,1162,APT
1/5/2023 22:00,192.168.1.4,192.168.1.100,956,UDP,936,DoS
1/5/2023 23:00,192.168.1.1,10.0.0.101,6422,UDP,1054,Data Injection
1/6/2023 0:00,192.168.1.4,10.0.0.101,3865,UDP,1328,Data Injection
1/6/2023 1:00,192.168.1.1,172.16.0.102,1816,TCP,1081,DoS
1/6/2023 2:00,10.0.0.2,172.16.0.102,8265,TCP,1241,APT
1/6/2023 3:00,172.16.0.3,172.16.0.102,7234,TCP,1183,Malware
1/6/2023 4:00,192.168.1.1,10.0.0.101,746,ICMP,357,DoS
1/6/2023 5:00,192.168.1.4,192.168.1.103,2756,ICMP,272,Normal
1/6/2023 6:00,10.0.0.2,192.168.1.103,1933,TCP,1430,APT
1/6/2023 7:00,192.168.1.1,10.0.0.101,9808,UDP,1175,Data Injection
1/6/2023 8:00,192.168.1.4,10.0.0.101,7677,ICMP,881,DoS
1/6/2023 9:00,192.168.1.4,10.0.0.101,2486,TCP,453,Data Injection
1/6/2023 10:00,192.168.1.4,10.0.0.101,9061,UDP,388,APT
1/6/2023 11:00,192.168.1.1,10.0.0.101,7332,ICMP,1003,Data Injection
1/6/2023 12:00,192.168.1.1,10.0.0.101,8214,UDP,952,DoS
1/6/2023 13:00,192.168.1.1,172.16.0.102,7926,UDP,1244,APT
1/6/2023 14:00,172.16.0.3,172.16.0.102,4896,UDP,731,Normal
1/6/2023 15:00,192.168.1.1,172.16.0.102,7307,UDP,696,DoS
1/6/2023 16:00,192.168.1.1,172.16.0.102,912,ICMP,640,Malware
1/6/2023 17:00,192.168.1.1,10.0.0.101,4695,ICMP,200,DoS
1/6/2023 18:00,172.16.0.3,192.168.1.103,1953,ICMP,491,APT
1/6/2023 19:00,192.168.1.1,192.168.1.100,1400,TCP,675,DoS
1/6/2023 20:00,192.168.1.4,10.0.0.101,1310,ICMP,974,Normal
1/6/2023 21:00,192.168.1.1,192.168.1.100,1660,UDP,882,Normal
1/6/2023 22:00,192.168.1.4,192.168.1.103,7510,ICMP,204,Malware
1/6/2023 23:00,192.168.1.4,172.16.0.102,9199,UDP,1170,Data Injection
1/7/2023 0:00,192.168.1.4,192.168.1.103,1238,TCP,240,APT
1/7/2023 1:00,172.16.0.3,10.0.0.101,5036,UDP,261,APT
1/7/2023 2:00,172.16.0.3,172.16.0.102,6901,UDP,687,Data Injection
1/7/2023 3:00,172.16.0.3,10.0.0.101,9567,UDP,754,Normal
1/7/2023 4:00,192.168.1.1,172.16.0.102,9772,TCP,464,Normal
1/7/2023 5:00,192.168.1.4,192.168.1.100,9630,ICMP,534,DoS
1/7/2023 6:00,172.16.0.3,192.168.1.100,974,ICMP,281,Malware
1/7/2023 7:00,172.16.0.3,192.168.1.100,9195,TCP,992,Malware
1/7/2023 8:00,192.168.1.1,192.168.1.103,7311,UDP,695,Malware
1/7/2023 9:00,172.16.0.3,10.0.0.101,994,ICMP,1014,DoS
1/7/2023 10:00,192.168.1.1,192.168.1.103,4153,TCP,969,Malware
1/7/2023 11:00,10.0.0.2,192.168.1.100,5390,ICMP,238,Data Injection
1/7/2023 12:00,172.16.0.3,10.0.0.101,3992,TCP,86,DoS
1/7/2023 13:00,10.0.0.2,192.168.1.100,5315,UDP,298,Data Injection
1/7/2023 14:00,192.168.1.1,192.168.1.103,9125,ICMP,1100,DoS
1/7/2023 15:00,192.168.1.4,192.168.1.103,8248,TCP,1188,Malware
1/7/2023 16:00,172.16.0.3,192.168.1.103,9923,ICMP,992,Data Injection
1/7/2023 17:00,192.168.1.1,192.168.1.100,3040,ICMP,586,Data Injection
1/7/2023 18:00,192.168.1.4,10.0.0.101,9007,ICMP,494,Data Injection
1/7/2023 19:00,192.168.1.4,10.0.0.101,4056,ICMP,856,DoS
1/7/2023 20:00,10.0.0.2,192.168.1.100,5088,TCP,596,APT
1/7/2023 21:00,192.168.1.1,10.0.0.101,5253,UDP,1042,Malware
1/7/2023 22:00,192.168.1.4,192.168.1.100,9536,TCP,1380,Data Injection
1/7/2023 23:00,172.16.0.3,10.0.0.101,337,TCP,873,APT
1/8/2023 0:00,172.16.0.3,172.16.0.102,2416,TCP,976,Malware
1/8/2023 1:00,10.0.0.2,172.16.0.102,2182,UDP,1188,Malware
1/8/2023 2:00,192.168.1.4,192.168.1.103,2765,ICMP,1391,Data Injection
1/8/2023 3:00,192.168.1.1,172.16.0.102,1611,ICMP,934,Data Injection
1/8/2023 4:00,172.16.0.3,172.16.0.102,6203,ICMP,603,DoS
1/8/2023 5:00,192.168.1.4,172.16.0.102,3950,UDP,1087,APT
1/8/2023 6:00,192.168.1.4,192.168.1.100,1332,ICMP,1442,APT
1/8/2023 7:00,10.0.0.2,172.16.0.102,9497,UDP,1390,Data Injection
1/8/2023 8:00,172.16.0.3,172.16.0.102,4331,ICMP,290,Malware
1/8/2023 9:00,172.16.0.3,192.168.1.103,7334,ICMP,1323,Data Injection
1/8/2023 10:00,192.168.1.1,172.16.0.102,2403,TCP,936,Malware
1/8/2023 11:00,172.16.0.3,172.16.0.102,3259,UDP,955,Malware
1/8/2023 12:00,192.168.1.1,10.0.0.101,2159,TCP,1100,Data Injection
1/8/2023 13:00,172.16.0.3,192.168.1.103,1724,TCP,273,Normal
1/8/2023 14:00,10.0.0.2,192.168.1.103,6944,TCP,804,APT
1/8/2023 15:00,172.16.0.3,192.168.1.103,382,UDP,460,Malware
1/8/2023 16:00,192.168.1.1,192.168.1.103,2624,UDP,1187,Malware
1/8/2023 17:00,192.168.1.1,192.168.1.103,9928,ICMP,94,Normal
1/8/2023 18:00,10.0.0.2,192.168.1.103,4306,TCP,961,DoS
1/8/2023 19:00,172.16.0.3,192.168.1.100,3758,ICMP,712,Normal
1/8/2023 20:00,172.16.0.3,172.16.0.102,2489,TCP,392,Normal
1/8/2023 21:00,10.0.0.2,192.168.1.103,4815,UDP,1253,Malware
1/8/2023 22:00,172.16.0.3,172.16.0.102,6170,UDP,1015,APT
1/8/2023 23:00,172.16.0.3,172.16.0.102,576,UDP,1187,Normal
1/9/2023 0:00,192.168.1.1,192.168.1.100,9037,TCP,684,DoS
1/9/2023 1:00,172.16.0.3,192.168.1.103,2828,UDP,1260,Data Injection
1/9/2023 2:00,172.16.0.3,10.0.0.101,5170,TCP,225,Normal
1/9/2023 3:00,10.0.0.2,192.168.1.100,7581,ICMP,839,Normal
1/9/2023 4:00,10.0.0.2,10.0.0.101,2739,TCP,1350,DoS
1/9/2023 5:00,192.168.1.4,172.16.0.102,6526,ICMP,337,APT
1/9/2023 6:00,192.168.1.1,172.16.0.102,3761,TCP,1090,Normal
1/9/2023 7:00,172.16.0.3,192.168.1.100,9786,ICMP,1115,Normal
1/9/2023 8:00,172.16.0.3,192.168.1.100,4018,UDP,389,APT
1/9/2023 9:00,192.168.1.4,10.0.0.101,2423,ICMP,1003,DoS
1/9/2023 10:00,172.16.0.3,192.168.1.103,8800,UDP,1236,Normal
1/9/2023 11:00,192.168.1.1,10.0.0.101,9759,UDP,603,APT
1/9/2023 12:00,192.168.1.4,192.168.1.100,314,ICMP,551,Normal
1/9/2023 13:00,192.168.1.1,10.0.0.101,5363,TCP,885,Data Injection
1/9/2023 14:00,192.168.1.4,192.168.1.100,9902,TCP,1152,Malware
1/9/2023 15:00,192.168.1.4,10.0.0.101,1156,TCP,419,Data Injection
1/9/2023 16:00,10.0.0.2,192.168.1.100,2084,TCP,1339,Normal
1/9/2023 17:00,192.168.1.1,192.168.1.100,7029,TCP,298,DoS
1/9/2023 18:00,172.16.0.3,192.168.1.100,4563,UDP,290,Malware
1/9/2023 19:00,172.16.0.3,192.168.1.103,1027,TCP,1400,Data Injection
1/9/2023 20:00,192.168.1.1,10.0.0.101,5465,UDP,112,APT
1/9/2023 21:00,172.16.0.3,10.0.0.101,5372,UDP,181,DoS
1/9/2023 22:00,172.16.0.3,10.0.0.101,9459,UDP,117,Data Injection
1/9/2023 23:00,192.168.1.1,192.168.1.100,1455,ICMP,628,APT
1/10/2023 0:00,192.168.1.4,10.0.0.101,591,ICMP,1131,Normal
1/10/2023 1:00,192.168.1.1,10.0.0.101,2402,UDP,116,APT
1/10/2023 2:00,192.168.1.4,192.168.1.100,9457,ICMP,621,Data Injection
1/10/2023 3:00,172.16.0.3,172.16.0.102,5104,TCP,1189,Data Injection
1/10/2023 4:00,172.16.0.3,192.168.1.100,297,TCP,931,Normal
1/10/2023 5:00,172.16.0.3,10.0.0.101,7079,UDP,461,APT
1/10/2023 6:00,10.0.0.2,192.168.1.100,1907,TCP,1225,APT
1/10/2023 7:00,192.168.1.4,172.16.0.102,1285,UDP,738,Normal
1/10/2023 8:00,10.0.0.2,192.168.1.100,7511,UDP,450,APT
1/10/2023 9:00,10.0.0.2,10.0.0.101,1060,TCP,174,Normal
1/10/2023 10:00,192.168.1.1,172.16.0.102,9129,ICMP,677,DoS
1/10/2023 11:00,10.0.0.2,192.168.1.103,8093,TCP,80,Data Injection
1/10/2023 12:00,192.168.1.1,10.0.0.101,9097,TCP,1269,DoS
1/10/2023 13:00,192.168.1.1,172.16.0.102,2772,UDP,947,Malware
1/10/2023 14:00,10.0.0.2,172.16.0.102,8233,UDP,604,Malware
1/10/2023 15:00,192.168.1.4,192.168.1.103,4589,UDP,234,Malware
1/10/2023 16:00,192.168.1.4,192.168.1.100,6373,UDP,472,Normal
1/10/2023 17:00,192.168.1.4,192.168.1.100,2373,ICMP,803,APT
1/10/2023 18:00,192.168.1.4,10.0.0.101,7457,ICMP,1465,DoS
1/10/2023 19:00,192.168.1.4,192.168.1.103,4819,ICMP,1275,DoS
1/10/2023 20:00,10.0.0.2,192.168.1.100,706,UDP,921,DoS
1/10/2023 21:00,10.0.0.2,192.168.1.103,8496,UDP,293,DoS
1/10/2023 22:00,172.16.0.3,192.168.1.100,4831,UDP,182,Malware
1/10/2023 23:00,192.168.1.4,172.16.0.102,8974,ICMP,1243,DoS
1/11/2023 0:00,10.0.0.2,192.168.1.100,5366,UDP,847,APT
1/11/2023 1:00,172.16.0.3,192.168.1.103,5063,TCP,528,Malware
1/11/2023 2:00,192.168.1.4,172.16.0.102,2448,TCP,167,DoS
1/11/2023 3:00,192.168.1.1,172.16.0.102,5146,UDP,761,Normal
1/11/2023 4:00,172.16.0.3,172.16.0.102,8240,TCP,238,Data Injection
1/11/2023 5:00,10.0.0.2,192.168.1.103,9118,TCP,808,Data Injection
1/11/2023 6:00,192.168.1.1,10.0.0.101,7833,ICMP,1221,Data Injection
1/11/2023 7:00,192.168.1.1,10.0.0.101,9665,UDP,1478,Malware
1/11/2023 8:00,192.168.1.1,10.0.0.101,3376,UDP,728,DoS
1/11/2023 9:00,172.16.0.3,192.168.1.103,8727,ICMP,96,Malware
1/11/2023 10:00,10.0.0.2,172.16.0.102,7286,TCP,118,APT
1/11/2023 11:00,192.168.1.1,10.0.0.101,6560,TCP,582,Normal
1/11/2023 12:00,192.168.1.4,192.168.1.103,58,UDP,819,Normal
1/11/2023 13:00,192.168.1.1,10.0.0.101,3362,TCP,75,Data Injection
1/11/2023 14:00,192.168.1.1,192.168.1.100,9098,ICMP,783,Data Injection
1/11/2023 15:00,172.16.0.3,10.0.0.101,2864,ICMP,618,Data Injection
1/11/2023 16:00,172.16.0.3,10.0.0.101,1118,UDP,436,DoS
1/11/2023 17:00,10.0.0.2,172.16.0.102,7047,ICMP,547,APT
1/11/2023 18:00,192.168.1.4,192.168.1.103,1843,ICMP,1036,APT
1/11/2023 19:00,172.16.0.3,172.16.0.102,3175,UDP,1315,APT
1/11/2023 20:00,192.168.1.1,172.16.0.102,3113,ICMP,686,APT
1/11/2023 21:00,10.0.0.2,172.16.0.102,5678,ICMP,370,Data Injection
1/11/2023 22:00,192.168.1.1,172.16.0.102,3798,ICMP,520,Normal
1/11/2023 23:00,192.168.1.1,172.16.0.102,2916,TCP,223,Data Injection
1/12/2023 0:00,172.16.0.3,10.0.0.101,1008,UDP,394,APT
1/12/2023 1:00,10.0.0.2,172.16.0.102,4136,UDP,839,Data Injection
1/12/2023 2:00,192.168.1.4,172.16.0.102,6466,UDP,288,APT
1/12/2023 3:00,192.168.1.4,192.168.1.103,4199,TCP,1046,Malware
1/12/2023 4:00,172.16.0.3,192.168.1.100,1702,TCP,792,Normal
1/12/2023 5:00,172.16.0.3,10.0.0.101,5646,UDP,1132,Malware
1/12/2023 6:00,10.0.0.2,10.0.0.101,7444,TCP,1301,DoS
1/12/2023 7:00,192.168.1.4,10.0.0.101,953,UDP,1146,Data Injection
1/12/2023 8:00,192.168.1.4,172.16.0.102,3618,TCP,707,DoS
1/12/2023 9:00,192.168.1.4,172.16.0.102,2000,ICMP,679,Data Injection
1/12/2023 10:00,192.168.1.1,172.16.0.102,3076,ICMP,258,Malware
1/12/2023 11:00,192.168.1.4,192.168.1.103,9004,UDP,552,APT
1/12/2023 12:00,192.168.1.1,192.168.1.100,811,TCP,220,APT
1/12/2023 13:00,10.0.0.2,172.16.0.102,5410,TCP,673,Data Injection
1/12/2023 14:00,192.168.1.1,192.168.1.100,6655,ICMP,1313,APT
1/12/2023 15:00,10.0.0.2,192.168.1.103,2275,ICMP,475,Malware
1/12/2023 16:00,192.168.1.4,10.0.0.101,3630,TCP,1292,APT
1/12/2023 17:00,192.168.1.4,172.16.0.102,1627,TCP,1166,Malware
1/12/2023 18:00,10.0.0.2,192.168.1.100,5199,TCP,1211,DoS
1/12/2023 19:00,172.16.0.3,192.168.1.100,6593,TCP,534,Malware
1/12/2023 20:00,10.0.0.2,172.16.0.102,1004,TCP,1305,Normal
1/12/2023 21:00,172.16.0.3,10.0.0.101,5796,TCP,579,Normal
1/12/2023 22:00,192.168.1.1,10.0.0.101,3696,UDP,1191,Normal
1/12/2023 23:00,192.168.1.1,10.0.0.101,3400,TCP,456,Data Injection
1/13/2023 0:00,192.168.1.1,192.168.1.103,8731,ICMP,694,Data Injection
1/13/2023 1:00,192.168.1.4,192.168.1.100,8802,UDP,671,Data Injection
1/13/2023 2:00,192.168.1.1,192.168.1.100,1070,TCP,1043,Malware
1/13/2023 3:00,172.16.0.3,192.168.1.100,3653,ICMP,497,Data Injection
1/13/2023 4:00,192.168.1.1,192.168.1.103,6362,UDP,1418,DoS
1/13/2023 5:00,10.0.0.2,192.168.1.100,979,ICMP,1230,Normal
1/13/2023 6:00,10.0.0.2,192.168.1.103,6079,TCP,603,Malware
1/13/2023 7:00,192.168.1.4,10.0.0.101,8904,TCP,341,Normal
1/13/2023 8:00,10.0.0.2,172.16.0.102,5675,TCP,296,Data Injection
1/13/2023 9:00,172.16.0.3,192.168.1.100,4493,TCP,1177,Malware
1/13/2023 10:00,192.168.1.1,192.168.1.100,2966,UDP,1286,APT
1/13/2023 11:00,192.168.1.4,10.0.0.101,7745,UDP,425,DoS
1/13/2023 12:00,192.168.1.1,172.16.0.102,546,ICMP,89,Data Injection
1/13/2023 13:00,192.168.1.1,192.168.1.103,3244,TCP,1112,Data Injection
1/13/2023 14:00,172.16.0.3,172.16.0.102,1895,ICMP,1481,DoS
1/13/2023 15:00,10.0.0.2,10.0.0.101,1783,UDP,570,DoS
1/13/2023 16:00,10.0.0.2,10.0.0.101,8732,TCP,1388,APT
1/13/2023 17:00,192.168.1.1,172.16.0.102,5817,TCP,1426,Data Injection
1/13/2023 18:00,192.168.1.4,192.168.1.103,9228,UDP,330,Data Injection
1/13/2023 19:00,10.0.0.2,192.168.1.103,7119,UDP,524,Normal
1/13/2023 20:00,192.168.1.4,192.168.1.100,5129,UDP,519,Malware
1/13/2023 21:00,10.0.0.2,192.168.1.103,6664,UDP,1447,Malware
1/13/2023 22:00,192.168.1.4,172.16.0.102,136,UDP,1155,Normal
1/13/2023 23:00,172.16.0.3,10.0.0.101,2453,TCP,1070,Malware
1/14/2023 0:00,192.168.1.4,192.168.1.100,5483,UDP,926,DoS
1/14/2023 1:00,172.16.0.3,192.168.1.100,603,TCP,1499,Malware
1/14/2023 2:00,172.16.0.3,10.0.0.101,8606,TCP,554,Malware
1/14/2023 3:00,192.168.1.4,192.168.1.103,3808,UDP,1136,Normal
1/14/2023 4:00,172.16.0.3,10.0.0.101,4187,UDP,627,APT
1/14/2023 5:00,192.168.1.1,192.168.1.103,8485,TCP,1189,Malware
1/14/2023 6:00,172.16.0.3,10.0.0.101,1409,UDP,279,Malware
1/14/2023 7:00,10.0.0.2,172.16.0.102,8377,UDP,622,APT
1/14/2023 8:00,192.168.1.4,192.168.1.103,9779,UDP,222,Normal
1/14/2023 9:00,192.168.1.1,172.16.0.102,6174,ICMP,552,APT
1/14/2023 10:00,192.168.1.4,192.168.1.100,5440,TCP,749,Normal
1/14/2023 11:00,10.0.0.2,10.0.0.101,8940,ICMP,1329,DoS
1/14/2023 12:00,10.0.0.2,192.168.1.100,2063,UDP,857,Normal
1/14/2023 13:00,10.0.0.2,192.168.1.100,4217,ICMP,68,DoS
1/14/2023 14:00,172.16.0.3,192.168.1.100,3516,UDP,424,DoS
1/14/2023 15:00,172.16.0.3,192.168.1.100,798,ICMP,522,Normal
1/14/2023 16:00,192.168.1.4,10.0.0.101,233,UDP,311,Data Injection
1/14/2023 17:00,192.168.1.4,192.168.1.100,3782,ICMP,1009,Normal
1/14/2023 18:00,192.168.1.1,10.0.0.101,9788,ICMP,485,Malware
1/14/2023 19:00,192.168.1.1,10.0.0.101,6751,ICMP,78,Malware
1/14/2023 20:00,192.168.1.4,172.16.0.102,3137,TCP,799,Data Injection
1/14/2023 21:00,172.16.0.3,192.168.1.103,5811,ICMP,1209,DoS
1/14/2023 22:00,10.0.0.2,192.168.1.103,8803,TCP,340,Data Injection
1/14/2023 23:00,192.168.1.4,10.0.0.101,2740,UDP,516,Malware
1/15/2023 0:00,192.168.1.1,172.16.0.102,8925,ICMP,1477,Data Injection
1/15/2023 1:00,172.16.0.3,10.0.0.101,9147,UDP,1381,Normal
1/15/2023 2:00,192.168.1.4,10.0.0.101,6067,UDP,661,Data Injection
1/15/2023 3:00,192.168.1.4,10.0.0.101,8052,ICMP,509,DoS
1/15/2023 4:00,172.16.0.3,172.16.0.102,21,TCP,273,Normal
1/15/2023 5:00,192.168.1.4,192.168.1.103,6388,ICMP,777,APT
1/15/2023 6:00,172.16.0.3,172.16.0.102,1969,UDP,365,Malware
1/15/2023 7:00,10.0.0.2,192.168.1.100,6752,UDP,1310,Malware
1/15/2023 8:00,172.16.0.3,172.16.0.102,7853,ICMP,66,Data Injection
1/15/2023 9:00,172.16.0.3,172.16.0.102,937,TCP,1053,Normal
1/15/2023 10:00,172.16.0.3,172.16.0.102,3194,TCP,1180,APT
1/15/2023 11:00,192.168.1.4,172.16.0.102,7034,UDP,583,Normal
1/15/2023 12:00,192.168.1.4,192.168.1.103,109,UDP,556,Malware
1/15/2023 13:00,172.16.0.3,192.168.1.100,1729,TCP,1322,Normal
1/15/2023 14:00,192.168.1.4,192.168.1.103,3061,ICMP,683,APT
1/15/2023 15:00,192.168.1.1,192.168.1.103,125,UDP,1248,Data Injection
1/15/2023 16:00,192.168.1.1,172.16.0.102,9098,TCP,394,DoS
1/15/2023 17:00,192.168.1.4,10.0.0.101,8639,UDP,396,Normal
1/15/2023 18:00,192.168.1.4,10.0.0.101,1915,ICMP,113,DoS
1/15/2023 19:00,172.16.0.3,192.168.1.103,6110,TCP,926,Malware
1/15/2023 20:00,10.0.0.2,192.168.1.103,8528,UDP,335,Data Injection
1/15/2023 21:00,192.168.1.4,172.16.0.102,6102,ICMP,643,Data Injection
1/15/2023 22:00,192.168.1.1,192.168.1.103,654,UDP,1339,Normal
1/15/2023 23:00,172.16.0.3,172.16.0.102,1945,ICMP,623,Data Injection
1/16/2023 0:00,192.168.1.4,10.0.0.101,2076,ICMP,759,Normal
1/16/2023 1:00,192.168.1.1,10.0.0.101,6937,TCP,1177,Normal
1/16/2023 2:00,192.168.1.1,192.168.1.100,3164,ICMP,509,DoS
1/16/2023 3:00,10.0.0.2,10.0.0.101,9651,UDP,1080,Data Injection
1/16/2023 4:00,172.16.0.3,192.168.1.103,572,ICMP,1419,Normal
1/16/2023 5:00,172.16.0.3,10.0.0.101,8927,ICMP,1226,DoS
1/16/2023 6:00,10.0.0.2,172.16.0.102,5403,TCP,420,APT
1/16/2023 7:00,10.0.0.2,10.0.0.101,3931,ICMP,337,DoS
1/16/2023 8:00,172.16.0.3,192.168.1.100,9925,ICMP,1106,DoS
1/16/2023 9:00,172.16.0.3,10.0.0.101,3409,UDP,374,Normal
1/16/2023 10:00,192.168.1.4,172.16.0.102,9319,TCP,933,Malware
1/16/2023 11:00,192.168.1.4,172.16.0.102,8462,TCP,949,Malware
1/16/2023 12:00,10.0.0.2,192.168.1.103,2450,TCP,217,Malware
1/16/2023 13:00,192.168.1.4,10.0.0.101,478,ICMP,1477,DoS
1/16/2023 14:00,192.168.1.1,172.16.0.102,227,TCP,1347,Normal
1/16/2023 15:00,192.168.1.4,192.168.1.100,919,ICMP,683,Data Injection
1/16/2023 16:00,192.168.1.4,192.168.1.103,41,ICMP,946,DoS
1/16/2023 17:00,192.168.1.1,192.168.1.100,8621,UDP,860,DoS
1/16/2023 18:00,10.0.0.2,10.0.0.101,914,UDP,188,Normal
1/16/2023 19:00,192.168.1.1,10.0.0.101,534,UDP,1441,APT
1/16/2023 20:00,192.168.1.4,10.0.0.101,7314,UDP,1360,DoS
1/16/2023 21:00,10.0.0.2,192.168.1.103,4924,UDP,682,APT
1/16/2023 22:00,192.168.1.4,172.16.0.102,7887,ICMP,308,APT
1/16/2023 23:00,192.168.1.1,192.168.1.103,4129,ICMP,911,Malware
1/17/2023 0:00,192.168.1.1,192.168.1.100,7199,TCP,513,Normal
1/17/2023 1:00,192.168.1.4,192.168.1.103,1580,ICMP,993,APT
1/17/2023 2:00,172.16.0.3,192.168.1.100,1286,ICMP,1334,Normal
1/17/2023 3:00,172.16.0.3,192.168.1.103,3658,UDP,583,Malware
1/17/2023 4:00,192.168.1.1,172.16.0.102,8961,ICMP,1228,Normal
1/17/2023 5:00,192.168.1.1,192.168.1.100,3447,UDP,425,DoS
1/17/2023 6:00,172.16.0.3,10.0.0.101,4800,TCP,71,APT
1/17/2023 7:00,172.16.0.3,10.0.0.101,1947,TCP,541,Normal
1/17/2023 8:00,192.168.1.4,192.168.1.103,2376,ICMP,1439,Data Injection
1/17/2023 9:00,192.168.1.4,10.0.0.101,4810,TCP,558,Normal
1/17/2023 10:00,172.16.0.3,192.168.1.100,326,ICMP,896,APT
1/17/2023 11:00,192.168.1.4,10.0.0.101,7999,TCP,1126,Malware
1/17/2023 12:00,192.168.1.4,172.16.0.102,3685,UDP,656,Malware
1/17/2023 13:00,10.0.0.2,172.16.0.102,7077,UDP,250,APT
1/17/2023 14:00,192.168.1.4,192.168.1.103,681,UDP,817,DoS
1/17/2023 15:00,192.168.1.1,192.168.1.100,4664,UDP,156,DoS
1/17/2023 16:00,192.168.1.4,172.16.0.102,8523,ICMP,149,Malware
1/17/2023 17:00,192.168.1.4,172.16.0.102,2940,TCP,1131,Malware
1/17/2023 18:00,172.16.0.3,192.168.1.100,9294,ICMP,200,APT
1/17/2023 19:00,192.168.1.1,10.0.0.101,8966,UDP,484,DoS
1/17/2023 20:00,192.168.1.4,10.0.0.101,6256,ICMP,137,Malware
1/17/2023 21:00,192.168.1.4,192.168.1.103,6098,TCP,1243,DoS
1/17/2023 22:00,10.0.0.2,10.0.0.101,372,ICMP,1342,Malware
1/17/2023 23:00,192.168.1.4,192.168.1.100,9114,TCP,234,Normal
1/18/2023 0:00,192.168.1.4,172.16.0.102,7025,ICMP,233,Data Injection
1/18/2023 1:00,10.0.0.2,10.0.0.101,178,TCP,935,Normal
1/18/2023 2:00,172.16.0.3,192.168.1.103,976,TCP,385,Malware
1/18/2023 3:00,192.168.1.4,10.0.0.101,2091,UDP,519,Data Injection
1/18/2023 4:00,10.0.0.2,192.168.1.100,8615,TCP,1007,Data Injection
1/18/2023 5:00,192.168.1.1,192.168.1.103,9599,UDP,853,Malware
1/18/2023 6:00,172.16.0.3,10.0.0.101,3473,UDP,676,Malware
1/18/2023 7:00,192.168.1.1,192.168.1.103,6695,UDP,1242,DoS
1/18/2023 8:00,192.168.1.1,192.168.1.100,975,ICMP,952,Malware
1/18/2023 9:00,10.0.0.2,172.16.0.102,6315,ICMP,412,APT
1/18/2023 10:00,192.168.1.4,192.168.1.100,1732,ICMP,1260,Malware
1/18/2023 11:00,10.0.0.2,192.168.1.100,4723,ICMP,73,APT
1/18/2023 12:00,10.0.0.2,192.168.1.100,6583,TCP,803,Malware
1/18/2023 13:00,10.0.0.2,192.168.1.100,9485,TCP,1352,DoS
1/18/2023 14:00,10.0.0.2,172.16.0.102,5651,ICMP,1334,APT
1/18/2023 15:00,172.16.0.3,172.16.0.102,9653,TCP,730,Normal
1/18/2023 16:00,192.168.1.4,192.168.1.103,1414,TCP,609,APT
1/18/2023 17:00,192.168.1.1,10.0.0.101,9481,UDP,192,DoS
1/18/2023 18:00,192.168.1.1,172.16.0.102,4752,UDP,664,APT
1/18/2023 19:00,192.168.1.4,172.16.0.102,3734,UDP,668,Malware
1/18/2023 20:00,192.168.1.1,10.0.0.101,549,UDP,390,Malware
1/18/2023 21:00,192.168.1.4,172.16.0.102,2978,TCP,1043,DoS
1/18/2023 22:00,192.168.1.1,192.168.1.100,7924,ICMP,467,Data Injection
1/18/2023 23:00,10.0.0.2,192.168.1.100,3611,TCP,692,Malware
1/19/2023 0:00,192.168.1.1,10.0.0.101,6915,TCP,1446,Normal
1/19/2023 1:00,192.168.1.4,192.168.1.103,9151,TCP,781,DoS
1/19/2023 2:00,192.168.1.4,192.168.1.103,545,UDP,1104,APT
1/19/2023 3:00,192.168.1.4,10.0.0.101,6497,UDP,337,APT
1/19/2023 4:00,192.168.1.4,10.0.0.101,21,UDP,748,Normal
1/19/2023 5:00,192.168.1.4,192.168.1.100,394,ICMP,179,Malware
1/19/2023 6:00,172.16.0.3,192.168.1.103,4668,TCP,924,DoS
1/19/2023 7:00,172.16.0.3,172.16.0.102,2385,ICMP,756,Normal
1/19/2023 8:00,192.168.1.1,192.168.1.100,1545,UDP,1178,Malware
1/19/2023 9:00,192.168.1.4,10.0.0.101,1666,ICMP,1169,DoS
1/19/2023 10:00,192.168.1.1,192.168.1.103,33,TCP,387,APT
1/19/2023 11:00,192.168.1.4,172.16.0.102,4619,TCP,1024,DoS
1/19/2023 12:00,192.168.1.4,172.16.0.102,2298,UDP,177,Data Injection
1/19/2023 13:00,172.16.0.3,192.168.1.100,3175,UDP,1145,DoS
1/19/2023 14:00,172.16.0.3,192.168.1.103,8341,ICMP,217,Data Injection
1/19/2023 15:00,10.0.0.2,192.168.1.103,3834,UDP,1491,DoS
1/19/2023 16:00,172.16.0.3,10.0.0.101,3236,UDP,1353,Data Injection
1/19/2023 17:00,10.0.0.2,192.168.1.103,8239,TCP,378,APT
1/19/2023 18:00,10.0.0.2,192.168.1.103,2133,UDP,1128,Malware
1/19/2023 19:00,10.0.0.2,192.168.1.100,9464,UDP,168,Data Injection
1/19/2023 20:00,10.0.0.2,192.168.1.103,4376,TCP,1280,Data Injection
1/19/2023 21:00,10.0.0.2,172.16.0.102,5563,TCP,1488,APT
1/19/2023 22:00,192.168.1.1,192.168.1.100,4575,ICMP,1365,Data Injection
1/19/2023 23:00,172.16.0.3,192.168.1.100,7082,UDP,417,Normal
1/20/2023 0:00,10.0.0.2,10.0.0.101,3394,TCP,1079,APT
1/20/2023 1:00,192.168.1.4,192.168.1.103,6450,ICMP,796,Normal
1/20/2023 2:00,172.16.0.3,10.0.0.101,3486,ICMP,772,APT
1/20/2023 3:00,172.16.0.3,172.16.0.102,3101,UDP,1343,Data Injection
1/20/2023 4:00,10.0.0.2,192.168.1.100,649,UDP,714,Normal
1/20/2023 5:00,192.168.1.1,192.168.1.100,289,ICMP,887,Data Injection
1/20/2023 6:00,10.0.0.2,192.168.1.100,5744,TCP,1010,APT
1/20/2023 7:00,192.168.1.1,172.16.0.102,5917,ICMP,724,Data Injection
1/20/2023 8:00,192.168.1.4,172.16.0.102,3452,UDP,162,Normal
1/20/2023 9:00,172.16.0.3,10.0.0.101,9492,TCP,651,Normal
1/20/2023 10:00,192.168.1.4,10.0.0.101,6296,TCP,345,Data Injection
1/20/2023 11:00,192.168.1.1,10.0.0.101,5915,ICMP,466,DoS
1/20/2023 12:00,192.168.1.1,192.168.1.103,7135,UDP,1196,APT
1/20/2023 13:00,192.168.1.4,192.168.1.100,6676,ICMP,763,APT
1/20/2023 14:00,192.168.1.1,192.168.1.100,595,ICMP,262,Data Injection
1/20/2023 15:00,192.168.1.4,10.0.0.101,7049,ICMP,1390,DoS
1/20/2023 16:00,172.16.0.3,192.168.1.100,6119,TCP,390,Normal
1/20/2023 17:00,192.168.1.4,10.0.0.101,9519,TCP,217,Malware
1/20/2023 18:00,172.16.0.3,192.168.1.103,3212,UDP,615,Malware
1/20/2023 19:00,192.168.1.4,192.168.1.103,3198,UDP,468,Data Injection
1/20/2023 20:00,192.168.1.1,172.16.0.102,6072,ICMP,525,DoS
1/20/2023 21:00,192.168.1.4,192.168.1.103,2754,ICMP,195,DoS
1/20/2023 22:00,192.168.1.1,10.0.0.101,6136,ICMP,854,APT
1/20/2023 23:00,192.168.1.4,192.168.1.103,3588,UDP,937,Normal
1/21/2023 0:00,192.168.1.4,172.16.0.102,9867,TCP,147,DoS
1/21/2023 1:00,10.0.0.2,192.168.1.100,9791,TCP,1486,Malware
1/21/2023 2:00,192.168.1.1,10.0.0.101,2223,ICMP,817,Normal
1/21/2023 3:00,10.0.0.2,192.168.1.100,1410,ICMP,691,Normal
1/21/2023 4:00,192.168.1.1,172.16.0.102,1762,ICMP,1196,Data Injection
1/21/2023 5:00,10.0.0.2,172.16.0.102,1945,ICMP,284,DoS
1/21/2023 6:00,172.16.0.3,172.16.0.102,639,UDP,616,Data Injection
1/21/2023 7:00,192.168.1.4,192.168.1.100,1294,TCP,1455,DoS
1/21/2023 8:00,192.168.1.1,192.168.1.100,976,ICMP,1234,APT
1/21/2023 9:00,192.168.1.1,192.168.1.100,1959,UDP,175,Data Injection
1/21/2023 10:00,192.168.1.4,192.168.1.100,3973,ICMP,678,Data Injection
1/21/2023 11:00,192.168.1.1,172.16.0.102,988,ICMP,987,Malware
1/21/2023 12:00,192.168.1.1,172.16.0.102,9528,TCP,538,Data Injection
1/21/2023 13:00,10.0.0.2,10.0.0.101,9255,ICMP,899,DoS
1/21/2023 14:00,192.168.1.1,10.0.0.101,301,TCP,334,Malware
1/21/2023 15:00,172.16.0.3,192.168.1.100,6282,TCP,484,Data Injection
1/21/2023 16:00,172.16.0.3,192.168.1.103,1078,TCP,770,Data Injection
1/21/2023 17:00,192.168.1.4,192.168.1.103,4313,UDP,1454,APT
1/21/2023 18:00,192.168.1.1,172.16.0.102,5198,UDP,1367,Data Injection
1/21/2023 19:00,192.168.1.4,172.16.0.102,7000,TCP,1370,Normal
1/21/2023 20:00,172.16.0.3,172.16.0.102,9220,ICMP,103,Malware
1/21/2023 21:00,192.168.1.1,10.0.0.101,1249,TCP,252,Normal
1/21/2023 22:00,192.168.1.1,10.0.0.101,9247,ICMP,1251,Malware
1/21/2023 23:00,192.168.1.4,172.16.0.102,4605,TCP,1057,APT
1/22/2023 0:00,172.16.0.3,172.16.0.102,8487,ICMP,599,Data Injection
1/22/2023 1:00,192.168.1.1,172.16.0.102,2760,UDP,1091,Data Injection
1/22/2023 2:00,192.168.1.4,192.168.1.103,2309,ICMP,353,Data Injection
1/22/2023 3:00,172.16.0.3,10.0.0.101,1259,TCP,496,Malware
1/22/2023 4:00,192.168.1.4,192.168.1.103,5390,UDP,534,Data Injection
1/22/2023 5:00,10.0.0.2,192.168.1.103,145,ICMP,1268,Normal
1/22/2023 6:00,192.168.1.1,172.16.0.102,7493,ICMP,1335,Data Injection
1/22/2023 7:00,10.0.0.2,172.16.0.102,9420,ICMP,691,APT
1/22/2023 8:00,172.16.0.3,192.168.1.100,5362,ICMP,342,Normal
1/22/2023 9:00,10.0.0.2,192.168.1.100,7371,ICMP,940,Data Injection
1/22/2023 10:00,10.0.0.2,192.168.1.103,6658,UDP,644,Data Injection
1/22/2023 11:00,172.16.0.3,10.0.0.101,6590,UDP,926,DoS
1/22/2023 12:00,192.168.1.4,172.16.0.102,3269,UDP,317,Malware
1/22/2023 13:00,10.0.0.2,172.16.0.102,9130,UDP,244,Normal
1/22/2023 14:00,192.168.1.4,192.168.1.103,7615,TCP,744,DoS
1/22/2023 15:00,10.0.0.2,192.168.1.100,6314,UDP,888,APT
1/22/2023 16:00,192.168.1.4,10.0.0.101,6547,ICMP,763,Malware
1/22/2023 17:00,172.16.0.3,192.168.1.100,5777,ICMP,629,Normal
1/22/2023 18:00,10.0.0.2,192.168.1.100,1989,UDP,1413,Data Injection
1/22/2023 19:00,172.16.0.3,192.168.1.100,911,ICMP,1444,Normal
1/22/2023 20:00,10.0.0.2,192.168.1.100,4490,UDP,743,Data Injection
1/22/2023 21:00,172.16.0.3,172.16.0.102,7195,ICMP,454,Malware
1/22/2023 22:00,172.16.0.3,172.16.0.102,9576,TCP,1172,Data Injection
1/22/2023 23:00,10.0.0.2,192.168.1.100,8340,TCP,1404,APT
1/23/2023 0:00,10.0.0.2,10.0.0.101,9226,UDP,275,Data Injection
1/23/2023 1:00,10.0.0.2,192.168.1.103,6832,UDP,447,APT
1/23/2023 2:00,192.168.1.1,10.0.0.101,7539,UDP,405,Malware
1/23/2023 3:00,192.168.1.4,10.0.0.101,4632,ICMP,907,Malware
1/23/2023 4:00,192.168.1.1,10.0.0.101,9730,UDP,1125,Normal
1/23/2023 5:00,192.168.1.1,192.168.1.100,1218,TCP,483,APT
1/23/2023 6:00,172.16.0.3,172.16.0.102,5258,ICMP,814,APT
1/23/2023 7:00,10.0.0.2,10.0.0.101,6109,UDP,1256,DoS
1/23/2023 8:00,192.168.1.4,192.168.1.100,6277,ICMP,1430,DoS
1/23/2023 9:00,172.16.0.3,10.0.0.101,7725,ICMP,369,DoS
1/23/2023 10:00,192.168.1.1,10.0.0.101,3739,UDP,765,Data Injection
1/23/2023 11:00,10.0.0.2,192.168.1.100,322,ICMP,932,DoS
1/23/2023 12:00,172.16.0.3,172.16.0.102,1006,TCP,600,APT
1/23/2023 13:00,10.0.0.2,172.16.0.102,4460,TCP,1199,Data Injection
1/23/2023 14:00,172.16.0.3,192.168.1.103,4929,ICMP,1498,Malware
1/23/2023 15:00,10.0.0.2,192.168.1.100,3092,UDP,269,Normal
1/23/2023 16:00,192.168.1.1,192.168.1.103,3144,ICMP,1272,DoS
1/23/2023 17:00,192.168.1.4,192.168.1.103,9539,TCP,1469,Malware
1/23/2023 18:00,192.168.1.1,192.168.1.103,8145,ICMP,559,APT
1/23/2023 19:00,192.168.1.4,172.16.0.102,3311,ICMP,1466,Normal
1/23/2023 20:00,10.0.0.2,192.168.1.100,4053,TCP,1134,Malware
1/23/2023 21:00,172.16.0.3,192.168.1.103,5125,ICMP,567,Normal
1/23/2023 22:00,192.168.1.1,192.168.1.100,723,ICMP,1109,DoS
1/23/2023 23:00,192.168.1.4,192.168.1.100,8153,UDP,276,APT
1/24/2023 0:00,192.168.1.1,172.16.0.102,594,UDP,373,Normal
1/24/2023 1:00,192.168.1.4,192.168.1.103,5724,TCP,724,Malware
1/24/2023 2:00,192.168.1.1,192.168.1.103,7868,TCP,816,DoS
1/24/2023 3:00,192.168.1.4,192.168.1.100,5228,TCP,335,DoS
1/24/2023 4:00,192.168.1.4,10.0.0.101,6944,UDP,1001,Malware
1/24/2023 5:00,10.0.0.2,172.16.0.102,3848,TCP,1289,Malware
1/24/2023 6:00,192.168.1.4,172.16.0.102,3250,TCP,95,Normal
1/24/2023 7:00,10.0.0.2,172.16.0.102,508,TCP,506,Data Injection
1/24/2023 8:00,192.168.1.4,172.16.0.102,7134,UDP,225,DoS
1/24/2023 9:00,172.16.0.3,192.168.1.103,9559,ICMP,830,Normal
1/24/2023 10:00,172.16.0.3,192.168.1.103,3193,TCP,317,Malware
1/24/2023 11:00,172.16.0.3,10.0.0.101,1687,ICMP,584,Normal
1/24/2023 12:00,192.168.1.4,172.16.0.102,9849,TCP,1040,Malware
1/24/2023 13:00,10.0.0.2,172.16.0.102,4134,ICMP,73,APT
1/24/2023 14:00,10.0.0.2,192.168.1.100,3573,UDP,789,Malware
1/24/2023 15:00,192.168.1.4,192.168.1.103,7781,UDP,568,Malware
1/24/2023 16:00,172.16.0.3,172.16.0.102,1020,TCP,848,Malware
1/24/2023 17:00,172.16.0.3,10.0.0.101,9062,ICMP,499,Data Injection
1/24/2023 18:00,10.0.0.2,10.0.0.101,1408,UDP,1198,Malware
1/24/2023 19:00,172.16.0.3,192.168.1.103,5470,TCP,216,DoS
1/24/2023 20:00,192.168.1.1,10.0.0.101,3732,TCP,980,DoS
1/24/2023 21:00,10.0.0.2,10.0.0.101,1387,UDP,932,Normal
1/24/2023 22:00,172.16.0.3,192.168.1.103,8209,UDP,1189,Data Injection
1/24/2023 23:00,10.0.0.2,172.16.0.102,9033,TCP,816,Normal
1/25/2023 0:00,192.168.1.1,172.16.0.102,474,ICMP,1278,DoS
1/25/2023 1:00,10.0.0.2,10.0.0.101,9836,ICMP,626,DoS
1/25/2023 2:00,10.0.0.2,10.0.0.101,2792,ICMP,1168,APT
1/25/2023 3:00,10.0.0.2,172.16.0.102,3746,TCP,552,Malware
1/25/2023 4:00,10.0.0.2,192.168.1.103,7252,UDP,958,DoS
1/25/2023 5:00,192.168.1.1,10.0.0.101,4826,TCP,1175,Normal
1/25/2023 6:00,192.168.1.4,192.168.1.100,2210,UDP,1281,Normal
1/25/2023 7:00,10.0.0.2,192.168.1.103,9128,ICMP,167,Malware
1/25/2023 8:00,10.0.0.2,10.0.0.101,2895,ICMP,1183,Malware
1/25/2023 9:00,172.16.0.3,10.0.0.101,5612,UDP,1285,APT
1/25/2023 10:00,10.0.0.2,192.168.1.100,1460,UDP,1088,Data Injection
1/25/2023 11:00,172.16.0.3,192.168.1.100,8947,TCP,1070,Normal
1/25/2023 12:00,192.168.1.4,172.16.0.102,6079,ICMP,470,Malware
1/25/2023 13:00,192.168.1.1,192.168.1.103,7030,TCP,1465,Normal
1/25/2023 14:00,192.168.1.1,192.168.1.103,7137,TCP,230,Malware
1/25/2023 15:00,192.168.1.4,172.16.0.102,9173,TCP,572,DoS
1/25/2023 16:00,192.168.1.1,192.168.1.103,3009,ICMP,376,Normal
1/25/2023 17:00,192.168.1.4,192.168.1.103,9238,TCP,826,DoS
1/25/2023 18:00,192.168.1.4,192.168.1.103,6248,TCP,744,Normal
1/25/2023 19:00,192.168.1.4,192.168.1.103,6491,TCP,540,Data Injection
1/25/2023 20:00,192.168.1.1,192.168.1.103,2883,TCP,136,APT
1/25/2023 21:00,172.16.0.3,192.168.1.100,1197,TCP,1228,DoS
1/25/2023 22:00,192.168.1.4,192.168.1.103,4780,TCP,645,Malware
1/25/2023 23:00,10.0.0.2,192.168.1.100,31,ICMP,325,Data Injection
1/26/2023 0:00,192.168.1.1,192.168.1.103,5272,TCP,1427,Normal
1/26/2023 1:00,192.168.1.4,172.16.0.102,4419,UDP,1395,DoS
1/26/2023 2:00,192.168.1.4,10.0.0.101,8254,TCP,308,Normal
1/26/2023 3:00,10.0.0.2,192.168.1.100,9155,TCP,1424,Normal
1/26/2023 4:00,172.16.0.3,192.168.1.103,5465,ICMP,624,Normal
1/26/2023 5:00,172.16.0.3,172.16.0.102,6590,ICMP,1163,APT
1/26/2023 6:00,172.16.0.3,10.0.0.101,9216,UDP,238,APT
1/26/2023 7:00,192.168.1.4,192.168.1.100,8232,UDP,172,Malware
1/26/2023 8:00,192.168.1.4,10.0.0.101,426,ICMP,246,DoS
1/26/2023 9:00,192.168.1.4,172.16.0.102,9226,ICMP,255,Data Injection
1/26/2023 10:00,192.168.1.1,192.168.1.100,4451,TCP,128,Data Injection
1/26/2023 11:00,10.0.0.2,10.0.0.101,5263,ICMP,1026,Data Injection
1/26/2023 12:00,192.168.1.4,192.168.1.103,6562,UDP,1187,Normal
1/26/2023 13:00,10.0.0.2,192.168.1.100,6956,TCP,927,APT
1/26/2023 14:00,10.0.0.2,10.0.0.101,8926,UDP,1215,DoS
1/26/2023 15:00,172.16.0.3,172.16.0.102,4166,TCP,432,Normal
1/26/2023 16:00,192.168.1.1,172.16.0.102,160,ICMP,914,APT
1/26/2023 17:00,192.168.1.4,192.168.1.100,4902,UDP,106,APT
1/26/2023 18:00,172.16.0.3,10.0.0.101,6032,TCP,551,DoS
1/26/2023 19:00,172.16.0.3,192.168.1.100,983,TCP,141,DoS
1/26/2023 20:00,192.168.1.4,192.168.1.100,7171,ICMP,889,DoS
1/26/2023 21:00,10.0.0.2,10.0.0.101,8584,ICMP,1357,Normal
1/26/2023 22:00,172.16.0.3,10.0.0.101,3630,ICMP,737,Malware
1/26/2023 23:00,10.0.0.2,192.168.1.103,9904,UDP,764,DoS
1/27/2023 0:00,192.168.1.1,10.0.0.101,6914,TCP,822,Malware
1/27/2023 1:00,10.0.0.2,172.16.0.102,7331,ICMP,791,Normal
1/27/2023 2:00,192.168.1.1,192.168.1.100,125,UDP,1402,Malware
1/27/2023 3:00,10.0.0.2,192.168.1.100,5559,UDP,988,Data Injection
1/27/2023 4:00,172.16.0.3,172.16.0.102,9893,UDP,965,Malware
1/27/2023 5:00,172.16.0.3,10.0.0.101,6807,ICMP,952,DoS
1/27/2023 6:00,192.168.1.1,172.16.0.102,2157,ICMP,1056,Normal
1/27/2023 7:00,192.168.1.4,172.16.0.102,4465,TCP,1255,DoS
1/27/2023 8:00,192.168.1.1,192.168.1.103,3550,TCP,402,Data Injection
1/27/2023 9:00,192.168.1.1,172.16.0.102,1306,ICMP,256,DoS
1/27/2023 10:00,10.0.0.2,192.168.1.100,7072,UDP,346,DoS
1/27/2023 11:00,10.0.0.2,172.16.0.102,3674,UDP,1423,DoS
1/27/2023 12:00,192.168.1.1,192.168.1.100,7122,UDP,453,APT
1/27/2023 13:00,172.16.0.3,192.168.1.100,2379,TCP,1063,Data Injection
1/27/2023 14:00,10.0.0.2,192.168.1.100,8125,UDP,588,DoS
1/27/2023 15:00,192.168.1.4,10.0.0.101,8656,TCP,1327,DoS
1/27/2023 16:00,10.0.0.2,192.168.1.103,6461,TCP,722,DoS
1/27/2023 17:00,10.0.0.2,192.168.1.100,5067,UDP,779,Normal
1/27/2023 18:00,192.168.1.4,192.168.1.100,8247,UDP,954,APT
1/27/2023 19:00,192.168.1.1,10.0.0.101,5223,ICMP,1176,Normal
1/27/2023 20:00,192.168.1.4,192.168.1.100,9687,ICMP,1182,APT
1/27/2023 21:00,192.168.1.1,172.16.0.102,1818,UDP,515,DoS
1/27/2023 22:00,192.168.1.1,172.16.0.102,9620,TCP,491,Data Injection
1/27/2023 23:00,192.168.1.1,192.168.1.103,5311,TCP,1238,Malware
1/28/2023 0:00,192.168.1.4,192.168.1.100,5515,TCP,1463,Malware
1/28/2023 1:00,192.168.1.1,10.0.0.101,9920,TCP,1109,DoS
1/28/2023 2:00,172.16.0.3,172.16.0.102,6304,TCP,946,Normal
1/28/2023 3:00,192.168.1.4,10.0.0.101,7305,ICMP,376,Data Injection
1/28/2023 4:00,172.16.0.3,10.0.0.101,1320,UDP,903,APT
1/28/2023 5:00,192.168.1.1,172.16.0.102,6889,ICMP,582,DoS
1/28/2023 6:00,10.0.0.2,10.0.0.101,9455,TCP,1293,Data Injection
1/28/2023 7:00,192.168.1.1,172.16.0.102,3117,TCP,438,Data Injection
1/28/2023 8:00,172.16.0.3,10.0.0.101,4636,TCP,514,APT
1/28/2023 9:00,172.16.0.3,172.16.0.102,29,TCP,1078,Data Injection
1/28/2023 10:00,192.168.1.4,192.168.1.100,5772,UDP,658,Normal
1/28/2023 11:00,10.0.0.2,192.168.1.103,9872,TCP,1266,Normal
1/28/2023 12:00,192.168.1.4,172.16.0.102,6315,UDP,1297,Normal
1/28/2023 13:00,172.16.0.3,172.16.0.102,4835,TCP,563,Data Injection
1/28/2023 14:00,192.168.1.1,192.168.1.103,1092,UDP,527,Normal
1/28/2023 15:00,10.0.0.2,172.16.0.102,3245,ICMP,1211,APT
1/28/2023 16:00,192.168.1.1,172.16.0.102,1336,TCP,176,Data Injection
1/28/2023 17:00,192.168.1.1,10.0.0.101,5719,UDP,1099,Malware
1/28/2023 18:00,10.0.0.2,192.168.1.103,6827,ICMP,1213,Data Injection
1/28/2023 19:00,192.168.1.4,192.168.1.100,6694,TCP,394,APT
1/28/2023 20:00,192.168.1.1,172.16.0.102,3703,TCP,1370,Malware
1/28/2023 21:00,172.16.0.3,192.168.1.103,7247,TCP,203,Data Injection
1/28/2023 22:00,192.168.1.1,10.0.0.101,3293,UDP,1488,Normal
1/28/2023 23:00,10.0.0.2,192.168.1.100,7020,UDP,965,DoS
1/29/2023 0:00,10.0.0.2,192.168.1.103,165,ICMP,1184,DoS
1/29/2023 1:00,10.0.0.2,192.168.1.100,5030,UDP,580,Normal
1/29/2023 2:00,192.168.1.4,192.168.1.100,3060,UDP,632,DoS
1/29/2023 3:00,192.168.1.1,192.168.1.100,9674,TCP,909,DoS
1/29/2023 4:00,192.168.1.4,172.16.0.102,9796,TCP,1156,Normal
1/29/2023 5:00,192.168.1.4,172.16.0.102,502,TCP,181,Normal
1/29/2023 6:00,10.0.0.2,10.0.0.101,3199,TCP,951,Data Injection
1/29/2023 7:00,10.0.0.2,10.0.0.101,1269,TCP,1146,Data Injection
1/29/2023 8:00,192.168.1.4,192.168.1.103,650,TCP,1120,Normal
1/29/2023 9:00,192.168.1.1,10.0.0.101,8873,TCP,1405,APT
1/29/2023 10:00,172.16.0.3,192.168.1.100,2872,ICMP,113,DoS
1/29/2023 11:00,192.168.1.4,192.168.1.100,1007,ICMP,82,Data Injection
1/29/2023 12:00,192.168.1.1,172.16.0.102,7642,ICMP,789,DoS
1/29/2023 13:00,10.0.0.2,192.168.1.100,7347,ICMP,260,Malware
1/29/2023 14:00,10.0.0.2,192.168.1.103,9758,TCP,622,Normal
1/29/2023 15:00,192.168.1.1,192.168.1.100,8861,ICMP,515,APT
1/29/2023 16:00,172.16.0.3,192.168.1.100,9180,TCP,352,Malware
1/29/2023 17:00,10.0.0.2,192.168.1.103,1120,ICMP,1228,Malware
1/29/2023 18:00,10.0.0.2,10.0.0.101,6672,UDP,1171,Malware
1/29/2023 19:00,10.0.0.2,10.0.0.101,8652,ICMP,454,Normal
1/29/2023 20:00,192.168.1.1,192.168.1.103,7441,ICMP,278,Data Injection
1/29/2023 21:00,192.168.1.4,172.16.0.102,5036,TCP,278,Normal
1/29/2023 22:00,10.0.0.2,192.168.1.100,789,ICMP,1490,Data Injection
1/29/2023 23:00,192.168.1.4,192.168.1.103,1363,UDP,191,Malware
1/30/2023 0:00,172.16.0.3,192.168.1.100,4378,TCP,823,Malware
1/30/2023 1:00,10.0.0.2,172.16.0.102,9789,TCP,467,APT
1/30/2023 2:00,10.0.0.2,192.168.1.100,6800,ICMP,1116,Data Injection
1/30/2023 3:00,172.16.0.3,192.168.1.103,6622,TCP,401,Malware
1/30/2023 4:00,10.0.0.2,192.168.1.100,2369,TCP,894,DoS
1/30/2023 5:00,192.168.1.4,10.0.0.101,5719,TCP,777,APT
1/30/2023 6:00,192.168.1.1,172.16.0.102,1261,TCP,424,Normal
1/30/2023 7:00,192.168.1.4,172.16.0.102,1145,TCP,632,APT
1/30/2023 8:00,192.168.1.1,172.16.0.102,9402,TCP,1479,DoS
1/30/2023 9:00,192.168.1.1,192.168.1.103,6784,UDP,281,Data Injection
1/30/2023 10:00,192.168.1.4,172.16.0.102,5121,ICMP,265,Normal
1/30/2023 11:00,192.168.1.4,10.0.0.101,7863,UDP,80,Normal
1/30/2023 12:00,192.168.1.4,192.168.1.103,92,TCP,385,Data Injection
1/30/2023 13:00,192.168.1.4,10.0.0.101,5492,TCP,581,APT
1/30/2023 14:00,172.16.0.3,192.168.1.100,5209,ICMP,1412,Malware
1/30/2023 15:00,10.0.0.2,192.168.1.100,2492,UDP,1499,APT
1/30/2023 16:00,192.168.1.1,192.168.1.100,727,ICMP,1405,DoS
1/30/2023 17:00,192.168.1.4,192.168.1.100,1824,UDP,744,Malware
1/30/2023 18:00,192.168.1.4,10.0.0.101,6724,TCP,1169,APT
1/30/2023 19:00,192.168.1.4,192.168.1.103,3733,ICMP,488,Data Injection
1/30/2023 20:00,172.16.0.3,192.168.1.103,5071,ICMP,1291,DoS
1/30/2023 21:00,192.168.1.4,172.16.0.102,2495,TCP,1082,DoS
1/30/2023 22:00,192.168.1.4,10.0.0.101,3630,ICMP,450,DoS
1/30/2023 23:00,192.168.1.4,192.168.1.100,4275,UDP,841,Malware
1/31/2023 0:00,10.0.0.2,10.0.0.101,7417,UDP,161,Normal
1/31/2023 1:00,172.16.0.3,172.16.0.102,1755,UDP,1432,Malware
1/31/2023 2:00,192.168.1.4,172.16.0.102,9797,UDP,271,APT
1/31/2023 3:00,192.168.1.1,10.0.0.101,8278,TCP,649,Normal
1/31/2023 4:00,192.168.1.1,10.0.0.101,7999,ICMP,229,APT
1/31/2023 5:00,192.168.1.1,10.0.0.101,2448,UDP,85,Normal
1/31/2023 6:00,172.16.0.3,192.168.1.103,7446,TCP,217,Malware
1/31/2023 7:00,172.16.0.3,192.168.1.100,8553,ICMP,1382,DoS
1/31/2023 8:00,192.168.1.1,10.0.0.101,5269,ICMP,282,Data Injection
1/31/2023 9:00,192.168.1.4,10.0.0.101,5311,TCP,732,DoS
1/31/2023 10:00,172.16.0.3,10.0.0.101,2837,TCP,293,Malware
1/31/2023 11:00,192.168.1.1,172.16.0.102,9444,UDP,83,Normal
1/31/2023 12:00,192.168.1.1,172.16.0.102,3894,ICMP,616,DoS
1/31/2023 13:00,192.168.1.4,192.168.1.103,9706,ICMP,1013,Malware
1/31/2023 14:00,10.0.0.2,192.168.1.100,4231,TCP,211,APT
1/31/2023 15:00,172.16.0.3,192.168.1.103,681,ICMP,1195,Data Injection
1/31/2023 16:00,192.168.1.4,192.168.1.100,3394,UDP,466,DoS
1/31/2023 17:00,192.168.1.1,172.16.0.102,9228,ICMP,659,Normal
1/31/2023 18:00,192.168.1.1,172.16.0.102,227,TCP,430,APT
1/31/2023 19:00,192.168.1.4,172.16.0.102,2685,TCP,1396,Malware
1/31/2023 20:00,172.16.0.3,192.168.1.103,2513,UDP,865,Data Injection
1/31/2023 21:00,10.0.0.2,10.0.0.101,6833,UDP,981,Normal
1/31/2023 22:00,10.0.0.2,10.0.0.101,652,ICMP,1221,Malware
1/31/2023 23:00,192.168.1.1,172.16.0.102,3103,ICMP,1370,Malware
2/1/2023 0:00,172.16.0.3,10.0.0.101,3739,TCP,136,DoS
2/1/2023 1:00,10.0.0.2,10.0.0.101,7143,UDP,544,DoS
2/1/2023 2:00,172.16.0.3,192.168.1.103,1699,UDP,1439,Normal
2/1/2023 3:00,172.16.0.3,192.168.1.100,256,UDP,623,Malware
2/1/2023 4:00,192.168.1.1,172.16.0.102,7466,ICMP,1413,DoS
2/1/2023 5:00,10.0.0.2,172.16.0.102,4463,UDP,808,Data Injection
2/1/2023 6:00,192.168.1.4,192.168.1.103,6790,TCP,163,Data Injection
2/1/2023 7:00,192.168.1.1,192.168.1.103,9752,TCP,1146,Malware
2/1/2023 8:00,10.0.0.2,10.0.0.101,6119,ICMP,571,DoS
2/1/2023 9:00,10.0.0.2,172.16.0.102,8575,ICMP,321,Normal
2/1/2023 10:00,10.0.0.2,192.168.1.100,2388,UDP,476,Normal
2/1/2023 11:00,10.0.0.2,192.168.1.103,305,ICMP,1152,Normal
2/1/2023 12:00,10.0.0.2,192.168.1.100,168,TCP,658,Data Injection
2/1/2023 13:00,172.16.0.3,192.168.1.100,4057,UDP,1241,DoS
2/1/2023 14:00,192.168.1.1,172.16.0.102,6569,TCP,329,DoS
2/1/2023 15:00,172.16.0.3,172.16.0.102,7141,UDP,884,Data Injection
2/1/2023 16:00,192.168.1.4,192.168.1.103,9978,ICMP,1166,Normal
2/1/2023 17:00,10.0.0.2,172.16.0.102,4915,UDP,1402,Normal
2/1/2023 18:00,192.168.1.1,172.16.0.102,5300,UDP,725,Malware
2/1/2023 19:00,10.0.0.2,172.16.0.102,1032,TCP,1010,APT
2/1/2023 20:00,192.168.1.1,192.168.1.100,9735,TCP,623,DoS
2/1/2023 21:00,172.16.0.3,192.168.1.103,2805,UDP,980,DoS
2/1/2023 22:00,192.168.1.1,10.0.0.101,3745,ICMP,954,DoS
2/1/2023 23:00,192.168.1.4,192.168.1.100,4596,ICMP,1335,APT
2/2/2023 0:00,192.168.1.4,172.16.0.102,5802,TCP,931,Malware
2/2/2023 1:00,192.168.1.1,192.168.1.100,6277,ICMP,673,APT
2/2/2023 2:00,192.168.1.1,172.16.0.102,9813,TCP,477,Normal
2/2/2023 3:00,192.168.1.1,172.16.0.102,2428,ICMP,88,Normal
2/2/2023 4:00,192.168.1.1,192.168.1.100,360,UDP,347,DoS
2/2/2023 5:00,192.168.1.4,192.168.1.103,2837,TCP,944,Data Injection
2/2/2023 6:00,10.0.0.2,172.16.0.102,2516,TCP,364,DoS
2/2/2023 7:00,192.168.1.1,192.168.1.103,5982,UDP,1155,Data Injection
2/2/2023 8:00,192.168.1.1,10.0.0.101,5319,TCP,1094,APT
2/2/2023 9:00,192.168.1.4,172.16.0.102,9937,ICMP,880,Normal
2/2/2023 10:00,192.168.1.4,192.168.1.103,7594,ICMP,1224,Data Injection
2/2/2023 11:00,172.16.0.3,192.168.1.103,1709,TCP,1251,APT
2/2/2023 12:00,192.168.1.1,10.0.0.101,3287,ICMP,146,Normal
2/2/2023 13:00,172.16.0.3,192.168.1.103,4426,TCP,1160,Data Injection
2/2/2023 14:00,192.168.1.4,192.168.1.103,8473,UDP,1324,DoS
2/2/2023 15:00,192.168.1.4,10.0.0.101,1462,TCP,109,DoS
2/2/2023 16:00,10.0.0.2,172.16.0.102,8617,UDP,681,DoS
2/2/2023 17:00,192.168.1.1,192.168.1.103,4457,ICMP,991,APT
2/2/2023 18:00,172.16.0.3,192.168.1.103,5455,UDP,325,DoS
2/2/2023 19:00,192.168.1.4,192.168.1.103,8455,ICMP,239,Malware
2/2/2023 20:00,192.168.1.4,192.168.1.100,4127,TCP,1253,Normal
2/2/2023 21:00,172.16.0.3,10.0.0.101,580,ICMP,720,APT
2/2/2023 22:00,10.0.0.2,192.168.1.100,8805,TCP,905,DoS
2/2/2023 23:00,192.168.1.4,10.0.0.101,5568,TCP,433,Normal
2/3/2023 0:00,192.168.1.1,172.16.0.102,1846,UDP,117,Data Injection
2/3/2023 1:00,192.168.1.4,172.16.0.102,7649,UDP,753,DoS
2/3/2023 2:00,192.168.1.1,192.168.1.103,8345,UDP,1428,Normal
2/3/2023 3:00,172.16.0.3,10.0.0.101,3158,UDP,1214,Malware
2/3/2023 4:00,192.168.1.1,172.16.0.102,7713,ICMP,1496,Data Injection
2/3/2023 5:00,172.16.0.3,10.0.0.101,8284,ICMP,430,Malware
2/3/2023 6:00,192.168.1.1,172.16.0.102,7862,ICMP,1358,Normal
2/3/2023 7:00,172.16.0.3,192.168.1.100,6741,TCP,707,Malware
2/3/2023 8:00,192.168.1.1,172.16.0.102,7022,ICMP,442,Normal
2/3/2023 9:00,10.0.0.2,192.168.1.100,4245,ICMP,136,Normal
2/3/2023 10:00,192.168.1.1,172.16.0.102,2998,ICMP,978,Malware
2/3/2023 11:00,192.168.1.1,192.168.1.103,7393,UDP,1335,Normal
2/3/2023 12:00,10.0.0.2,192.168.1.100,5927,ICMP,923,DoS
2/3/2023 13:00,192.168.1.4,172.16.0.102,6117,TCP,106,Normal
2/3/2023 14:00,192.168.1.4,192.168.1.103,5676,UDP,440,APT
2/3/2023 15:00,192.168.1.1,192.168.1.100,9004,TCP,1128,Normal
2/3/2023 16:00,10.0.0.2,192.168.1.103,4279,ICMP,233,APT
2/3/2023 17:00,192.168.1.1,10.0.0.101,8306,UDP,275,Normal
2/3/2023 18:00,172.16.0.3,10.0.0.101,5921,TCP,102,Normal
2/3/2023 19:00,172.16.0.3,192.168.1.100,9345,ICMP,432,Malware
2/3/2023 20:00,192.168.1.1,172.16.0.102,4937,TCP,820,DoS
2/3/2023 21:00,192.168.1.4,192.168.1.100,8449,TCP,214,DoS
2/3/2023 22:00,192.168.1.4,192.168.1.103,2550,TCP,1198,Data Injection
2/3/2023 23:00,192.168.1.1,172.16.0.102,1980,ICMP,1134,Malware
2/4/2023 0:00,192.168.1.1,10.0.0.101,7065,ICMP,1087,Malware
2/4/2023 1:00,172.16.0.3,172.16.0.102,1068,TCP,800,DoS
2/4/2023 2:00,192.168.1.4,10.0.0.101,5792,UDP,1453,Malware
2/4/2023 3:00,192.168.1.1,172.16.0.102,2549,UDP,132,DoS
2/4/2023 4:00,172.16.0.3,172.16.0.102,2984,ICMP,362,Malware
2/4/2023 5:00,192.168.1.4,172.16.0.102,7157,ICMP,1007,Normal
2/4/2023 6:00,10.0.0.2,192.168.1.103,983,ICMP,865,DoS
2/4/2023 7:00,172.16.0.3,192.168.1.103,556,ICMP,359,DoS
2/4/2023 8:00,192.168.1.4,192.168.1.100,7360,ICMP,266,APT
2/4/2023 9:00,192.168.1.4,192.168.1.100,7199,UDP,124,Malware
2/4/2023 10:00,172.16.0.3,10.0.0.101,7987,ICMP,1009,Malware
2/4/2023 11:00,10.0.0.2,192.168.1.103,8754,TCP,1026,DoS
2/4/2023 12:00,172.16.0.3,10.0.0.101,865,TCP,1401,Normal
2/4/2023 13:00,192.168.1.4,192.168.1.100,5797,UDP,1248,Normal
2/4/2023 14:00,192.168.1.1,10.0.0.101,3056,TCP,394,Normal
2/4/2023 15:00,192.168.1.1,192.168.1.100,5967,UDP,401,Malware
2/4/2023 16:00,172.16.0.3,192.168.1.103,2514,UDP,1391,APT
2/4/2023 17:00,192.168.1.4,172.16.0.102,2739,TCP,1425,DoS
2/4/2023 18:00,192.168.1.1,192.168.1.103,1904,ICMP,702,Data Injection
2/4/2023 19:00,192.168.1.4,10.0.0.101,4369,TCP,338,APT
2/4/2023 20:00,172.16.0.3,10.0.0.101,5199,TCP,1251,Data Injection
2/4/2023 21:00,192.168.1.1,192.168.1.103,6630,UDP,382,APT
2/4/2023 22:00,192.168.1.4,192.168.1.103,6450,TCP,652,Normal
2/4/2023 23:00,192.168.1.1,192.168.1.100,7174,UDP,567,Malware
2/5/2023 0:00,172.16.0.3,10.0.0.101,6508,ICMP,450,Data Injection
2/5/2023 1:00,192.168.1.4,10.0.0.101,4757,ICMP,933,APT
2/5/2023 2:00,192.168.1.1,192.168.1.103,6545,ICMP,896,Malware
2/5/2023 3:00,172.16.0.3,172.16.0.102,3870,TCP,1078,Data Injection
2/5/2023 4:00,192.168.1.1,10.0.0.101,709,UDP,666,DoS
2/5/2023 5:00,192.168.1.1,172.16.0.102,5195,ICMP,754,APT
2/5/2023 6:00,10.0.0.2,192.168.1.103,8668,UDP,557,DoS
2/5/2023 7:00,10.0.0.2,192.168.1.103,5098,UDP,553,Normal
2/5/2023 8:00,172.16.0.3,192.168.1.100,5468,ICMP,784,DoS
2/5/2023 9:00,10.0.0.2,10.0.0.101,1199,ICMP,1160,DoS
2/5/2023 10:00,172.16.0.3,172.16.0.102,9094,UDP,572,APT
2/5/2023 11:00,10.0.0.2,192.168.1.100,6426,ICMP,453,Normal
2/5/2023 12:00,192.168.1.1,10.0.0.101,8611,UDP,358,DoS
2/5/2023 13:00,172.16.0.3,192.168.1.100,6927,UDP,1456,Malware
2/5/2023 14:00,172.16.0.3,192.168.1.103,8820,ICMP,859,Data Injection
2/5/2023 15:00,192.168.1.1,10.0.0.101,1658,TCP,928,DoS
2/5/2023 16:00,172.16.0.3,192.168.1.100,5691,ICMP,612,Normal
2/5/2023 17:00,172.16.0.3,192.168.1.100,6948,TCP,712,DoS
2/5/2023 18:00,10.0.0.2,172.16.0.102,1402,UDP,631,Data Injection
2/5/2023 19:00,172.16.0.3,192.168.1.100,1423,UDP,1274,Normal
2/5/2023 20:00,192.168.1.4,10.0.0.101,9031,TCP,916,APT
2/5/2023 21:00,192.168.1.1,10.0.0.101,3312,UDP,833,Normal
2/5/2023 22:00,10.0.0.2,172.16.0.102,9031,TCP,508,APT
2/5/2023 23:00,10.0.0.2,10.0.0.101,439,TCP,426,Normal
2/6/2023 0:00,192.168.1.4,192.168.1.103,4537,UDP,186,Data Injection
2/6/2023 1:00,192.168.1.1,10.0.0.101,3322,TCP,1275,Data Injection
2/6/2023 2:00,192.168.1.1,10.0.0.101,7877,ICMP,805,Normal
2/6/2023 3:00,10.0.0.2,192.168.1.100,9720,ICMP,743,DoS
2/6/2023 4:00,172.16.0.3,192.168.1.100,7890,UDP,483,Data Injection
2/6/2023 5:00,10.0.0.2,10.0.0.101,5713,UDP,1339,APT
2/6/2023 6:00,192.168.1.1,172.16.0.102,787,TCP,1422,APT
2/6/2023 7:00,192.168.1.4,192.168.1.100,2064,TCP,155,Malware
2/6/2023 8:00,10.0.0.2,172.16.0.102,1569,TCP,126,APT
2/6/2023 9:00,192.168.1.1,10.0.0.101,9976,TCP,575,Malware
2/6/2023 10:00,10.0.0.2,10.0.0.101,6160,ICMP,1226,Normal
2/6/2023 11:00,172.16.0.3,192.168.1.103,3736,ICMP,1272,Normal
2/6/2023 12:00,10.0.0.2,192.168.1.100,4501,UDP,1292,Normal
2/6/2023 13:00,10.0.0.2,10.0.0.101,7918,TCP,835,DoS
2/6/2023 14:00,192.168.1.1,192.168.1.103,6568,TCP,1301,DoS
2/6/2023 15:00,192.168.1.1,192.168.1.100,2313,UDP,319,Malware
2/6/2023 16:00,192.168.1.1,10.0.0.101,4857,TCP,198,APT
2/6/2023 17:00,10.0.0.2,10.0.0.101,7778,TCP,938,APT
2/6/2023 18:00,172.16.0.3,192.168.1.100,6813,TCP,885,Normal
2/6/2023 19:00,192.168.1.4,192.168.1.100,7658,TCP,151,Data Injection
2/6/2023 20:00,192.168.1.4,192.168.1.100,8013,TCP,1051,DoS
2/6/2023 21:00,192.168.1.1,10.0.0.101,6027,UDP,1294,DoS
2/6/2023 22:00,192.168.1.1,10.0.0.101,5562,TCP,1216,Normal
2/6/2023 23:00,10.0.0.2,192.168.1.103,9112,UDP,886,DoS
2/7/2023 0:00,192.168.1.4,172.16.0.102,6376,TCP,1090,Normal
2/7/2023 1:00,192.168.1.1,192.168.1.100,8453,ICMP,1037,Malware
2/7/2023 2:00,172.16.0.3,10.0.0.101,7400,ICMP,997,APT
2/7/2023 3:00,172.16.0.3,10.0.0.101,2405,ICMP,184,Data Injection
2/7/2023 4:00,192.168.1.1,192.168.1.100,4288,ICMP,1472,APT
2/7/2023 5:00,192.168.1.1,172.16.0.102,691,UDP,1125,APT
2/7/2023 6:00,192.168.1.4,192.168.1.100,183,UDP,1428,Malware
2/7/2023 7:00,192.168.1.4,172.16.0.102,8676,TCP,1071,DoS
2/7/2023 8:00,10.0.0.2,10.0.0.101,4612,ICMP,988,Data Injection
2/7/2023 9:00,192.168.1.4,172.16.0.102,4815,UDP,708,DoS
2/7/2023 10:00,172.16.0.3,192.168.1.103,4818,TCP,777,APT
2/7/2023 11:00,172.16.0.3,10.0.0.101,6056,TCP,923,Normal
2/7/2023 12:00,192.168.1.1,192.168.1.103,2375,UDP,84,APT
2/7/2023 13:00,192.168.1.4,192.168.1.100,5907,ICMP,305,DoS
2/7/2023 14:00,10.0.0.2,192.168.1.100,7981,TCP,518,APT
2/7/2023 15:00,172.16.0.3,192.168.1.100,5847,ICMP,1026,Normal
2/7/2023 16:00,172.16.0.3,172.16.0.102,8757,ICMP,684,Malware
2/7/2023 17:00,10.0.0.2,10.0.0.101,4739,ICMP,366,DoS
2/7/2023 18:00,10.0.0.2,192.168.1.100,613,TCP,866,APT
2/7/2023 19:00,172.16.0.3,192.168.1.100,4859,ICMP,1027,DoS
2/7/2023 20:00,172.16.0.3,10.0.0.101,7414,TCP,132,Malware
2/7/2023 21:00,10.0.0.2,192.168.1.100,9671,ICMP,1216,APT
2/7/2023 22:00,172.16.0.3,192.168.1.103,3513,TCP,259,APT
2/7/2023 23:00,192.168.1.1,10.0.0.101,6184,ICMP,203,DoS
2/8/2023 0:00,192.168.1.1,10.0.0.101,2692,UDP,346,DoS
2/8/2023 1:00,10.0.0.2,10.0.0.101,4220,ICMP,375,Normal
2/8/2023 2:00,192.168.1.4,192.168.1.103,36,ICMP,809,Malware
2/8/2023 3:00,10.0.0.2,10.0.0.101,3211,TCP,340,Normal
2/8/2023 4:00,10.0.0.2,192.168.1.103,412,TCP,124,APT
2/8/2023 5:00,192.168.1.4,10.0.0.101,8636,ICMP,1406,DoS
2/8/2023 6:00,192.168.1.4,172.16.0.102,6292,UDP,115,APT
2/8/2023 7:00,192.168.1.4,192.168.1.100,591,UDP,216,APT
2/8/2023 8:00,192.168.1.1,172.16.0.102,3651,TCP,1398,Data Injection
2/8/2023 9:00,172.16.0.3,192.168.1.100,6192,UDP,607,Data Injection
2/8/2023 10:00,192.168.1.1,192.168.1.103,9332,ICMP,630,APT
2/8/2023 11:00,172.16.0.3,172.16.0.102,7197,TCP,1476,DoS
2/8/2023 12:00,192.168.1.1,10.0.0.101,8453,ICMP,685,APT
2/8/2023 13:00,172.16.0.3,192.168.1.100,3917,TCP,1264,Data Injection
2/8/2023 14:00,192.168.1.1,192.168.1.100,8143,TCP,1449,DoS
2/8/2023 15:00,192.168.1.4,172.16.0.102,2299,TCP,377,APT
2/8/2023 16:00,10.0.0.2,192.168.1.103,9000,TCP,870,Malware
2/8/2023 17:00,192.168.1.1,172.16.0.102,7471,UDP,911,Malware
2/8/2023 18:00,172.16.0.3,192.168.1.103,8926,ICMP,160,APT
2/8/2023 19:00,192.168.1.4,192.168.1.103,795,ICMP,944,DoS
2/8/2023 20:00,192.168.1.1,192.168.1.100,6889,ICMP,1300,APT
2/8/2023 21:00,192.168.1.1,172.16.0.102,2267,TCP,892,APT
2/8/2023 22:00,192.168.1.4,172.16.0.102,7108,UDP,200,Data Injection
2/8/2023 23:00,192.168.1.1,192.168.1.103,98,ICMP,1093,Malware
2/9/2023 0:00,10.0.0.2,172.16.0.102,8100,UDP,1074,Data Injection
2/9/2023 1:00,192.168.1.1,10.0.0.101,7119,TCP,172,Data Injection
2/9/2023 2:00,10.0.0.2,10.0.0.101,3946,ICMP,610,APT
2/9/2023 3:00,10.0.0.2,172.16.0.102,9067,UDP,1126,Data Injection
2/9/2023 4:00,192.168.1.4,172.16.0.102,7360,TCP,725,Malware
2/9/2023 5:00,192.168.1.1,192.168.1.103,7103,UDP,488,Data Injection
2/9/2023 6:00,192.168.1.4,10.0.0.101,6250,ICMP,693,Malware
2/9/2023 7:00,192.168.1.1,10.0.0.101,9243,ICMP,324,Data Injection
2/9/2023 8:00,192.168.1.1,192.168.1.100,4960,TCP,150,Malware
2/9/2023 9:00,172.16.0.3,192.168.1.103,3291,TCP,528,Data Injection
2/9/2023 10:00,192.168.1.1,192.168.1.100,3476,TCP,139,Data Injection
2/9/2023 11:00,192.168.1.4,10.0.0.101,7808,UDP,534,DoS
2/9/2023 12:00,10.0.0.2,192.168.1.103,8619,UDP,477,Malware
2/9/2023 13:00,192.168.1.1,172.16.0.102,7670,UDP,888,Malware
2/9/2023 14:00,172.16.0.3,192.168.1.103,2731,TCP,958,Malware
2/9/2023 15:00,192.168.1.4,172.16.0.102,1688,ICMP,789,Normal
2/9/2023 16:00,192.168.1.1,172.16.0.102,167,ICMP,520,Data Injection
2/9/2023 17:00,192.168.1.4,192.168.1.103,6440,UDP,1372,Malware
2/9/2023 18:00,172.16.0.3,172.16.0.102,385,UDP,1326,Normal
2/9/2023 19:00,172.16.0.3,192.168.1.100,9886,ICMP,716,DoS
2/9/2023 20:00,192.168.1.4,10.0.0.101,4551,ICMP,735,Malware
2/9/2023 21:00,192.168.1.1,172.16.0.102,5350,UDP,1459,Malware
2/9/2023 22:00,10.0.0.2,192.168.1.100,5530,UDP,558,Normal
2/9/2023 23:00,172.16.0.3,172.16.0.102,8774,ICMP,1132,Data Injection
2/10/2023 0:00,192.168.1.1,10.0.0.101,8984,TCP,1488,DoS
2/10/2023 1:00,192.168.1.1,192.168.1.100,6513,UDP,1334,Malware
2/10/2023 2:00,10.0.0.2,10.0.0.101,5459,ICMP,660,Data Injection
2/10/2023 3:00,172.16.0.3,10.0.0.101,9785,ICMP,513,DoS
2/10/2023 4:00,172.16.0.3,192.168.1.100,6531,ICMP,548,APT
2/10/2023 5:00,192.168.1.1,192.168.1.100,7524,ICMP,709,APT
2/10/2023 6:00,192.168.1.1,192.168.1.100,1266,TCP,683,DoS
2/10/2023 7:00,10.0.0.2,192.168.1.103,3859,ICMP,1105,Normal
2/10/2023 8:00,10.0.0.2,192.168.1.100,8571,UDP,725,DoS
2/10/2023 9:00,172.16.0.3,192.168.1.100,2396,TCP,821,DoS
2/10/2023 10:00,192.168.1.4,192.168.1.100,3029,ICMP,352,Normal
2/10/2023 11:00,172.16.0.3,192.168.1.100,9174,TCP,784,Normal
2/10/2023 12:00,192.168.1.1,172.16.0.102,1847,UDP,701,Data Injection
2/10/2023 13:00,172.16.0.3,192.168.1.103,6999,ICMP,298,Data Injection
2/10/2023 14:00,192.168.1.4,10.0.0.101,9825,UDP,479,Normal
2/10/2023 15:00,10.0.0.2,192.168.1.100,9852,ICMP,1001,APT
2/10/2023 16:00,192.168.1.4,172.16.0.102,8589,ICMP,562,APT
2/10/2023 17:00,192.168.1.4,172.16.0.102,4305,ICMP,1037,DoS
2/10/2023 18:00,192.168.1.4,172.16.0.102,6930,ICMP,697,Malware
2/10/2023 19:00,10.0.0.2,10.0.0.101,8581,ICMP,1083,DoS
2/10/2023 20:00,192.168.1.4,192.168.1.100,2216,TCP,178,DoS
2/10/2023 21:00,192.168.1.4,192.168.1.103,3767,ICMP,995,Malware
2/10/2023 22:00,192.168.1.4,192.168.1.103,8863,ICMP,737,Normal
2/10/2023 23:00,192.168.1.1,172.16.0.102,5998,TCP,1321,APT
2/11/2023 0:00,192.168.1.4,10.0.0.101,5627,TCP,1098,DoS
2/11/2023 1:00,10.0.0.2,10.0.0.101,789,TCP,269,Malware
2/11/2023 2:00,192.168.1.4,10.0.0.101,800,TCP,310,Data Injection
2/11/2023 3:00,192.168.1.4,192.168.1.103,9928,TCP,821,DoS
2/11/2023 4:00,10.0.0.2,172.16.0.102,6323,TCP,1214,APT
2/11/2023 5:00,192.168.1.4,192.168.1.100,4003,ICMP,210,Normal
2/11/2023 6:00,10.0.0.2,192.168.1.103,9523,ICMP,181,DoS
2/11/2023 7:00,192.168.1.4,172.16.0.102,8734,UDP,1469,DoS
2/11/2023 8:00,10.0.0.2,172.16.0.102,541,ICMP,475,Malware
2/11/2023 9:00,192.168.1.4,192.168.1.100,9147,ICMP,426,Data Injection
2/11/2023 10:00,192.168.1.4,192.168.1.100,7589,TCP,200,Data Injection
2/11/2023 11:00,192.168.1.1,192.168.1.100,5804,TCP,1262,Normal
2/11/2023 12:00,192.168.1.1,10.0.0.101,4603,ICMP,1376,APT
2/11/2023 13:00,192.168.1.4,192.168.1.100,5966,UDP,1021,Normal
2/11/2023 14:00,192.168.1.4,172.16.0.102,4961,TCP,82,DoS
2/11/2023 15:00,172.16.0.3,192.168.1.100,6287,ICMP,258,DoS
