timestamp,source_ip,destination_ip,port,protocol,packet_size,attack_type,source_ip_valid,destination_ip_valid,hour,weekday
2023-01-01 00:00:00,172.16.0.3,10.0.0.101,8002,UDP,783,Dos,True,True,0,Sunday
2023-01-01 01:00:00,192.168.1.4,172.16.0.102,4127,TCP,1201,Data Injection,True,True,1,Sunday
2023-01-01 02:00:00,192.168.1.1,192.168.1.100,1361,UDP,543,Apt,True,True,2,Sunday
2023-01-01 03:00:00,172.16.0.3,192.168.1.100,8427,UDP,85,Normal,True,True,3,Sunday
2023-01-01 04:00:00,172.16.0.3,192.168.1.100,358,UDP,1436,Malware,True,True,4,Sunday
2023-01-01 05:00:00,192.168.1.4,192.168.1.100,5915,TCP,746,Dos,True,True,5,Sunday
2023-01-01 06:00:00,192.168.1.1,192.168.1.103,2728,ICMP,969,Apt,True,True,6,Sunday
2023-01-01 07:00:00,192.168.1.1,192.168.1.100,1770,UDP,383,Data Injection,True,True,7,Sunday
2023-01-01 08:00:00,172.16.0.3,192.168.1.103,5624,TCP,189,Normal,True,True,8,Sunday
2023-01-01 09:00:00,10.0.0.2,192.168.1.103,2441,TCP,340,Dos,True,True,9,Sunday
2023-01-01 10:00:00,172.16.0.3,192.168.1.100,7139,ICMP,1291,Normal,True,True,10,Sunday
2023-01-01 11:00:00,172.16.0.3,192.168.1.100,8921,UDP,257,Malware,True,True,11,Sunday
2023-01-01 12:00:00,172.16.0.3,10.0.0.101,5339,UDP,759,Data Injection,True,True,12,Sunday
2023-01-01 13:00:00,172.16.0.3,172.16.0.102,6629,ICMP,1373,Normal,True,True,13,Sunday
2023-01-01 14:00:00,192.168.1.4,192.168.1.100,5407,ICMP,120,Apt,True,True,14,Sunday
2023-01-01 15:00:00,192.168.1.1,10.0.0.101,4013,TCP,1390,Data Injection,True,True,15,Sunday
2023-01-01 16:00:00,192.168.1.4,10.0.0.101,8700,TCP,1250,Apt,True,True,16,Sunday
2023-01-01 17:00:00,192.168.1.4,172.16.0.102,8064,ICMP,82,Normal,True,True,17,Sunday
2023-01-01 18:00:00,192.168.1.4,192.168.1.103,8258,UDP,1457,Data Injection,True,True,18,Sunday
2023-01-01 19:00:00,172.16.0.3,192.168.1.100,4893,TCP,327,Apt,True,True,19,Sunday
2023-01-01 20:00:00,10.0.0.2,172.16.0.102,4826,TCP,857,Malware,True,True,20,Sunday
2023-01-01 21:00:00,192.168.1.1,192.168.1.100,8612,UDP,176,Malware,True,True,21,Sunday
2023-01-01 22:00:00,10.0.0.2,10.0.0.101,5933,TCP,1414,Normal,True,True,22,Sunday
2023-01-01 23:00:00,192.168.1.4,10.0.0.101,7144,UDP,605,Data Injection,True,True,23,Sunday
2023-01-02 00:00:00,192.168.1.4,192.168.1.103,3177,UDP,710,Dos,True,True,0,Monday
2023-01-02 01:00:00,10.0.0.2,10.0.0.101,410,UDP,642,Data Injection,True,True,1,Monday
2023-01-02 02:00:00,10.0.0.2,10.0.0.101,4450,ICMP,1152,Malware,True,True,2,Monday
2023-01-02 03:00:00,10.0.0.2,172.16.0.102,8840,ICMP,1379,Apt,True,True,3,Monday
2023-01-02 04:00:00,192.168.1.4,192.168.1.100,7706,ICMP,88,Dos,True,True,4,Monday
2023-01-02 05:00:00,192.168.1.4,192.168.1.100,4252,UDP,64,Normal,True,True,5,Monday
2023-01-02 06:00:00,192.168.1.1,172.16.0.102,8027,UDP,974,Dos,True,True,6,Monday
2023-01-02 07:00:00,192.168.1.1,192.168.1.103,1541,ICMP,204,Normal,True,True,7,Monday
2023-01-02 08:00:00,192.168.1.4,192.168.1.100,9038,TCP,711,Dos,True,True,8,Monday
2023-01-02 09:00:00,10.0.0.2,10.0.0.101,1520,UDP,251,Normal,True,True,9,Monday
2023-01-02 10:00:00,10.0.0.2,192.168.1.100,6757,TCP,1215,Normal,True,True,10,Monday
2023-01-02 11:00:00,192.168.1.1,10.0.0.101,3314,TCP,264,Dos,True,True,11,Monday
2023-01-02 12:00:00,192.168.1.4,192.168.1.103,5105,UDP,1214,Dos,True,True,12,Monday
2023-01-02 13:00:00,192.168.1.1,172.16.0.102,2439,UDP,320,Normal,True,True,13,Monday
2023-01-02 14:00:00,192.168.1.1,192.168.1.100,9146,TCP,610,Malware,True,True,14,Monday
2023-01-02 15:00:00,172.16.0.3,172.16.0.102,3062,TCP,257,Dos,True,True,15,Monday
2023-01-02 16:00:00,172.16.0.3,192.168.1.100,4517,ICMP,766,Data Injection,True,True,16,Monday
2023-01-02 17:00:00,172.16.0.3,10.0.0.101,1486,ICMP,1191,Apt,True,True,17,Monday
2023-01-02 18:00:00,10.0.0.2,172.16.0.102,3581,UDP,1352,Normal,True,True,18,Monday
2023-01-02 19:00:00,192.168.1.4,192.168.1.100,634,ICMP,865,Normal,True,True,19,Monday
2023-01-02 20:00:00,192.168.1.4,10.0.0.101,5412,ICMP,1005,Apt,True,True,20,Monday
2023-01-02 21:00:00,192.168.1.4,172.16.0.102,7713,ICMP,1471,Malware,True,True,21,Monday
2023-01-02 22:00:00,192.168.1.4,172.16.0.102,9394,ICMP,1347,Apt,True,True,22,Monday
2023-01-02 23:00:00,172.16.0.3,192.168.1.100,3243,TCP,477,Dos,True,True,23,Monday
2023-01-03 00:00:00,10.0.0.2,192.168.1.100,7158,UDP,1445,Apt,True,True,0,Tuesday
2023-01-03 01:00:00,10.0.0.2,192.168.1.100,2687,ICMP,1162,Normal,True,True,1,Tuesday
2023-01-03 02:00:00,172.16.0.3,10.0.0.101,8000,TCP,1442,Apt,True,True,2,Tuesday
2023-01-03 03:00:00,10.0.0.2,192.168.1.100,150,TCP,973,Data Injection,True,True,3,Tuesday
2023-01-03 04:00:00,172.16.0.3,172.16.0.102,3003,TCP,251,Dos,True,True,4,Tuesday
2023-01-03 05:00:00,192.168.1.4,172.16.0.102,4298,ICMP,1377,Apt,True,True,5,Tuesday
2023-01-03 06:00:00,172.16.0.3,192.168.1.100,7146,ICMP,108,Normal,True,True,6,Tuesday
2023-01-03 07:00:00,192.168.1.4,192.168.1.100,8250,UDP,146,Dos,True,True,7,Tuesday
2023-01-03 08:00:00,192.168.1.4,192.168.1.103,7714,ICMP,1210,Normal,True,True,8,Tuesday
2023-01-03 09:00:00,192.168.1.1,172.16.0.102,6660,ICMP,421,Malware,True,True,9,Tuesday
2023-01-03 10:00:00,172.16.0.3,10.0.0.101,5488,TCP,1153,Data Injection,True,True,10,Tuesday
2023-01-03 11:00:00,192.168.1.1,192.168.1.103,940,UDP,999,Malware,True,True,11,Tuesday
2023-01-03 12:00:00,172.16.0.3,192.168.1.100,7584,ICMP,438,Data Injection,True,True,12,Tuesday
2023-01-03 13:00:00,172.16.0.3,192.168.1.100,8704,ICMP,225,Apt,True,True,13,Tuesday
2023-01-03 14:00:00,192.168.1.1,172.16.0.102,9343,TCP,1467,Dos,True,True,14,Tuesday
2023-01-03 15:00:00,192.168.1.1,192.168.1.100,8522,TCP,1445,Apt,True,True,15,Tuesday
2023-01-03 16:00:00,172.16.0.3,10.0.0.101,8950,ICMP,1275,Data Injection,True,True,16,Tuesday
2023-01-03 17:00:00,10.0.0.2,172.16.0.102,3261,UDP,385,Data Injection,True,True,17,Tuesday
2023-01-03 18:00:00,192.168.1.4,192.168.1.100,565,UDP,513,Data Injection,True,True,18,Tuesday
2023-01-03 19:00:00,192.168.1.1,172.16.0.102,4366,TCP,1100,Normal,True,True,19,Tuesday
2023-01-03 20:00:00,192.168.1.4,192.168.1.100,3830,TCP,247,Dos,True,True,20,Tuesday
2023-01-03 21:00:00,10.0.0.2,192.168.1.100,7226,ICMP,174,Apt,True,True,21,Tuesday
2023-01-03 22:00:00,10.0.0.2,192.168.1.100,9025,TCP,571,Apt,True,True,22,Tuesday
2023-01-03 23:00:00,10.0.0.2,10.0.0.101,2052,ICMP,1377,Malware,True,True,23,Tuesday
2023-01-04 00:00:00,192.168.1.1,10.0.0.101,8456,UDP,358,Data Injection,True,True,0,Wednesday
2023-01-04 01:00:00,10.0.0.2,172.16.0.102,291,UDP,967,Data Injection,True,True,1,Wednesday
2023-01-04 02:00:00,192.168.1.1,192.168.1.100,3531,ICMP,1302,Data Injection,True,True,2,Wednesday
2023-01-04 03:00:00,10.0.0.2,192.168.1.100,1791,TCP,1037,Apt,True,True,3,Wednesday
2023-01-04 04:00:00,192.168.1.4,10.0.0.101,9474,UDP,695,Malware,True,True,4,Wednesday
2023-01-04 05:00:00,192.168.1.4,192.168.1.100,4381,TCP,1114,Normal,True,True,5,Wednesday
2023-01-04 06:00:00,172.16.0.3,10.0.0.101,7089,UDP,796,Dos,True,True,6,Wednesday
2023-01-04 07:00:00,192.168.1.4,192.168.1.100,940,ICMP,1318,Normal,True,True,7,Wednesday
2023-01-04 08:00:00,172.16.0.3,172.16.0.102,8210,ICMP,384,Apt,True,True,8,Wednesday
2023-01-04 09:00:00,192.168.1.4,192.168.1.100,3450,ICMP,976,Data Injection,True,True,9,Wednesday
2023-01-04 10:00:00,192.168.1.1,192.168.1.100,4455,UDP,1320,Dos,True,True,10,Wednesday
2023-01-04 11:00:00,192.168.1.4,192.168.1.103,3780,TCP,500,Apt,True,True,11,Wednesday
2023-01-04 12:00:00,172.16.0.3,10.0.0.101,2070,TCP,844,Apt,True,True,12,Wednesday
2023-01-04 13:00:00,172.16.0.3,192.168.1.100,1185,TCP,1490,Apt,True,True,13,Wednesday
2023-01-04 14:00:00,10.0.0.2,192.168.1.100,8587,UDP,1140,Dos,True,True,14,Wednesday
2023-01-04 15:00:00,192.168.1.1,192.168.1.103,2053,UDP,1400,Dos,True,True,15,Wednesday
2023-01-04 16:00:00,192.168.1.4,192.168.1.103,6487,UDP,1368,Malware,True,True,16,Wednesday
2023-01-04 17:00:00,10.0.0.2,10.0.0.101,165,UDP,789,Malware,True,True,17,Wednesday
2023-01-04 18:00:00,192.168.1.4,192.168.1.103,4408,UDP,94,Normal,True,True,18,Wednesday
2023-01-04 19:00:00,192.168.1.4,172.16.0.102,7852,TCP,400,Dos,True,True,19,Wednesday
2023-01-04 20:00:00,10.0.0.2,192.168.1.103,8643,UDP,246,Dos,True,True,20,Wednesday
2023-01-04 21:00:00,10.0.0.2,172.16.0.102,8916,UDP,1110,Dos,True,True,21,Wednesday
2023-01-04 22:00:00,10.0.0.2,10.0.0.101,8193,TCP,607,Malware,True,True,22,Wednesday
2023-01-04 23:00:00,10.0.0.2,10.0.0.101,2652,UDP,1161,Apt,True,True,23,Wednesday
2023-01-05 00:00:00,10.0.0.2,10.0.0.101,4514,TCP,1097,Data Injection,True,True,0,Thursday
2023-01-05 01:00:00,192.168.1.4,10.0.0.101,8076,TCP,723,Malware,True,True,1,Thursday
2023-01-05 02:00:00,10.0.0.2,10.0.0.101,7531,ICMP,223,Dos,True,True,2,Thursday
2023-01-05 03:00:00,192.168.1.1,172.16.0.102,9175,ICMP,1101,Malware,True,True,3,Thursday
2023-01-05 04:00:00,172.16.0.3,172.16.0.102,1848,ICMP,1265,Normal,True,True,4,Thursday
2023-01-05 05:00:00,10.0.0.2,10.0.0.101,9150,ICMP,475,Dos,True,True,5,Thursday
2023-01-05 06:00:00,10.0.0.2,192.168.1.103,4825,UDP,1075,Normal,True,True,6,Thursday
2023-01-05 07:00:00,192.168.1.4,192.168.1.100,826,ICMP,116,Dos,True,True,7,Thursday
2023-01-05 08:00:00,10.0.0.2,10.0.0.101,9675,TCP,471,Malware,True,True,8,Thursday
2023-01-05 09:00:00,10.0.0.2,192.168.1.103,7506,UDP,910,Apt,True,True,9,Thursday
2023-01-05 10:00:00,10.0.0.2,192.168.1.100,8222,ICMP,1109,Data Injection,True,True,10,Thursday
2023-01-05 11:00:00,192.168.1.4,10.0.0.101,1888,TCP,1117,Normal,True,True,11,Thursday
2023-01-05 12:00:00,10.0.0.2,10.0.0.101,7898,UDP,766,Malware,True,True,12,Thursday
2023-01-05 13:00:00,172.16.0.3,172.16.0.102,5710,UDP,323,Apt,True,True,13,Thursday
2023-01-05 14:00:00,192.168.1.4,192.168.1.100,7847,ICMP,1292,Malware,True,True,14,Thursday
2023-01-05 15:00:00,172.16.0.3,192.168.1.100,5449,UDP,1146,Normal,True,True,15,Thursday
2023-01-05 16:00:00,192.168.1.4,192.168.1.103,9096,TCP,839,Data Injection,True,True,16,Thursday
2023-01-05 17:00:00,10.0.0.2,172.16.0.102,3584,UDP,1099,Malware,True,True,17,Thursday
2023-01-05 18:00:00,172.16.0.3,172.16.0.102,1409,TCP,1377,Dos,True,True,18,Thursday
2023-01-05 19:00:00,192.168.1.4,172.16.0.102,7294,UDP,913,Apt,True,True,19,Thursday
2023-01-05 20:00:00,192.168.1.1,172.16.0.102,844,ICMP,417,Malware,True,True,20,Thursday
2023-01-05 21:00:00,10.0.0.2,192.168.1.100,2285,TCP,1162,Apt,True,True,21,Thursday
2023-01-05 22:00:00,192.168.1.4,192.168.1.100,956,UDP,936,Dos,True,True,22,Thursday
2023-01-05 23:00:00,192.168.1.1,10.0.0.101,6422,UDP,1054,Data Injection,True,True,23,Thursday
2023-01-06 00:00:00,192.168.1.4,10.0.0.101,3865,UDP,1328,Data Injection,True,True,0,Friday
2023-01-06 01:00:00,192.168.1.1,172.16.0.102,1816,TCP,1081,Dos,True,True,1,Friday
2023-01-06 02:00:00,10.0.0.2,172.16.0.102,8265,TCP,1241,Apt,True,True,2,Friday
2023-01-06 03:00:00,172.16.0.3,172.16.0.102,7234,TCP,1183,Malware,True,True,3,Friday
2023-01-06 04:00:00,192.168.1.1,10.0.0.101,746,ICMP,357,Dos,True,True,4,Friday
2023-01-06 05:00:00,192.168.1.4,192.168.1.103,2756,ICMP,272,Normal,True,True,5,Friday
2023-01-06 06:00:00,10.0.0.2,192.168.1.103,1933,TCP,1430,Apt,True,True,6,Friday
2023-01-06 07:00:00,192.168.1.1,10.0.0.101,9808,UDP,1175,Data Injection,True,True,7,Friday
2023-01-06 08:00:00,192.168.1.4,10.0.0.101,7677,ICMP,881,Dos,True,True,8,Friday
2023-01-06 09:00:00,192.168.1.4,10.0.0.101,2486,TCP,453,Data Injection,True,True,9,Friday
2023-01-06 10:00:00,192.168.1.4,10.0.0.101,9061,UDP,388,Apt,True,True,10,Friday
2023-01-06 11:00:00,192.168.1.1,10.0.0.101,7332,ICMP,1003,Data Injection,True,True,11,Friday
2023-01-06 12:00:00,192.168.1.1,10.0.0.101,8214,UDP,952,Dos,True,True,12,Friday
2023-01-06 13:00:00,192.168.1.1,172.16.0.102,7926,UDP,1244,Apt,True,True,13,Friday
2023-01-06 14:00:00,172.16.0.3,172.16.0.102,4896,UDP,731,Normal,True,True,14,Friday
2023-01-06 15:00:00,192.168.1.1,172.16.0.102,7307,UDP,696,Dos,True,True,15,Friday
2023-01-06 16:00:00,192.168.1.1,172.16.0.102,912,ICMP,640,Malware,True,True,16,Friday
2023-01-06 17:00:00,192.168.1.1,10.0.0.101,4695,ICMP,200,Dos,True,True,17,Friday
2023-01-06 18:00:00,172.16.0.3,192.168.1.103,1953,ICMP,491,Apt,True,True,18,Friday
2023-01-06 19:00:00,192.168.1.1,192.168.1.100,1400,TCP,675,Dos,True,True,19,Friday
2023-01-06 20:00:00,192.168.1.4,10.0.0.101,1310,ICMP,974,Normal,True,True,20,Friday
2023-01-06 21:00:00,192.168.1.1,192.168.1.100,1660,UDP,882,Normal,True,True,21,Friday
2023-01-06 22:00:00,192.168.1.4,192.168.1.103,7510,ICMP,204,Malware,True,True,22,Friday
2023-01-06 23:00:00,192.168.1.4,172.16.0.102,9199,UDP,1170,Data Injection,True,True,23,Friday
2023-01-07 00:00:00,192.168.1.4,192.168.1.103,1238,TCP,240,Apt,True,True,0,Saturday
2023-01-07 01:00:00,172.16.0.3,10.0.0.101,5036,UDP,261,Apt,True,True,1,Saturday
2023-01-07 02:00:00,172.16.0.3,172.16.0.102,6901,UDP,687,Data Injection,True,True,2,Saturday
2023-01-07 03:00:00,172.16.0.3,10.0.0.101,9567,UDP,754,Normal,True,True,3,Saturday
2023-01-07 04:00:00,192.168.1.1,172.16.0.102,9772,TCP,464,Normal,True,True,4,Saturday
2023-01-07 05:00:00,192.168.1.4,192.168.1.100,9630,ICMP,534,Dos,True,True,5,Saturday
2023-01-07 06:00:00,172.16.0.3,192.168.1.100,974,ICMP,281,Malware,True,True,6,Saturday
2023-01-07 07:00:00,172.16.0.3,192.168.1.100,9195,TCP,992,Malware,True,True,7,Saturday
2023-01-07 08:00:00,192.168.1.1,192.168.1.103,7311,UDP,695,Malware,True,True,8,Saturday
2023-01-07 09:00:00,172.16.0.3,10.0.0.101,994,ICMP,1014,Dos,True,True,9,Saturday
2023-01-07 10:00:00,192.168.1.1,192.168.1.103,4153,TCP,969,Malware,True,True,10,Saturday
2023-01-07 11:00:00,10.0.0.2,192.168.1.100,5390,ICMP,238,Data Injection,True,True,11,Saturday
2023-01-07 12:00:00,172.16.0.3,10.0.0.101,3992,TCP,86,Dos,True,True,12,Saturday
2023-01-07 13:00:00,10.0.0.2,192.168.1.100,5315,UDP,298,Data Injection,True,True,13,Saturday
2023-01-07 14:00:00,192.168.1.1,192.168.1.103,9125,ICMP,1100,Dos,True,True,14,Saturday
2023-01-07 15:00:00,192.168.1.4,192.168.1.103,8248,TCP,1188,Malware,True,True,15,Saturday
2023-01-07 16:00:00,172.16.0.3,192.168.1.103,9923,ICMP,992,Data Injection,True,True,16,Saturday
2023-01-07 17:00:00,192.168.1.1,192.168.1.100,3040,ICMP,586,Data Injection,True,True,17,Saturday
2023-01-07 18:00:00,192.168.1.4,10.0.0.101,9007,ICMP,494,Data Injection,True,True,18,Saturday
2023-01-07 19:00:00,192.168.1.4,10.0.0.101,4056,ICMP,856,Dos,True,True,19,Saturday
2023-01-07 20:00:00,10.0.0.2,192.168.1.100,5088,TCP,596,Apt,True,True,20,Saturday
2023-01-07 21:00:00,192.168.1.1,10.0.0.101,5253,UDP,1042,Malware,True,True,21,Saturday
2023-01-07 22:00:00,192.168.1.4,192.168.1.100,9536,TCP,1380,Data Injection,True,True,22,Saturday
2023-01-07 23:00:00,172.16.0.3,10.0.0.101,337,TCP,873,Apt,True,True,23,Saturday
2023-01-08 00:00:00,172.16.0.3,172.16.0.102,2416,TCP,976,Malware,True,True,0,Sunday
2023-01-08 01:00:00,10.0.0.2,172.16.0.102,2182,UDP,1188,Malware,True,True,1,Sunday
2023-01-08 02:00:00,192.168.1.4,192.168.1.103,2765,ICMP,1391,Data Injection,True,True,2,Sunday
2023-01-08 03:00:00,192.168.1.1,172.16.0.102,1611,ICMP,934,Data Injection,True,True,3,Sunday
2023-01-08 04:00:00,172.16.0.3,172.16.0.102,6203,ICMP,603,Dos,True,True,4,Sunday
2023-01-08 05:00:00,192.168.1.4,172.16.0.102,3950,UDP,1087,Apt,True,True,5,Sunday
2023-01-08 06:00:00,192.168.1.4,192.168.1.100,1332,ICMP,1442,Apt,True,True,6,Sunday
2023-01-08 07:00:00,10.0.0.2,172.16.0.102,9497,UDP,1390,Data Injection,True,True,7,Sunday
2023-01-08 08:00:00,172.16.0.3,172.16.0.102,4331,ICMP,290,Malware,True,True,8,Sunday
2023-01-08 09:00:00,172.16.0.3,192.168.1.103,7334,ICMP,1323,Data Injection,True,True,9,Sunday
2023-01-08 10:00:00,192.168.1.1,172.16.0.102,2403,TCP,936,Malware,True,True,10,Sunday
2023-01-08 11:00:00,172.16.0.3,172.16.0.102,3259,UDP,955,Malware,True,True,11,Sunday
2023-01-08 12:00:00,192.168.1.1,10.0.0.101,2159,TCP,1100,Data Injection,True,True,12,Sunday
2023-01-08 13:00:00,172.16.0.3,192.168.1.103,1724,TCP,273,Normal,True,True,13,Sunday
2023-01-08 14:00:00,10.0.0.2,192.168.1.103,6944,TCP,804,Apt,True,True,14,Sunday
2023-01-08 15:00:00,172.16.0.3,192.168.1.103,382,UDP,460,Malware,True,True,15,Sunday
2023-01-08 16:00:00,192.168.1.1,192.168.1.103,2624,UDP,1187,Malware,True,True,16,Sunday
2023-01-08 17:00:00,192.168.1.1,192.168.1.103,9928,ICMP,94,Normal,True,True,17,Sunday
2023-01-08 18:00:00,10.0.0.2,192.168.1.103,4306,TCP,961,Dos,True,True,18,Sunday
2023-01-08 19:00:00,172.16.0.3,192.168.1.100,3758,ICMP,712,Normal,True,True,19,Sunday
2023-01-08 20:00:00,172.16.0.3,172.16.0.102,2489,TCP,392,Normal,True,True,20,Sunday
2023-01-08 21:00:00,10.0.0.2,192.168.1.103,4815,UDP,1253,Malware,True,True,21,Sunday
2023-01-08 22:00:00,172.16.0.3,172.16.0.102,6170,UDP,1015,Apt,True,True,22,Sunday
2023-01-08 23:00:00,172.16.0.3,172.16.0.102,576,UDP,1187,Normal,True,True,23,Sunday
2023-01-09 00:00:00,192.168.1.1,192.168.1.100,9037,TCP,684,Dos,True,True,0,Monday
2023-01-09 01:00:00,172.16.0.3,192.168.1.103,2828,UDP,1260,Data Injection,True,True,1,Monday
2023-01-09 02:00:00,172.16.0.3,10.0.0.101,5170,TCP,225,Normal,True,True,2,Monday
2023-01-09 03:00:00,10.0.0.2,192.168.1.100,7581,ICMP,839,Normal,True,True,3,Monday
2023-01-09 04:00:00,10.0.0.2,10.0.0.101,2739,TCP,1350,Dos,True,True,4,Monday
2023-01-09 05:00:00,192.168.1.4,172.16.0.102,6526,ICMP,337,Apt,True,True,5,Monday
2023-01-09 06:00:00,192.168.1.1,172.16.0.102,3761,TCP,1090,Normal,True,True,6,Monday
2023-01-09 07:00:00,172.16.0.3,192.168.1.100,9786,ICMP,1115,Normal,True,True,7,Monday
2023-01-09 08:00:00,172.16.0.3,192.168.1.100,4018,UDP,389,Apt,True,True,8,Monday
2023-01-09 09:00:00,192.168.1.4,10.0.0.101,2423,ICMP,1003,Dos,True,True,9,Monday
2023-01-09 10:00:00,172.16.0.3,192.168.1.103,8800,UDP,1236,Normal,True,True,10,Monday
2023-01-09 11:00:00,192.168.1.1,10.0.0.101,9759,UDP,603,Apt,True,True,11,Monday
2023-01-09 12:00:00,192.168.1.4,192.168.1.100,314,ICMP,551,Normal,True,True,12,Monday
2023-01-09 13:00:00,192.168.1.1,10.0.0.101,5363,TCP,885,Data Injection,True,True,13,Monday
2023-01-09 14:00:00,192.168.1.4,192.168.1.100,9902,TCP,1152,Malware,True,True,14,Monday
2023-01-09 15:00:00,192.168.1.4,10.0.0.101,1156,TCP,419,Data Injection,True,True,15,Monday
2023-01-09 16:00:00,10.0.0.2,192.168.1.100,2084,TCP,1339,Normal,True,True,16,Monday
2023-01-09 17:00:00,192.168.1.1,192.168.1.100,7029,TCP,298,Dos,True,True,17,Monday
2023-01-09 18:00:00,172.16.0.3,192.168.1.100,4563,UDP,290,Malware,True,True,18,Monday
2023-01-09 19:00:00,172.16.0.3,192.168.1.103,1027,TCP,1400,Data Injection,True,True,19,Monday
2023-01-09 20:00:00,192.168.1.1,10.0.0.101,5465,UDP,112,Apt,True,True,20,Monday
2023-01-09 21:00:00,172.16.0.3,10.0.0.101,5372,UDP,181,Dos,True,True,21,Monday
2023-01-09 22:00:00,172.16.0.3,10.0.0.101,9459,UDP,117,Data Injection,True,True,22,Monday
2023-01-09 23:00:00,192.168.1.1,192.168.1.100,1455,ICMP,628,Apt,True,True,23,Monday
2023-01-10 00:00:00,192.168.1.4,10.0.0.101,591,ICMP,1131,Normal,True,True,0,Tuesday
2023-01-10 01:00:00,192.168.1.1,10.0.0.101,2402,UDP,116,Apt,True,True,1,Tuesday
2023-01-10 02:00:00,192.168.1.4,192.168.1.100,9457,ICMP,621,Data Injection,True,True,2,Tuesday
2023-01-10 03:00:00,172.16.0.3,172.16.0.102,5104,TCP,1189,Data Injection,True,True,3,Tuesday
2023-01-10 04:00:00,172.16.0.3,192.168.1.100,297,TCP,931,Normal,True,True,4,Tuesday
2023-01-10 05:00:00,172.16.0.3,10.0.0.101,7079,UDP,461,Apt,True,True,5,Tuesday
2023-01-10 06:00:00,10.0.0.2,192.168.1.100,1907,TCP,1225,Apt,True,True,6,Tuesday
2023-01-10 07:00:00,192.168.1.4,172.16.0.102,1285,UDP,738,Normal,True,True,7,Tuesday
2023-01-10 08:00:00,10.0.0.2,192.168.1.100,7511,UDP,450,Apt,True,True,8,Tuesday
2023-01-10 09:00:00,10.0.0.2,10.0.0.101,1060,TCP,174,Normal,True,True,9,Tuesday
2023-01-10 10:00:00,192.168.1.1,172.16.0.102,9129,ICMP,677,Dos,True,True,10,Tuesday
2023-01-10 11:00:00,10.0.0.2,192.168.1.103,8093,TCP,80,Data Injection,True,True,11,Tuesday
2023-01-10 12:00:00,192.168.1.1,10.0.0.101,9097,TCP,1269,Dos,True,True,12,Tuesday
2023-01-10 13:00:00,192.168.1.1,172.16.0.102,2772,UDP,947,Malware,True,True,13,Tuesday
2023-01-10 14:00:00,10.0.0.2,172.16.0.102,8233,UDP,604,Malware,True,True,14,Tuesday
2023-01-10 15:00:00,192.168.1.4,192.168.1.103,4589,UDP,234,Malware,True,True,15,Tuesday
2023-01-10 16:00:00,192.168.1.4,192.168.1.100,6373,UDP,472,Normal,True,True,16,Tuesday
2023-01-10 17:00:00,192.168.1.4,192.168.1.100,2373,ICMP,803,Apt,True,True,17,Tuesday
2023-01-10 18:00:00,192.168.1.4,10.0.0.101,7457,ICMP,1465,Dos,True,True,18,Tuesday
2023-01-10 19:00:00,192.168.1.4,192.168.1.103,4819,ICMP,1275,Dos,True,True,19,Tuesday
2023-01-10 20:00:00,10.0.0.2,192.168.1.100,706,UDP,921,Dos,True,True,20,Tuesday
2023-01-10 21:00:00,10.0.0.2,192.168.1.103,8496,UDP,293,Dos,True,True,21,Tuesday
2023-01-10 22:00:00,172.16.0.3,192.168.1.100,4831,UDP,182,Malware,True,True,22,Tuesday
2023-01-10 23:00:00,192.168.1.4,172.16.0.102,8974,ICMP,1243,Dos,True,True,23,Tuesday
2023-01-11 00:00:00,10.0.0.2,192.168.1.100,5366,UDP,847,Apt,True,True,0,Wednesday
2023-01-11 01:00:00,172.16.0.3,192.168.1.103,5063,TCP,528,Malware,True,True,1,Wednesday
2023-01-11 02:00:00,192.168.1.4,172.16.0.102,2448,TCP,167,Dos,True,True,2,Wednesday
2023-01-11 03:00:00,192.168.1.1,172.16.0.102,5146,UDP,761,Normal,True,True,3,Wednesday
2023-01-11 04:00:00,172.16.0.3,172.16.0.102,8240,TCP,238,Data Injection,True,True,4,Wednesday
2023-01-11 05:00:00,10.0.0.2,192.168.1.103,9118,TCP,808,Data Injection,True,True,5,Wednesday
2023-01-11 06:00:00,192.168.1.1,10.0.0.101,7833,ICMP,1221,Data Injection,True,True,6,Wednesday
2023-01-11 07:00:00,192.168.1.1,10.0.0.101,9665,UDP,1478,Malware,True,True,7,Wednesday
2023-01-11 08:00:00,192.168.1.1,10.0.0.101,3376,UDP,728,Dos,True,True,8,Wednesday
2023-01-11 09:00:00,172.16.0.3,192.168.1.103,8727,ICMP,96,Malware,True,True,9,Wednesday
2023-01-11 10:00:00,10.0.0.2,172.16.0.102,7286,TCP,118,Apt,True,True,10,Wednesday
2023-01-11 11:00:00,192.168.1.1,10.0.0.101,6560,TCP,582,Normal,True,True,11,Wednesday
2023-01-11 12:00:00,192.168.1.4,192.168.1.103,58,UDP,819,Normal,True,True,12,Wednesday
2023-01-11 13:00:00,192.168.1.1,10.0.0.101,3362,TCP,75,Data Injection,True,True,13,Wednesday
2023-01-11 14:00:00,192.168.1.1,192.168.1.100,9098,ICMP,783,Data Injection,True,True,14,Wednesday
2023-01-11 15:00:00,172.16.0.3,10.0.0.101,2864,ICMP,618,Data Injection,True,True,15,Wednesday
2023-01-11 16:00:00,172.16.0.3,10.0.0.101,1118,UDP,436,Dos,True,True,16,Wednesday
2023-01-11 17:00:00,10.0.0.2,172.16.0.102,7047,ICMP,547,Apt,True,True,17,Wednesday
2023-01-11 18:00:00,192.168.1.4,192.168.1.103,1843,ICMP,1036,Apt,True,True,18,Wednesday
2023-01-11 19:00:00,172.16.0.3,172.16.0.102,3175,UDP,1315,Apt,True,True,19,Wednesday
2023-01-11 20:00:00,192.168.1.1,172.16.0.102,3113,ICMP,686,Apt,True,True,20,Wednesday
2023-01-11 21:00:00,10.0.0.2,172.16.0.102,5678,ICMP,370,Data Injection,True,True,21,Wednesday
2023-01-11 22:00:00,192.168.1.1,172.16.0.102,3798,ICMP,520,Normal,True,True,22,Wednesday
2023-01-11 23:00:00,192.168.1.1,172.16.0.102,2916,TCP,223,Data Injection,True,True,23,Wednesday
2023-01-12 00:00:00,172.16.0.3,10.0.0.101,1008,UDP,394,Apt,True,True,0,Thursday
2023-01-12 01:00:00,10.0.0.2,172.16.0.102,4136,UDP,839,Data Injection,True,True,1,Thursday
2023-01-12 02:00:00,192.168.1.4,172.16.0.102,6466,UDP,288,Apt,True,True,2,Thursday
2023-01-12 03:00:00,192.168.1.4,192.168.1.103,4199,TCP,1046,Malware,True,True,3,Thursday
2023-01-12 04:00:00,172.16.0.3,192.168.1.100,1702,TCP,792,Normal,True,True,4,Thursday
2023-01-12 05:00:00,172.16.0.3,10.0.0.101,5646,UDP,1132,Malware,True,True,5,Thursday
2023-01-12 06:00:00,10.0.0.2,10.0.0.101,7444,TCP,1301,Dos,True,True,6,Thursday
2023-01-12 07:00:00,192.168.1.4,10.0.0.101,953,UDP,1146,Data Injection,True,True,7,Thursday
2023-01-12 08:00:00,192.168.1.4,172.16.0.102,3618,TCP,707,Dos,True,True,8,Thursday
2023-01-12 09:00:00,192.168.1.4,172.16.0.102,2000,ICMP,679,Data Injection,True,True,9,Thursday
2023-01-12 10:00:00,192.168.1.1,172.16.0.102,3076,ICMP,258,Malware,True,True,10,Thursday
2023-01-12 11:00:00,192.168.1.4,192.168.1.103,9004,UDP,552,Apt,True,True,11,Thursday
2023-01-12 12:00:00,192.168.1.1,192.168.1.100,811,TCP,220,Apt,True,True,12,Thursday
2023-01-12 13:00:00,10.0.0.2,172.16.0.102,5410,TCP,673,Data Injection,True,True,13,Thursday
2023-01-12 14:00:00,192.168.1.1,192.168.1.100,6655,ICMP,1313,Apt,True,True,14,Thursday
2023-01-12 15:00:00,10.0.0.2,192.168.1.103,2275,ICMP,475,Malware,True,True,15,Thursday
2023-01-12 16:00:00,192.168.1.4,10.0.0.101,3630,TCP,1292,Apt,True,True,16,Thursday
2023-01-12 17:00:00,192.168.1.4,172.16.0.102,1627,TCP,1166,Malware,True,True,17,Thursday
2023-01-12 18:00:00,10.0.0.2,192.168.1.100,5199,TCP,1211,Dos,True,True,18,Thursday
2023-01-12 19:00:00,172.16.0.3,192.168.1.100,6593,TCP,534,Malware,True,True,19,Thursday
2023-01-12 20:00:00,10.0.0.2,172.16.0.102,1004,TCP,1305,Normal,True,True,20,Thursday
2023-01-12 21:00:00,172.16.0.3,10.0.0.101,5796,TCP,579,Normal,True,True,21,Thursday
2023-01-12 22:00:00,192.168.1.1,10.0.0.101,3696,UDP,1191,Normal,True,True,22,Thursday
2023-01-12 23:00:00,192.168.1.1,10.0.0.101,3400,TCP,456,Data Injection,True,True,23,Thursday
2023-01-13 00:00:00,192.168.1.1,192.168.1.103,8731,ICMP,694,Data Injection,True,True,0,Friday
2023-01-13 01:00:00,192.168.1.4,192.168.1.100,8802,UDP,671,Data Injection,True,True,1,Friday
2023-01-13 02:00:00,192.168.1.1,192.168.1.100,1070,TCP,1043,Malware,True,True,2,Friday
2023-01-13 03:00:00,172.16.0.3,192.168.1.100,3653,ICMP,497,Data Injection,True,True,3,Friday
2023-01-13 04:00:00,192.168.1.1,192.168.1.103,6362,UDP,1418,Dos,True,True,4,Friday
2023-01-13 05:00:00,10.0.0.2,192.168.1.100,979,ICMP,1230,Normal,True,True,5,Friday
2023-01-13 06:00:00,10.0.0.2,192.168.1.103,6079,TCP,603,Malware,True,True,6,Friday
2023-01-13 07:00:00,192.168.1.4,10.0.0.101,8904,TCP,341,Normal,True,True,7,Friday
2023-01-13 08:00:00,10.0.0.2,172.16.0.102,5675,TCP,296,Data Injection,True,True,8,Friday
2023-01-13 09:00:00,172.16.0.3,192.168.1.100,4493,TCP,1177,Malware,True,True,9,Friday
2023-01-13 10:00:00,192.168.1.1,192.168.1.100,2966,UDP,1286,Apt,True,True,10,Friday
2023-01-13 11:00:00,192.168.1.4,10.0.0.101,7745,UDP,425,Dos,True,True,11,Friday
2023-01-13 12:00:00,192.168.1.1,172.16.0.102,546,ICMP,89,Data Injection,True,True,12,Friday
2023-01-13 13:00:00,192.168.1.1,192.168.1.103,3244,TCP,1112,Data Injection,True,True,13,Friday
2023-01-13 14:00:00,172.16.0.3,172.16.0.102,1895,ICMP,1481,Dos,True,True,14,Friday
2023-01-13 15:00:00,10.0.0.2,10.0.0.101,1783,UDP,570,Dos,True,True,15,Friday
2023-01-13 16:00:00,10.0.0.2,10.0.0.101,8732,TCP,1388,Apt,True,True,16,Friday
2023-01-13 17:00:00,192.168.1.1,172.16.0.102,5817,TCP,1426,Data Injection,True,True,17,Friday
2023-01-13 18:00:00,192.168.1.4,192.168.1.103,9228,UDP,330,Data Injection,True,True,18,Friday
2023-01-13 19:00:00,10.0.0.2,192.168.1.103,7119,UDP,524,Normal,True,True,19,Friday
2023-01-13 20:00:00,192.168.1.4,192.168.1.100,5129,UDP,519,Malware,True,True,20,Friday
2023-01-13 21:00:00,10.0.0.2,192.168.1.103,6664,UDP,1447,Malware,True,True,21,Friday
2023-01-13 22:00:00,192.168.1.4,172.16.0.102,136,UDP,1155,Normal,True,True,22,Friday
2023-01-13 23:00:00,172.16.0.3,10.0.0.101,2453,TCP,1070,Malware,True,True,23,Friday
2023-01-14 00:00:00,192.168.1.4,192.168.1.100,5483,UDP,926,Dos,True,True,0,Saturday
2023-01-14 01:00:00,172.16.0.3,192.168.1.100,603,TCP,1499,Malware,True,True,1,Saturday
2023-01-14 02:00:00,172.16.0.3,10.0.0.101,8606,TCP,554,Malware,True,True,2,Saturday
2023-01-14 03:00:00,192.168.1.4,192.168.1.103,3808,UDP,1136,Normal,True,True,3,Saturday
2023-01-14 04:00:00,172.16.0.3,10.0.0.101,4187,UDP,627,Apt,True,True,4,Saturday
2023-01-14 05:00:00,192.168.1.1,192.168.1.103,8485,TCP,1189,Malware,True,True,5,Saturday
2023-01-14 06:00:00,172.16.0.3,10.0.0.101,1409,UDP,279,Malware,True,True,6,Saturday
2023-01-14 07:00:00,10.0.0.2,172.16.0.102,8377,UDP,622,Apt,True,True,7,Saturday
2023-01-14 08:00:00,192.168.1.4,192.168.1.103,9779,UDP,222,Normal,True,True,8,Saturday
2023-01-14 09:00:00,192.168.1.1,172.16.0.102,6174,ICMP,552,Apt,True,True,9,Saturday
2023-01-14 10:00:00,192.168.1.4,192.168.1.100,5440,TCP,749,Normal,True,True,10,Saturday
2023-01-14 11:00:00,10.0.0.2,10.0.0.101,8940,ICMP,1329,Dos,True,True,11,Saturday
2023-01-14 12:00:00,10.0.0.2,192.168.1.100,2063,UDP,857,Normal,True,True,12,Saturday
2023-01-14 13:00:00,10.0.0.2,192.168.1.100,4217,ICMP,68,Dos,True,True,13,Saturday
2023-01-14 14:00:00,172.16.0.3,192.168.1.100,3516,UDP,424,Dos,True,True,14,Saturday
2023-01-14 15:00:00,172.16.0.3,192.168.1.100,798,ICMP,522,Normal,True,True,15,Saturday
2023-01-14 16:00:00,192.168.1.4,10.0.0.101,233,UDP,311,Data Injection,True,True,16,Saturday
2023-01-14 17:00:00,192.168.1.4,192.168.1.100,3782,ICMP,1009,Normal,True,True,17,Saturday
2023-01-14 18:00:00,192.168.1.1,10.0.0.101,9788,ICMP,485,Malware,True,True,18,Saturday
2023-01-14 19:00:00,192.168.1.1,10.0.0.101,6751,ICMP,78,Malware,True,True,19,Saturday
2023-01-14 20:00:00,192.168.1.4,172.16.0.102,3137,TCP,799,Data Injection,True,True,20,Saturday
2023-01-14 21:00:00,172.16.0.3,192.168.1.103,5811,ICMP,1209,Dos,True,True,21,Saturday
2023-01-14 22:00:00,10.0.0.2,192.168.1.103,8803,TCP,340,Data Injection,True,True,22,Saturday
2023-01-14 23:00:00,192.168.1.4,10.0.0.101,2740,UDP,516,Malware,True,True,23,Saturday
2023-01-15 00:00:00,192.168.1.1,172.16.0.102,8925,ICMP,1477,Data Injection,True,True,0,Sunday
2023-01-15 01:00:00,172.16.0.3,10.0.0.101,9147,UDP,1381,Normal,True,True,1,Sunday
2023-01-15 02:00:00,192.168.1.4,10.0.0.101,6067,UDP,661,Data Injection,True,True,2,Sunday
2023-01-15 03:00:00,192.168.1.4,10.0.0.101,8052,ICMP,509,Dos,True,True,3,Sunday
2023-01-15 04:00:00,172.16.0.3,172.16.0.102,21,TCP,273,Normal,True,True,4,Sunday
2023-01-15 05:00:00,192.168.1.4,192.168.1.103,6388,ICMP,777,Apt,True,True,5,Sunday
2023-01-15 06:00:00,172.16.0.3,172.16.0.102,1969,UDP,365,Malware,True,True,6,Sunday
2023-01-15 07:00:00,10.0.0.2,192.168.1.100,6752,UDP,1310,Malware,True,True,7,Sunday
2023-01-15 08:00:00,172.16.0.3,172.16.0.102,7853,ICMP,66,Data Injection,True,True,8,Sunday
2023-01-15 09:00:00,172.16.0.3,172.16.0.102,937,TCP,1053,Normal,True,True,9,Sunday
2023-01-15 10:00:00,172.16.0.3,172.16.0.102,3194,TCP,1180,Apt,True,True,10,Sunday
2023-01-15 11:00:00,192.168.1.4,172.16.0.102,7034,UDP,583,Normal,True,True,11,Sunday
2023-01-15 12:00:00,192.168.1.4,192.168.1.103,109,UDP,556,Malware,True,True,12,Sunday
2023-01-15 13:00:00,172.16.0.3,192.168.1.100,1729,TCP,1322,Normal,True,True,13,Sunday
2023-01-15 14:00:00,192.168.1.4,192.168.1.103,3061,ICMP,683,Apt,True,True,14,Sunday
2023-01-15 15:00:00,192.168.1.1,192.168.1.103,125,UDP,1248,Data Injection,True,True,15,Sunday
2023-01-15 16:00:00,192.168.1.1,172.16.0.102,9098,TCP,394,Dos,True,True,16,Sunday
2023-01-15 17:00:00,192.168.1.4,10.0.0.101,8639,UDP,396,Normal,True,True,17,Sunday
2023-01-15 18:00:00,192.168.1.4,10.0.0.101,1915,ICMP,113,Dos,True,True,18,Sunday
2023-01-15 19:00:00,172.16.0.3,192.168.1.103,6110,TCP,926,Malware,True,True,19,Sunday
2023-01-15 20:00:00,10.0.0.2,192.168.1.103,8528,UDP,335,Data Injection,True,True,20,Sunday
2023-01-15 21:00:00,192.168.1.4,172.16.0.102,6102,ICMP,643,Data Injection,True,True,21,Sunday
2023-01-15 22:00:00,192.168.1.1,192.168.1.103,654,UDP,1339,Normal,True,True,22,Sunday
2023-01-15 23:00:00,172.16.0.3,172.16.0.102,1945,ICMP,623,Data Injection,True,True,23,Sunday
2023-01-16 00:00:00,192.168.1.4,10.0.0.101,2076,ICMP,759,Normal,True,True,0,Monday
2023-01-16 01:00:00,192.168.1.1,10.0.0.101,6937,TCP,1177,Normal,True,True,1,Monday
2023-01-16 02:00:00,192.168.1.1,192.168.1.100,3164,ICMP,509,Dos,True,True,2,Monday
2023-01-16 03:00:00,10.0.0.2,10.0.0.101,9651,UDP,1080,Data Injection,True,True,3,Monday
2023-01-16 04:00:00,172.16.0.3,192.168.1.103,572,ICMP,1419,Normal,True,True,4,Monday
2023-01-16 05:00:00,172.16.0.3,10.0.0.101,8927,ICMP,1226,Dos,True,True,5,Monday
2023-01-16 06:00:00,10.0.0.2,172.16.0.102,5403,TCP,420,Apt,True,True,6,Monday
2023-01-16 07:00:00,10.0.0.2,10.0.0.101,3931,ICMP,337,Dos,True,True,7,Monday
2023-01-16 08:00:00,172.16.0.3,192.168.1.100,9925,ICMP,1106,Dos,True,True,8,Monday
2023-01-16 09:00:00,172.16.0.3,10.0.0.101,3409,UDP,374,Normal,True,True,9,Monday
2023-01-16 10:00:00,192.168.1.4,172.16.0.102,9319,TCP,933,Malware,True,True,10,Monday
2023-01-16 11:00:00,192.168.1.4,172.16.0.102,8462,TCP,949,Malware,True,True,11,Monday
2023-01-16 12:00:00,10.0.0.2,192.168.1.103,2450,TCP,217,Malware,True,True,12,Monday
2023-01-16 13:00:00,192.168.1.4,10.0.0.101,478,ICMP,1477,Dos,True,True,13,Monday
2023-01-16 14:00:00,192.168.1.1,172.16.0.102,227,TCP,1347,Normal,True,True,14,Monday
2023-01-16 15:00:00,192.168.1.4,192.168.1.100,919,ICMP,683,Data Injection,True,True,15,Monday
2023-01-16 16:00:00,192.168.1.4,192.168.1.103,41,ICMP,946,Dos,True,True,16,Monday
2023-01-16 17:00:00,192.168.1.1,192.168.1.100,8621,UDP,860,Dos,True,True,17,Monday
2023-01-16 18:00:00,10.0.0.2,10.0.0.101,914,UDP,188,Normal,True,True,18,Monday
2023-01-16 19:00:00,192.168.1.1,10.0.0.101,534,UDP,1441,Apt,True,True,19,Monday
2023-01-16 20:00:00,192.168.1.4,10.0.0.101,7314,UDP,1360,Dos,True,True,20,Monday
2023-01-16 21:00:00,10.0.0.2,192.168.1.103,4924,UDP,682,Apt,True,True,21,Monday
2023-01-16 22:00:00,192.168.1.4,172.16.0.102,7887,ICMP,308,Apt,True,True,22,Monday
2023-01-16 23:00:00,192.168.1.1,192.168.1.103,4129,ICMP,911,Malware,True,True,23,Monday
2023-01-17 00:00:00,192.168.1.1,192.168.1.100,7199,TCP,513,Normal,True,True,0,Tuesday
2023-01-17 01:00:00,192.168.1.4,192.168.1.103,1580,ICMP,993,Apt,True,True,1,Tuesday
2023-01-17 02:00:00,172.16.0.3,192.168.1.100,1286,ICMP,1334,Normal,True,True,2,Tuesday
2023-01-17 03:00:00,172.16.0.3,192.168.1.103,3658,UDP,583,Malware,True,True,3,Tuesday
2023-01-17 04:00:00,192.168.1.1,172.16.0.102,8961,ICMP,1228,Normal,True,True,4,Tuesday
2023-01-17 05:00:00,192.168.1.1,192.168.1.100,3447,UDP,425,Dos,True,True,5,Tuesday
2023-01-17 06:00:00,172.16.0.3,10.0.0.101,4800,TCP,71,Apt,True,True,6,Tuesday
2023-01-17 07:00:00,172.16.0.3,10.0.0.101,1947,TCP,541,Normal,True,True,7,Tuesday
2023-01-17 08:00:00,192.168.1.4,192.168.1.103,2376,ICMP,1439,Data Injection,True,True,8,Tuesday
2023-01-17 09:00:00,192.168.1.4,10.0.0.101,4810,TCP,558,Normal,True,True,9,Tuesday
2023-01-17 10:00:00,172.16.0.3,192.168.1.100,326,ICMP,896,Apt,True,True,10,Tuesday
2023-01-17 11:00:00,192.168.1.4,10.0.0.101,7999,TCP,1126,Malware,True,True,11,Tuesday
2023-01-17 12:00:00,192.168.1.4,172.16.0.102,3685,UDP,656,Malware,True,True,12,Tuesday
2023-01-17 13:00:00,10.0.0.2,172.16.0.102,7077,UDP,250,Apt,True,True,13,Tuesday
2023-01-17 14:00:00,192.168.1.4,192.168.1.103,681,UDP,817,Dos,True,True,14,Tuesday
2023-01-17 15:00:00,192.168.1.1,192.168.1.100,4664,UDP,156,Dos,True,True,15,Tuesday
2023-01-17 16:00:00,192.168.1.4,172.16.0.102,8523,ICMP,149,Malware,True,True,16,Tuesday
2023-01-17 17:00:00,192.168.1.4,172.16.0.102,2940,TCP,1131,Malware,True,True,17,Tuesday
2023-01-17 18:00:00,172.16.0.3,192.168.1.100,9294,ICMP,200,Apt,True,True,18,Tuesday
2023-01-17 19:00:00,192.168.1.1,10.0.0.101,8966,UDP,484,Dos,True,True,19,Tuesday
2023-01-17 20:00:00,192.168.1.4,10.0.0.101,6256,ICMP,137,Malware,True,True,20,Tuesday
2023-01-17 21:00:00,192.168.1.4,192.168.1.103,6098,TCP,1243,Dos,True,True,21,Tuesday
2023-01-17 22:00:00,10.0.0.2,10.0.0.101,372,ICMP,1342,Malware,True,True,22,Tuesday
2023-01-17 23:00:00,192.168.1.4,192.168.1.100,9114,TCP,234,Normal,True,True,23,Tuesday
2023-01-18 00:00:00,192.168.1.4,172.16.0.102,7025,ICMP,233,Data Injection,True,True,0,Wednesday
2023-01-18 01:00:00,10.0.0.2,10.0.0.101,178,TCP,935,Normal,True,True,1,Wednesday
2023-01-18 02:00:00,172.16.0.3,192.168.1.103,976,TCP,385,Malware,True,True,2,Wednesday
2023-01-18 03:00:00,192.168.1.4,10.0.0.101,2091,UDP,519,Data Injection,True,True,3,Wednesday
2023-01-18 04:00:00,10.0.0.2,192.168.1.100,8615,TCP,1007,Data Injection,True,True,4,Wednesday
2023-01-18 05:00:00,192.168.1.1,192.168.1.103,9599,UDP,853,Malware,True,True,5,Wednesday
2023-01-18 06:00:00,172.16.0.3,10.0.0.101,3473,UDP,676,Malware,True,True,6,Wednesday
2023-01-18 07:00:00,192.168.1.1,192.168.1.103,6695,UDP,1242,Dos,True,True,7,Wednesday
2023-01-18 08:00:00,192.168.1.1,192.168.1.100,975,ICMP,952,Malware,True,True,8,Wednesday
2023-01-18 09:00:00,10.0.0.2,172.16.0.102,6315,ICMP,412,Apt,True,True,9,Wednesday
2023-01-18 10:00:00,192.168.1.4,192.168.1.100,1732,ICMP,1260,Malware,True,True,10,Wednesday
2023-01-18 11:00:00,10.0.0.2,192.168.1.100,4723,ICMP,73,Apt,True,True,11,Wednesday
2023-01-18 12:00:00,10.0.0.2,192.168.1.100,6583,TCP,803,Malware,True,True,12,Wednesday
2023-01-18 13:00:00,10.0.0.2,192.168.1.100,9485,TCP,1352,Dos,True,True,13,Wednesday
2023-01-18 14:00:00,10.0.0.2,172.16.0.102,5651,ICMP,1334,Apt,True,True,14,Wednesday
2023-01-18 15:00:00,172.16.0.3,172.16.0.102,9653,TCP,730,Normal,True,True,15,Wednesday
2023-01-18 16:00:00,192.168.1.4,192.168.1.103,1414,TCP,609,Apt,True,True,16,Wednesday
2023-01-18 17:00:00,192.168.1.1,10.0.0.101,9481,UDP,192,Dos,True,True,17,Wednesday
2023-01-18 18:00:00,192.168.1.1,172.16.0.102,4752,UDP,664,Apt,True,True,18,Wednesday
2023-01-18 19:00:00,192.168.1.4,172.16.0.102,3734,UDP,668,Malware,True,True,19,Wednesday
2023-01-18 20:00:00,192.168.1.1,10.0.0.101,549,UDP,390,Malware,True,True,20,Wednesday
2023-01-18 21:00:00,192.168.1.4,172.16.0.102,2978,TCP,1043,Dos,True,True,21,Wednesday
2023-01-18 22:00:00,192.168.1.1,192.168.1.100,7924,ICMP,467,Data Injection,True,True,22,Wednesday
2023-01-18 23:00:00,10.0.0.2,192.168.1.100,3611,TCP,692,Malware,True,True,23,Wednesday
2023-01-19 00:00:00,192.168.1.1,10.0.0.101,6915,TCP,1446,Normal,True,True,0,Thursday
2023-01-19 01:00:00,192.168.1.4,192.168.1.103,9151,TCP,781,Dos,True,True,1,Thursday
2023-01-19 02:00:00,192.168.1.4,192.168.1.103,545,UDP,1104,Apt,True,True,2,Thursday
2023-01-19 03:00:00,192.168.1.4,10.0.0.101,6497,UDP,337,Apt,True,True,3,Thursday
2023-01-19 04:00:00,192.168.1.4,10.0.0.101,21,UDP,748,Normal,True,True,4,Thursday
2023-01-19 05:00:00,192.168.1.4,192.168.1.100,394,ICMP,179,Malware,True,True,5,Thursday
2023-01-19 06:00:00,172.16.0.3,192.168.1.103,4668,TCP,924,Dos,True,True,6,Thursday
2023-01-19 07:00:00,172.16.0.3,172.16.0.102,2385,ICMP,756,Normal,True,True,7,Thursday
2023-01-19 08:00:00,192.168.1.1,192.168.1.100,1545,UDP,1178,Malware,True,True,8,Thursday
2023-01-19 09:00:00,192.168.1.4,10.0.0.101,1666,ICMP,1169,Dos,True,True,9,Thursday
2023-01-19 10:00:00,192.168.1.1,192.168.1.103,33,TCP,387,Apt,True,True,10,Thursday
2023-01-19 11:00:00,192.168.1.4,172.16.0.102,4619,TCP,1024,Dos,True,True,11,Thursday
2023-01-19 12:00:00,192.168.1.4,172.16.0.102,2298,UDP,177,Data Injection,True,True,12,Thursday
2023-01-19 13:00:00,172.16.0.3,192.168.1.100,3175,UDP,1145,Dos,True,True,13,Thursday
2023-01-19 14:00:00,172.16.0.3,192.168.1.103,8341,ICMP,217,Data Injection,True,True,14,Thursday
2023-01-19 15:00:00,10.0.0.2,192.168.1.103,3834,UDP,1491,Dos,True,True,15,Thursday
2023-01-19 16:00:00,172.16.0.3,10.0.0.101,3236,UDP,1353,Data Injection,True,True,16,Thursday
2023-01-19 17:00:00,10.0.0.2,192.168.1.103,8239,TCP,378,Apt,True,True,17,Thursday
2023-01-19 18:00:00,10.0.0.2,192.168.1.103,2133,UDP,1128,Malware,True,True,18,Thursday
2023-01-19 19:00:00,10.0.0.2,192.168.1.100,9464,UDP,168,Data Injection,True,True,19,Thursday
2023-01-19 20:00:00,10.0.0.2,192.168.1.103,4376,TCP,1280,Data Injection,True,True,20,Thursday
2023-01-19 21:00:00,10.0.0.2,172.16.0.102,5563,TCP,1488,Apt,True,True,21,Thursday
2023-01-19 22:00:00,192.168.1.1,192.168.1.100,4575,ICMP,1365,Data Injection,True,True,22,Thursday
2023-01-19 23:00:00,172.16.0.3,192.168.1.100,7082,UDP,417,Normal,True,True,23,Thursday
2023-01-20 00:00:00,10.0.0.2,10.0.0.101,3394,TCP,1079,Apt,True,True,0,Friday
2023-01-20 01:00:00,192.168.1.4,192.168.1.103,6450,ICMP,796,Normal,True,True,1,Friday
2023-01-20 02:00:00,172.16.0.3,10.0.0.101,3486,ICMP,772,Apt,True,True,2,Friday
2023-01-20 03:00:00,172.16.0.3,172.16.0.102,3101,UDP,1343,Data Injection,True,True,3,Friday
2023-01-20 04:00:00,10.0.0.2,192.168.1.100,649,UDP,714,Normal,True,True,4,Friday
2023-01-20 05:00:00,192.168.1.1,192.168.1.100,289,ICMP,887,Data Injection,True,True,5,Friday
2023-01-20 06:00:00,10.0.0.2,192.168.1.100,5744,TCP,1010,Apt,True,True,6,Friday
2023-01-20 07:00:00,192.168.1.1,172.16.0.102,5917,ICMP,724,Data Injection,True,True,7,Friday
2023-01-20 08:00:00,192.168.1.4,172.16.0.102,3452,UDP,162,Normal,True,True,8,Friday
2023-01-20 09:00:00,172.16.0.3,10.0.0.101,9492,TCP,651,Normal,True,True,9,Friday
2023-01-20 10:00:00,192.168.1.4,10.0.0.101,6296,TCP,345,Data Injection,True,True,10,Friday
2023-01-20 11:00:00,192.168.1.1,10.0.0.101,5915,ICMP,466,Dos,True,True,11,Friday
2023-01-20 12:00:00,192.168.1.1,192.168.1.103,7135,UDP,1196,Apt,True,True,12,Friday
2023-01-20 13:00:00,192.168.1.4,192.168.1.100,6676,ICMP,763,Apt,True,True,13,Friday
2023-01-20 14:00:00,192.168.1.1,192.168.1.100,595,ICMP,262,Data Injection,True,True,14,Friday
2023-01-20 15:00:00,192.168.1.4,10.0.0.101,7049,ICMP,1390,Dos,True,True,15,Friday
2023-01-20 16:00:00,172.16.0.3,192.168.1.100,6119,TCP,390,Normal,True,True,16,Friday
2023-01-20 17:00:00,192.168.1.4,10.0.0.101,9519,TCP,217,Malware,True,True,17,Friday
2023-01-20 18:00:00,172.16.0.3,192.168.1.103,3212,UDP,615,Malware,True,True,18,Friday
2023-01-20 19:00:00,192.168.1.4,192.168.1.103,3198,UDP,468,Data Injection,True,True,19,Friday
2023-01-20 20:00:00,192.168.1.1,172.16.0.102,6072,ICMP,525,Dos,True,True,20,Friday
2023-01-20 21:00:00,192.168.1.4,192.168.1.103,2754,ICMP,195,Dos,True,True,21,Friday
2023-01-20 22:00:00,192.168.1.1,10.0.0.101,6136,ICMP,854,Apt,True,True,22,Friday
2023-01-20 23:00:00,192.168.1.4,192.168.1.103,3588,UDP,937,Normal,True,True,23,Friday
2023-01-21 00:00:00,192.168.1.4,172.16.0.102,9867,TCP,147,Dos,True,True,0,Saturday
2023-01-21 01:00:00,10.0.0.2,192.168.1.100,9791,TCP,1486,Malware,True,True,1,Saturday
2023-01-21 02:00:00,192.168.1.1,10.0.0.101,2223,ICMP,817,Normal,True,True,2,Saturday
2023-01-21 03:00:00,10.0.0.2,192.168.1.100,1410,ICMP,691,Normal,True,True,3,Saturday
2023-01-21 04:00:00,192.168.1.1,172.16.0.102,1762,ICMP,1196,Data Injection,True,True,4,Saturday
2023-01-21 05:00:00,10.0.0.2,172.16.0.102,1945,ICMP,284,Dos,True,True,5,Saturday
2023-01-21 06:00:00,172.16.0.3,172.16.0.102,639,UDP,616,Data Injection,True,True,6,Saturday
2023-01-21 07:00:00,192.168.1.4,192.168.1.100,1294,TCP,1455,Dos,True,True,7,Saturday
2023-01-21 08:00:00,192.168.1.1,192.168.1.100,976,ICMP,1234,Apt,True,True,8,Saturday
2023-01-21 09:00:00,192.168.1.1,192.168.1.100,1959,UDP,175,Data Injection,True,True,9,Saturday
2023-01-21 10:00:00,192.168.1.4,192.168.1.100,3973,ICMP,678,Data Injection,True,True,10,Saturday
2023-01-21 11:00:00,192.168.1.1,172.16.0.102,988,ICMP,987,Malware,True,True,11,Saturday
2023-01-21 12:00:00,192.168.1.1,172.16.0.102,9528,TCP,538,Data Injection,True,True,12,Saturday
2023-01-21 13:00:00,10.0.0.2,10.0.0.101,9255,ICMP,899,Dos,True,True,13,Saturday
2023-01-21 14:00:00,192.168.1.1,10.0.0.101,301,TCP,334,Malware,True,True,14,Saturday
2023-01-21 15:00:00,172.16.0.3,192.168.1.100,6282,TCP,484,Data Injection,True,True,15,Saturday
2023-01-21 16:00:00,172.16.0.3,192.168.1.103,1078,TCP,770,Data Injection,True,True,16,Saturday
2023-01-21 17:00:00,192.168.1.4,192.168.1.103,4313,UDP,1454,Apt,True,True,17,Saturday
2023-01-21 18:00:00,192.168.1.1,172.16.0.102,5198,UDP,1367,Data Injection,True,True,18,Saturday
2023-01-21 19:00:00,192.168.1.4,172.16.0.102,7000,TCP,1370,Normal,True,True,19,Saturday
2023-01-21 20:00:00,172.16.0.3,172.16.0.102,9220,ICMP,103,Malware,True,True,20,Saturday
2023-01-21 21:00:00,192.168.1.1,10.0.0.101,1249,TCP,252,Normal,True,True,21,Saturday
2023-01-21 22:00:00,192.168.1.1,10.0.0.101,9247,ICMP,1251,Malware,True,True,22,Saturday
2023-01-21 23:00:00,192.168.1.4,172.16.0.102,4605,TCP,1057,Apt,True,True,23,Saturday
2023-01-22 00:00:00,172.16.0.3,172.16.0.102,8487,ICMP,599,Data Injection,True,True,0,Sunday
2023-01-22 01:00:00,192.168.1.1,172.16.0.102,2760,UDP,1091,Data Injection,True,True,1,Sunday
2023-01-22 02:00:00,192.168.1.4,192.168.1.103,2309,ICMP,353,Data Injection,True,True,2,Sunday
2023-01-22 03:00:00,172.16.0.3,10.0.0.101,1259,TCP,496,Malware,True,True,3,Sunday
2023-01-22 04:00:00,192.168.1.4,192.168.1.103,5390,UDP,534,Data Injection,True,True,4,Sunday
2023-01-22 05:00:00,10.0.0.2,192.168.1.103,145,ICMP,1268,Normal,True,True,5,Sunday
2023-01-22 06:00:00,192.168.1.1,172.16.0.102,7493,ICMP,1335,Data Injection,True,True,6,Sunday
2023-01-22 07:00:00,10.0.0.2,172.16.0.102,9420,ICMP,691,Apt,True,True,7,Sunday
2023-01-22 08:00:00,172.16.0.3,192.168.1.100,5362,ICMP,342,Normal,True,True,8,Sunday
2023-01-22 09:00:00,10.0.0.2,192.168.1.100,7371,ICMP,940,Data Injection,True,True,9,Sunday
2023-01-22 10:00:00,10.0.0.2,192.168.1.103,6658,UDP,644,Data Injection,True,True,10,Sunday
2023-01-22 11:00:00,172.16.0.3,10.0.0.101,6590,UDP,926,Dos,True,True,11,Sunday
2023-01-22 12:00:00,192.168.1.4,172.16.0.102,3269,UDP,317,Malware,True,True,12,Sunday
2023-01-22 13:00:00,10.0.0.2,172.16.0.102,9130,UDP,244,Normal,True,True,13,Sunday
2023-01-22 14:00:00,192.168.1.4,192.168.1.103,7615,TCP,744,Dos,True,True,14,Sunday
2023-01-22 15:00:00,10.0.0.2,192.168.1.100,6314,UDP,888,Apt,True,True,15,Sunday
2023-01-22 16:00:00,192.168.1.4,10.0.0.101,6547,ICMP,763,Malware,True,True,16,Sunday
2023-01-22 17:00:00,172.16.0.3,192.168.1.100,5777,ICMP,629,Normal,True,True,17,Sunday
2023-01-22 18:00:00,10.0.0.2,192.168.1.100,1989,UDP,1413,Data Injection,True,True,18,Sunday
2023-01-22 19:00:00,172.16.0.3,192.168.1.100,911,ICMP,1444,Normal,True,True,19,Sunday
2023-01-22 20:00:00,10.0.0.2,192.168.1.100,4490,UDP,743,Data Injection,True,True,20,Sunday
2023-01-22 21:00:00,172.16.0.3,172.16.0.102,7195,ICMP,454,Malware,True,True,21,Sunday
2023-01-22 22:00:00,172.16.0.3,172.16.0.102,9576,TCP,1172,Data Injection,True,True,22,Sunday
2023-01-22 23:00:00,10.0.0.2,192.168.1.100,8340,TCP,1404,Apt,True,True,23,Sunday
2023-01-23 00:00:00,10.0.0.2,10.0.0.101,9226,UDP,275,Data Injection,True,True,0,Monday
2023-01-23 01:00:00,10.0.0.2,192.168.1.103,6832,UDP,447,Apt,True,True,1,Monday
2023-01-23 02:00:00,192.168.1.1,10.0.0.101,7539,UDP,405,Malware,True,True,2,Monday
2023-01-23 03:00:00,192.168.1.4,10.0.0.101,4632,ICMP,907,Malware,True,True,3,Monday
2023-01-23 04:00:00,192.168.1.1,10.0.0.101,9730,UDP,1125,Normal,True,True,4,Monday
2023-01-23 05:00:00,192.168.1.1,192.168.1.100,1218,TCP,483,Apt,True,True,5,Monday
2023-01-23 06:00:00,172.16.0.3,172.16.0.102,5258,ICMP,814,Apt,True,True,6,Monday
2023-01-23 07:00:00,10.0.0.2,10.0.0.101,6109,UDP,1256,Dos,True,True,7,Monday
2023-01-23 08:00:00,192.168.1.4,192.168.1.100,6277,ICMP,1430,Dos,True,True,8,Monday
2023-01-23 09:00:00,172.16.0.3,10.0.0.101,7725,ICMP,369,Dos,True,True,9,Monday
2023-01-23 10:00:00,192.168.1.1,10.0.0.101,3739,UDP,765,Data Injection,True,True,10,Monday
2023-01-23 11:00:00,10.0.0.2,192.168.1.100,322,ICMP,932,Dos,True,True,11,Monday
2023-01-23 12:00:00,172.16.0.3,172.16.0.102,1006,TCP,600,Apt,True,True,12,Monday
2023-01-23 13:00:00,10.0.0.2,172.16.0.102,4460,TCP,1199,Data Injection,True,True,13,Monday
2023-01-23 14:00:00,172.16.0.3,192.168.1.103,4929,ICMP,1498,Malware,True,True,14,Monday
2023-01-23 15:00:00,10.0.0.2,192.168.1.100,3092,UDP,269,Normal,True,True,15,Monday
2023-01-23 16:00:00,192.168.1.1,192.168.1.103,3144,ICMP,1272,Dos,True,True,16,Monday
2023-01-23 17:00:00,192.168.1.4,192.168.1.103,9539,TCP,1469,Malware,True,True,17,Monday
2023-01-23 18:00:00,192.168.1.1,192.168.1.103,8145,ICMP,559,Apt,True,True,18,Monday
2023-01-23 19:00:00,192.168.1.4,172.16.0.102,3311,ICMP,1466,Normal,True,True,19,Monday
2023-01-23 20:00:00,10.0.0.2,192.168.1.100,4053,TCP,1134,Malware,True,True,20,Monday
2023-01-23 21:00:00,172.16.0.3,192.168.1.103,5125,ICMP,567,Normal,True,True,21,Monday
2023-01-23 22:00:00,192.168.1.1,192.168.1.100,723,ICMP,1109,Dos,True,True,22,Monday
2023-01-23 23:00:00,192.168.1.4,192.168.1.100,8153,UDP,276,Apt,True,True,23,Monday
2023-01-24 00:00:00,192.168.1.1,172.16.0.102,594,UDP,373,Normal,True,True,0,Tuesday
2023-01-24 01:00:00,192.168.1.4,192.168.1.103,5724,TCP,724,Malware,True,True,1,Tuesday
2023-01-24 02:00:00,192.168.1.1,192.168.1.103,7868,TCP,816,Dos,True,True,2,Tuesday
2023-01-24 03:00:00,192.168.1.4,192.168.1.100,5228,TCP,335,Dos,True,True,3,Tuesday
2023-01-24 04:00:00,192.168.1.4,10.0.0.101,6944,UDP,1001,Malware,True,True,4,Tuesday
2023-01-24 05:00:00,10.0.0.2,172.16.0.102,3848,TCP,1289,Malware,True,True,5,Tuesday
2023-01-24 06:00:00,192.168.1.4,172.16.0.102,3250,TCP,95,Normal,True,True,6,Tuesday
2023-01-24 07:00:00,10.0.0.2,172.16.0.102,508,TCP,506,Data Injection,True,True,7,Tuesday
2023-01-24 08:00:00,192.168.1.4,172.16.0.102,7134,UDP,225,Dos,True,True,8,Tuesday
2023-01-24 09:00:00,172.16.0.3,192.168.1.103,9559,ICMP,830,Normal,True,True,9,Tuesday
2023-01-24 10:00:00,172.16.0.3,192.168.1.103,3193,TCP,317,Malware,True,True,10,Tuesday
2023-01-24 11:00:00,172.16.0.3,10.0.0.101,1687,ICMP,584,Normal,True,True,11,Tuesday
2023-01-24 12:00:00,192.168.1.4,172.16.0.102,9849,TCP,1040,Malware,True,True,12,Tuesday
2023-01-24 13:00:00,10.0.0.2,172.16.0.102,4134,ICMP,73,Apt,True,True,13,Tuesday
2023-01-24 14:00:00,10.0.0.2,192.168.1.100,3573,UDP,789,Malware,True,True,14,Tuesday
2023-01-24 15:00:00,192.168.1.4,192.168.1.103,7781,UDP,568,Malware,True,True,15,Tuesday
2023-01-24 16:00:00,172.16.0.3,172.16.0.102,1020,TCP,848,Malware,True,True,16,Tuesday
2023-01-24 17:00:00,172.16.0.3,10.0.0.101,9062,ICMP,499,Data Injection,True,True,17,Tuesday
2023-01-24 18:00:00,10.0.0.2,10.0.0.101,1408,UDP,1198,Malware,True,True,18,Tuesday
2023-01-24 19:00:00,172.16.0.3,192.168.1.103,5470,TCP,216,Dos,True,True,19,Tuesday
2023-01-24 20:00:00,192.168.1.1,10.0.0.101,3732,TCP,980,Dos,True,True,20,Tuesday
2023-01-24 21:00:00,10.0.0.2,10.0.0.101,1387,UDP,932,Normal,True,True,21,Tuesday
2023-01-24 22:00:00,172.16.0.3,192.168.1.103,8209,UDP,1189,Data Injection,True,True,22,Tuesday
2023-01-24 23:00:00,10.0.0.2,172.16.0.102,9033,TCP,816,Normal,True,True,23,Tuesday
2023-01-25 00:00:00,192.168.1.1,172.16.0.102,474,ICMP,1278,Dos,True,True,0,Wednesday
2023-01-25 01:00:00,10.0.0.2,10.0.0.101,9836,ICMP,626,Dos,True,True,1,Wednesday
2023-01-25 02:00:00,10.0.0.2,10.0.0.101,2792,ICMP,1168,Apt,True,True,2,Wednesday
2023-01-25 03:00:00,10.0.0.2,172.16.0.102,3746,TCP,552,Malware,True,True,3,Wednesday
2023-01-25 04:00:00,10.0.0.2,192.168.1.103,7252,UDP,958,Dos,True,True,4,Wednesday
2023-01-25 05:00:00,192.168.1.1,10.0.0.101,4826,TCP,1175,Normal,True,True,5,Wednesday
2023-01-25 06:00:00,192.168.1.4,192.168.1.100,2210,UDP,1281,Normal,True,True,6,Wednesday
2023-01-25 07:00:00,10.0.0.2,192.168.1.103,9128,ICMP,167,Malware,True,True,7,Wednesday
2023-01-25 08:00:00,10.0.0.2,10.0.0.101,2895,ICMP,1183,Malware,True,True,8,Wednesday
2023-01-25 09:00:00,172.16.0.3,10.0.0.101,5612,UDP,1285,Apt,True,True,9,Wednesday
2023-01-25 10:00:00,10.0.0.2,192.168.1.100,1460,UDP,1088,Data Injection,True,True,10,Wednesday
2023-01-25 11:00:00,172.16.0.3,192.168.1.100,8947,TCP,1070,Normal,True,True,11,Wednesday
2023-01-25 12:00:00,192.168.1.4,172.16.0.102,6079,ICMP,470,Malware,True,True,12,Wednesday
2023-01-25 13:00:00,192.168.1.1,192.168.1.103,7030,TCP,1465,Normal,True,True,13,Wednesday
2023-01-25 14:00:00,192.168.1.1,192.168.1.103,7137,TCP,230,Malware,True,True,14,Wednesday
2023-01-25 15:00:00,192.168.1.4,172.16.0.102,9173,TCP,572,Dos,True,True,15,Wednesday
2023-01-25 16:00:00,192.168.1.1,192.168.1.103,3009,ICMP,376,Normal,True,True,16,Wednesday
2023-01-25 17:00:00,192.168.1.4,192.168.1.103,9238,TCP,826,Dos,True,True,17,Wednesday
2023-01-25 18:00:00,192.168.1.4,192.168.1.103,6248,TCP,744,Normal,True,True,18,Wednesday
2023-01-25 19:00:00,192.168.1.4,192.168.1.103,6491,TCP,540,Data Injection,True,True,19,Wednesday
2023-01-25 20:00:00,192.168.1.1,192.168.1.103,2883,TCP,136,Apt,True,True,20,Wednesday
2023-01-25 21:00:00,172.16.0.3,192.168.1.100,1197,TCP,1228,Dos,True,True,21,Wednesday
2023-01-25 22:00:00,192.168.1.4,192.168.1.103,4780,TCP,645,Malware,True,True,22,Wednesday
2023-01-25 23:00:00,10.0.0.2,192.168.1.100,31,ICMP,325,Data Injection,True,True,23,Wednesday
2023-01-26 00:00:00,192.168.1.1,192.168.1.103,5272,TCP,1427,Normal,True,True,0,Thursday
2023-01-26 01:00:00,192.168.1.4,172.16.0.102,4419,UDP,1395,Dos,True,True,1,Thursday
2023-01-26 02:00:00,192.168.1.4,10.0.0.101,8254,TCP,308,Normal,True,True,2,Thursday
2023-01-26 03:00:00,10.0.0.2,192.168.1.100,9155,TCP,1424,Normal,True,True,3,Thursday
2023-01-26 04:00:00,172.16.0.3,192.168.1.103,5465,ICMP,624,Normal,True,True,4,Thursday
2023-01-26 05:00:00,172.16.0.3,172.16.0.102,6590,ICMP,1163,Apt,True,True,5,Thursday
2023-01-26 06:00:00,172.16.0.3,10.0.0.101,9216,UDP,238,Apt,True,True,6,Thursday
2023-01-26 07:00:00,192.168.1.4,192.168.1.100,8232,UDP,172,Malware,True,True,7,Thursday
2023-01-26 08:00:00,192.168.1.4,10.0.0.101,426,ICMP,246,Dos,True,True,8,Thursday
2023-01-26 09:00:00,192.168.1.4,172.16.0.102,9226,ICMP,255,Data Injection,True,True,9,Thursday
2023-01-26 10:00:00,192.168.1.1,192.168.1.100,4451,TCP,128,Data Injection,True,True,10,Thursday
2023-01-26 11:00:00,10.0.0.2,10.0.0.101,5263,ICMP,1026,Data Injection,True,True,11,Thursday
2023-01-26 12:00:00,192.168.1.4,192.168.1.103,6562,UDP,1187,Normal,True,True,12,Thursday
2023-01-26 13:00:00,10.0.0.2,192.168.1.100,6956,TCP,927,Apt,True,True,13,Thursday
2023-01-26 14:00:00,10.0.0.2,10.0.0.101,8926,UDP,1215,Dos,True,True,14,Thursday
2023-01-26 15:00:00,172.16.0.3,172.16.0.102,4166,TCP,432,Normal,True,True,15,Thursday
2023-01-26 16:00:00,192.168.1.1,172.16.0.102,160,ICMP,914,Apt,True,True,16,Thursday
2023-01-26 17:00:00,192.168.1.4,192.168.1.100,4902,UDP,106,Apt,True,True,17,Thursday
2023-01-26 18:00:00,172.16.0.3,10.0.0.101,6032,TCP,551,Dos,True,True,18,Thursday
2023-01-26 19:00:00,172.16.0.3,192.168.1.100,983,TCP,141,Dos,True,True,19,Thursday
2023-01-26 20:00:00,192.168.1.4,192.168.1.100,7171,ICMP,889,Dos,True,True,20,Thursday
2023-01-26 21:00:00,10.0.0.2,10.0.0.101,8584,ICMP,1357,Normal,True,True,21,Thursday
2023-01-26 22:00:00,172.16.0.3,10.0.0.101,3630,ICMP,737,Malware,True,True,22,Thursday
2023-01-26 23:00:00,10.0.0.2,192.168.1.103,9904,UDP,764,Dos,True,True,23,Thursday
2023-01-27 00:00:00,192.168.1.1,10.0.0.101,6914,TCP,822,Malware,True,True,0,Friday
2023-01-27 01:00:00,10.0.0.2,172.16.0.102,7331,ICMP,791,Normal,True,True,1,Friday
2023-01-27 02:00:00,192.168.1.1,192.168.1.100,125,UDP,1402,Malware,True,True,2,Friday
2023-01-27 03:00:00,10.0.0.2,192.168.1.100,5559,UDP,988,Data Injection,True,True,3,Friday
2023-01-27 04:00:00,172.16.0.3,172.16.0.102,9893,UDP,965,Malware,True,True,4,Friday
2023-01-27 05:00:00,172.16.0.3,10.0.0.101,6807,ICMP,952,Dos,True,True,5,Friday
2023-01-27 06:00:00,192.168.1.1,172.16.0.102,2157,ICMP,1056,Normal,True,True,6,Friday
2023-01-27 07:00:00,192.168.1.4,172.16.0.102,4465,TCP,1255,Dos,True,True,7,Friday
2023-01-27 08:00:00,192.168.1.1,192.168.1.103,3550,TCP,402,Data Injection,True,True,8,Friday
2023-01-27 09:00:00,192.168.1.1,172.16.0.102,1306,ICMP,256,Dos,True,True,9,Friday
2023-01-27 10:00:00,10.0.0.2,192.168.1.100,7072,UDP,346,Dos,True,True,10,Friday
2023-01-27 11:00:00,10.0.0.2,172.16.0.102,3674,UDP,1423,Dos,True,True,11,Friday
2023-01-27 12:00:00,192.168.1.1,192.168.1.100,7122,UDP,453,Apt,True,True,12,Friday
2023-01-27 13:00:00,172.16.0.3,192.168.1.100,2379,TCP,1063,Data Injection,True,True,13,Friday
2023-01-27 14:00:00,10.0.0.2,192.168.1.100,8125,UDP,588,Dos,True,True,14,Friday
2023-01-27 15:00:00,192.168.1.4,10.0.0.101,8656,TCP,1327,Dos,True,True,15,Friday
2023-01-27 16:00:00,10.0.0.2,192.168.1.103,6461,TCP,722,Dos,True,True,16,Friday
2023-01-27 17:00:00,10.0.0.2,192.168.1.100,5067,UDP,779,Normal,True,True,17,Friday
2023-01-27 18:00:00,192.168.1.4,192.168.1.100,8247,UDP,954,Apt,True,True,18,Friday
2023-01-27 19:00:00,192.168.1.1,10.0.0.101,5223,ICMP,1176,Normal,True,True,19,Friday
2023-01-27 20:00:00,192.168.1.4,192.168.1.100,9687,ICMP,1182,Apt,True,True,20,Friday
2023-01-27 21:00:00,192.168.1.1,172.16.0.102,1818,UDP,515,Dos,True,True,21,Friday
2023-01-27 22:00:00,192.168.1.1,172.16.0.102,9620,TCP,491,Data Injection,True,True,22,Friday
2023-01-27 23:00:00,192.168.1.1,192.168.1.103,5311,TCP,1238,Malware,True,True,23,Friday
2023-01-28 00:00:00,192.168.1.4,192.168.1.100,5515,TCP,1463,Malware,True,True,0,Saturday
2023-01-28 01:00:00,192.168.1.1,10.0.0.101,9920,TCP,1109,Dos,True,True,1,Saturday
2023-01-28 02:00:00,172.16.0.3,172.16.0.102,6304,TCP,946,Normal,True,True,2,Saturday
2023-01-28 03:00:00,192.168.1.4,10.0.0.101,7305,ICMP,376,Data Injection,True,True,3,Saturday
2023-01-28 04:00:00,172.16.0.3,10.0.0.101,1320,UDP,903,Apt,True,True,4,Saturday
2023-01-28 05:00:00,192.168.1.1,172.16.0.102,6889,ICMP,582,Dos,True,True,5,Saturday
2023-01-28 06:00:00,10.0.0.2,10.0.0.101,9455,TCP,1293,Data Injection,True,True,6,Saturday
2023-01-28 07:00:00,192.168.1.1,172.16.0.102,3117,TCP,438,Data Injection,True,True,7,Saturday
2023-01-28 08:00:00,172.16.0.3,10.0.0.101,4636,TCP,514,Apt,True,True,8,Saturday
2023-01-28 09:00:00,172.16.0.3,172.16.0.102,29,TCP,1078,Data Injection,True,True,9,Saturday
2023-01-28 10:00:00,192.168.1.4,192.168.1.100,5772,UDP,658,Normal,True,True,10,Saturday
2023-01-28 11:00:00,10.0.0.2,192.168.1.103,9872,TCP,1266,Normal,True,True,11,Saturday
2023-01-28 12:00:00,192.168.1.4,172.16.0.102,6315,UDP,1297,Normal,True,True,12,Saturday
2023-01-28 13:00:00,172.16.0.3,172.16.0.102,4835,TCP,563,Data Injection,True,True,13,Saturday
2023-01-28 14:00:00,192.168.1.1,192.168.1.103,1092,UDP,527,Normal,True,True,14,Saturday
2023-01-28 15:00:00,10.0.0.2,172.16.0.102,3245,ICMP,1211,Apt,True,True,15,Saturday
2023-01-28 16:00:00,192.168.1.1,172.16.0.102,1336,TCP,176,Data Injection,True,True,16,Saturday
2023-01-28 17:00:00,192.168.1.1,10.0.0.101,5719,UDP,1099,Malware,True,True,17,Saturday
2023-01-28 18:00:00,10.0.0.2,192.168.1.103,6827,ICMP,1213,Data Injection,True,True,18,Saturday
2023-01-28 19:00:00,192.168.1.4,192.168.1.100,6694,TCP,394,Apt,True,True,19,Saturday
2023-01-28 20:00:00,192.168.1.1,172.16.0.102,3703,TCP,1370,Malware,True,True,20,Saturday
2023-01-28 21:00:00,172.16.0.3,192.168.1.103,7247,TCP,203,Data Injection,True,True,21,Saturday
2023-01-28 22:00:00,192.168.1.1,10.0.0.101,3293,UDP,1488,Normal,True,True,22,Saturday
2023-01-28 23:00:00,10.0.0.2,192.168.1.100,7020,UDP,965,Dos,True,True,23,Saturday
2023-01-29 00:00:00,10.0.0.2,192.168.1.103,165,ICMP,1184,Dos,True,True,0,Sunday
2023-01-29 01:00:00,10.0.0.2,192.168.1.100,5030,UDP,580,Normal,True,True,1,Sunday
2023-01-29 02:00:00,192.168.1.4,192.168.1.100,3060,UDP,632,Dos,True,True,2,Sunday
2023-01-29 03:00:00,192.168.1.1,192.168.1.100,9674,TCP,909,Dos,True,True,3,Sunday
2023-01-29 04:00:00,192.168.1.4,172.16.0.102,9796,TCP,1156,Normal,True,True,4,Sunday
2023-01-29 05:00:00,192.168.1.4,172.16.0.102,502,TCP,181,Normal,True,True,5,Sunday
2023-01-29 06:00:00,10.0.0.2,10.0.0.101,3199,TCP,951,Data Injection,True,True,6,Sunday
2023-01-29 07:00:00,10.0.0.2,10.0.0.101,1269,TCP,1146,Data Injection,True,True,7,Sunday
2023-01-29 08:00:00,192.168.1.4,192.168.1.103,650,TCP,1120,Normal,True,True,8,Sunday
2023-01-29 09:00:00,192.168.1.1,10.0.0.101,8873,TCP,1405,Apt,True,True,9,Sunday
2023-01-29 10:00:00,172.16.0.3,192.168.1.100,2872,ICMP,113,Dos,True,True,10,Sunday
2023-01-29 11:00:00,192.168.1.4,192.168.1.100,1007,ICMP,82,Data Injection,True,True,11,Sunday
2023-01-29 12:00:00,192.168.1.1,172.16.0.102,7642,ICMP,789,Dos,True,True,12,Sunday
2023-01-29 13:00:00,10.0.0.2,192.168.1.100,7347,ICMP,260,Malware,True,True,13,Sunday
2023-01-29 14:00:00,10.0.0.2,192.168.1.103,9758,TCP,622,Normal,True,True,14,Sunday
2023-01-29 15:00:00,192.168.1.1,192.168.1.100,8861,ICMP,515,Apt,True,True,15,Sunday
2023-01-29 16:00:00,172.16.0.3,192.168.1.100,9180,TCP,352,Malware,True,True,16,Sunday
2023-01-29 17:00:00,10.0.0.2,192.168.1.103,1120,ICMP,1228,Malware,True,True,17,Sunday
2023-01-29 18:00:00,10.0.0.2,10.0.0.101,6672,UDP,1171,Malware,True,True,18,Sunday
2023-01-29 19:00:00,10.0.0.2,10.0.0.101,8652,ICMP,454,Normal,True,True,19,Sunday
2023-01-29 20:00:00,192.168.1.1,192.168.1.103,7441,ICMP,278,Data Injection,True,True,20,Sunday
2023-01-29 21:00:00,192.168.1.4,172.16.0.102,5036,TCP,278,Normal,True,True,21,Sunday
2023-01-29 22:00:00,10.0.0.2,192.168.1.100,789,ICMP,1490,Data Injection,True,True,22,Sunday
2023-01-29 23:00:00,192.168.1.4,192.168.1.103,1363,UDP,191,Malware,True,True,23,Sunday
2023-01-30 00:00:00,172.16.0.3,192.168.1.100,4378,TCP,823,Malware,True,True,0,Monday
2023-01-30 01:00:00,10.0.0.2,172.16.0.102,9789,TCP,467,Apt,True,True,1,Monday
2023-01-30 02:00:00,10.0.0.2,192.168.1.100,6800,ICMP,1116,Data Injection,True,True,2,Monday
2023-01-30 03:00:00,172.16.0.3,192.168.1.103,6622,TCP,401,Malware,True,True,3,Monday
2023-01-30 04:00:00,10.0.0.2,192.168.1.100,2369,TCP,894,Dos,True,True,4,Monday
2023-01-30 05:00:00,192.168.1.4,10.0.0.101,5719,TCP,777,Apt,True,True,5,Monday
2023-01-30 06:00:00,192.168.1.1,172.16.0.102,1261,TCP,424,Normal,True,True,6,Monday
2023-01-30 07:00:00,192.168.1.4,172.16.0.102,1145,TCP,632,Apt,True,True,7,Monday
2023-01-30 08:00:00,192.168.1.1,172.16.0.102,9402,TCP,1479,Dos,True,True,8,Monday
2023-01-30 09:00:00,192.168.1.1,192.168.1.103,6784,UDP,281,Data Injection,True,True,9,Monday
2023-01-30 10:00:00,192.168.1.4,172.16.0.102,5121,ICMP,265,Normal,True,True,10,Monday
2023-01-30 11:00:00,192.168.1.4,10.0.0.101,7863,UDP,80,Normal,True,True,11,Monday
2023-01-30 12:00:00,192.168.1.4,192.168.1.103,92,TCP,385,Data Injection,True,True,12,Monday
2023-01-30 13:00:00,192.168.1.4,10.0.0.101,5492,TCP,581,Apt,True,True,13,Monday
2023-01-30 14:00:00,172.16.0.3,192.168.1.100,5209,ICMP,1412,Malware,True,True,14,Monday
2023-01-30 15:00:00,10.0.0.2,192.168.1.100,2492,UDP,1499,Apt,True,True,15,Monday
2023-01-30 16:00:00,192.168.1.1,192.168.1.100,727,ICMP,1405,Dos,True,True,16,Monday
2023-01-30 17:00:00,192.168.1.4,192.168.1.100,1824,UDP,744,Malware,True,True,17,Monday
2023-01-30 18:00:00,192.168.1.4,10.0.0.101,6724,TCP,1169,Apt,True,True,18,Monday
2023-01-30 19:00:00,192.168.1.4,192.168.1.103,3733,ICMP,488,Data Injection,True,True,19,Monday
2023-01-30 20:00:00,172.16.0.3,192.168.1.103,5071,ICMP,1291,Dos,True,True,20,Monday
2023-01-30 21:00:00,192.168.1.4,172.16.0.102,2495,TCP,1082,Dos,True,True,21,Monday
2023-01-30 22:00:00,192.168.1.4,10.0.0.101,3630,ICMP,450,Dos,True,True,22,Monday
2023-01-30 23:00:00,192.168.1.4,192.168.1.100,4275,UDP,841,Malware,True,True,23,Monday
2023-01-31 00:00:00,10.0.0.2,10.0.0.101,7417,UDP,161,Normal,True,True,0,Tuesday
2023-01-31 01:00:00,172.16.0.3,172.16.0.102,1755,UDP,1432,Malware,True,True,1,Tuesday
2023-01-31 02:00:00,192.168.1.4,172.16.0.102,9797,UDP,271,Apt,True,True,2,Tuesday
2023-01-31 03:00:00,192.168.1.1,10.0.0.101,8278,TCP,649,Normal,True,True,3,Tuesday
2023-01-31 04:00:00,192.168.1.1,10.0.0.101,7999,ICMP,229,Apt,True,True,4,Tuesday
2023-01-31 05:00:00,192.168.1.1,10.0.0.101,2448,UDP,85,Normal,True,True,5,Tuesday
2023-01-31 06:00:00,172.16.0.3,192.168.1.103,7446,TCP,217,Malware,True,True,6,Tuesday
2023-01-31 07:00:00,172.16.0.3,192.168.1.100,8553,ICMP,1382,Dos,True,True,7,Tuesday
2023-01-31 08:00:00,192.168.1.1,10.0.0.101,5269,ICMP,282,Data Injection,True,True,8,Tuesday
2023-01-31 09:00:00,192.168.1.4,10.0.0.101,5311,TCP,732,Dos,True,True,9,Tuesday
2023-01-31 10:00:00,172.16.0.3,10.0.0.101,2837,TCP,293,Malware,True,True,10,Tuesday
2023-01-31 11:00:00,192.168.1.1,172.16.0.102,9444,UDP,83,Normal,True,True,11,Tuesday
2023-01-31 12:00:00,192.168.1.1,172.16.0.102,3894,ICMP,616,Dos,True,True,12,Tuesday
2023-01-31 13:00:00,192.168.1.4,192.168.1.103,9706,ICMP,1013,Malware,True,True,13,Tuesday
2023-01-31 14:00:00,10.0.0.2,192.168.1.100,4231,TCP,211,Apt,True,True,14,Tuesday
2023-01-31 15:00:00,172.16.0.3,192.168.1.103,681,ICMP,1195,Data Injection,True,True,15,Tuesday
2023-01-31 16:00:00,192.168.1.4,192.168.1.100,3394,UDP,466,Dos,True,True,16,Tuesday
2023-01-31 17:00:00,192.168.1.1,172.16.0.102,9228,ICMP,659,Normal,True,True,17,Tuesday
2023-01-31 18:00:00,192.168.1.1,172.16.0.102,227,TCP,430,Apt,True,True,18,Tuesday
2023-01-31 19:00:00,192.168.1.4,172.16.0.102,2685,TCP,1396,Malware,True,True,19,Tuesday
2023-01-31 20:00:00,172.16.0.3,192.168.1.103,2513,UDP,865,Data Injection,True,True,20,Tuesday
2023-01-31 21:00:00,10.0.0.2,10.0.0.101,6833,UDP,981,Normal,True,True,21,Tuesday
2023-01-31 22:00:00,10.0.0.2,10.0.0.101,652,ICMP,1221,Malware,True,True,22,Tuesday
2023-01-31 23:00:00,192.168.1.1,172.16.0.102,3103,ICMP,1370,Malware,True,True,23,Tuesday
2023-02-01 00:00:00,172.16.0.3,10.0.0.101,3739,TCP,136,Dos,True,True,0,Wednesday
2023-02-01 01:00:00,10.0.0.2,10.0.0.101,7143,UDP,544,Dos,True,True,1,Wednesday
2023-02-01 02:00:00,172.16.0.3,192.168.1.103,1699,UDP,1439,Normal,True,True,2,Wednesday
2023-02-01 03:00:00,172.16.0.3,192.168.1.100,256,UDP,623,Malware,True,True,3,Wednesday
2023-02-01 04:00:00,192.168.1.1,172.16.0.102,7466,ICMP,1413,Dos,True,True,4,Wednesday
2023-02-01 05:00:00,10.0.0.2,172.16.0.102,4463,UDP,808,Data Injection,True,True,5,Wednesday
2023-02-01 06:00:00,192.168.1.4,192.168.1.103,6790,TCP,163,Data Injection,True,True,6,Wednesday
2023-02-01 07:00:00,192.168.1.1,192.168.1.103,9752,TCP,1146,Malware,True,True,7,Wednesday
2023-02-01 08:00:00,10.0.0.2,10.0.0.101,6119,ICMP,571,Dos,True,True,8,Wednesday
2023-02-01 09:00:00,10.0.0.2,172.16.0.102,8575,ICMP,321,Normal,True,True,9,Wednesday
2023-02-01 10:00:00,10.0.0.2,192.168.1.100,2388,UDP,476,Normal,True,True,10,Wednesday
2023-02-01 11:00:00,10.0.0.2,192.168.1.103,305,ICMP,1152,Normal,True,True,11,Wednesday
2023-02-01 12:00:00,10.0.0.2,192.168.1.100,168,TCP,658,Data Injection,True,True,12,Wednesday
2023-02-01 13:00:00,172.16.0.3,192.168.1.100,4057,UDP,1241,Dos,True,True,13,Wednesday
2023-02-01 14:00:00,192.168.1.1,172.16.0.102,6569,TCP,329,Dos,True,True,14,Wednesday
2023-02-01 15:00:00,172.16.0.3,172.16.0.102,7141,UDP,884,Data Injection,True,True,15,Wednesday
2023-02-01 16:00:00,192.168.1.4,192.168.1.103,9978,ICMP,1166,Normal,True,True,16,Wednesday
2023-02-01 17:00:00,10.0.0.2,172.16.0.102,4915,UDP,1402,Normal,True,True,17,Wednesday
2023-02-01 18:00:00,192.168.1.1,172.16.0.102,5300,UDP,725,Malware,True,True,18,Wednesday
2023-02-01 19:00:00,10.0.0.2,172.16.0.102,1032,TCP,1010,Apt,True,True,19,Wednesday
2023-02-01 20:00:00,192.168.1.1,192.168.1.100,9735,TCP,623,Dos,True,True,20,Wednesday
2023-02-01 21:00:00,172.16.0.3,192.168.1.103,2805,UDP,980,Dos,True,True,21,Wednesday
2023-02-01 22:00:00,192.168.1.1,10.0.0.101,3745,ICMP,954,Dos,True,True,22,Wednesday
2023-02-01 23:00:00,192.168.1.4,192.168.1.100,4596,ICMP,1335,Apt,True,True,23,Wednesday
2023-02-02 00:00:00,192.168.1.4,172.16.0.102,5802,TCP,931,Malware,True,True,0,Thursday
2023-02-02 01:00:00,192.168.1.1,192.168.1.100,6277,ICMP,673,Apt,True,True,1,Thursday
2023-02-02 02:00:00,192.168.1.1,172.16.0.102,9813,TCP,477,Normal,True,True,2,Thursday
2023-02-02 03:00:00,192.168.1.1,172.16.0.102,2428,ICMP,88,Normal,True,True,3,Thursday
2023-02-02 04:00:00,192.168.1.1,192.168.1.100,360,UDP,347,Dos,True,True,4,Thursday
2023-02-02 05:00:00,192.168.1.4,192.168.1.103,2837,TCP,944,Data Injection,True,True,5,Thursday
2023-02-02 06:00:00,10.0.0.2,172.16.0.102,2516,TCP,364,Dos,True,True,6,Thursday
2023-02-02 07:00:00,192.168.1.1,192.168.1.103,5982,UDP,1155,Data Injection,True,True,7,Thursday
2023-02-02 08:00:00,192.168.1.1,10.0.0.101,5319,TCP,1094,Apt,True,True,8,Thursday
2023-02-02 09:00:00,192.168.1.4,172.16.0.102,9937,ICMP,880,Normal,True,True,9,Thursday
2023-02-02 10:00:00,192.168.1.4,192.168.1.103,7594,ICMP,1224,Data Injection,True,True,10,Thursday
2023-02-02 11:00:00,172.16.0.3,192.168.1.103,1709,TCP,1251,Apt,True,True,11,Thursday
2023-02-02 12:00:00,192.168.1.1,10.0.0.101,3287,ICMP,146,Normal,True,True,12,Thursday
2023-02-02 13:00:00,172.16.0.3,192.168.1.103,4426,TCP,1160,Data Injection,True,True,13,Thursday
2023-02-02 14:00:00,192.168.1.4,192.168.1.103,8473,UDP,1324,Dos,True,True,14,Thursday
2023-02-02 15:00:00,192.168.1.4,10.0.0.101,1462,TCP,109,Dos,True,True,15,Thursday
2023-02-02 16:00:00,10.0.0.2,172.16.0.102,8617,UDP,681,Dos,True,True,16,Thursday
2023-02-02 17:00:00,192.168.1.1,192.168.1.103,4457,ICMP,991,Apt,True,True,17,Thursday
2023-02-02 18:00:00,172.16.0.3,192.168.1.103,5455,UDP,325,Dos,True,True,18,Thursday
2023-02-02 19:00:00,192.168.1.4,192.168.1.103,8455,ICMP,239,Malware,True,True,19,Thursday
2023-02-02 20:00:00,192.168.1.4,192.168.1.100,4127,TCP,1253,Normal,True,True,20,Thursday
2023-02-02 21:00:00,172.16.0.3,10.0.0.101,580,ICMP,720,Apt,True,True,21,Thursday
2023-02-02 22:00:00,10.0.0.2,192.168.1.100,8805,TCP,905,Dos,True,True,22,Thursday
2023-02-02 23:00:00,192.168.1.4,10.0.0.101,5568,TCP,433,Normal,True,True,23,Thursday
2023-02-03 00:00:00,192.168.1.1,172.16.0.102,1846,UDP,117,Data Injection,True,True,0,Friday
2023-02-03 01:00:00,192.168.1.4,172.16.0.102,7649,UDP,753,Dos,True,True,1,Friday
2023-02-03 02:00:00,192.168.1.1,192.168.1.103,8345,UDP,1428,Normal,True,True,2,Friday
2023-02-03 03:00:00,172.16.0.3,10.0.0.101,3158,UDP,1214,Malware,True,True,3,Friday
2023-02-03 04:00:00,192.168.1.1,172.16.0.102,7713,ICMP,1496,Data Injection,True,True,4,Friday
2023-02-03 05:00:00,172.16.0.3,10.0.0.101,8284,ICMP,430,Malware,True,True,5,Friday
2023-02-03 06:00:00,192.168.1.1,172.16.0.102,7862,ICMP,1358,Normal,True,True,6,Friday
2023-02-03 07:00:00,172.16.0.3,192.168.1.100,6741,TCP,707,Malware,True,True,7,Friday
2023-02-03 08:00:00,192.168.1.1,172.16.0.102,7022,ICMP,442,Normal,True,True,8,Friday
2023-02-03 09:00:00,10.0.0.2,192.168.1.100,4245,ICMP,136,Normal,True,True,9,Friday
2023-02-03 10:00:00,192.168.1.1,172.16.0.102,2998,ICMP,978,Malware,True,True,10,Friday
2023-02-03 11:00:00,192.168.1.1,192.168.1.103,7393,UDP,1335,Normal,True,True,11,Friday
2023-02-03 12:00:00,10.0.0.2,192.168.1.100,5927,ICMP,923,Dos,True,True,12,Friday
2023-02-03 13:00:00,192.168.1.4,172.16.0.102,6117,TCP,106,Normal,True,True,13,Friday
2023-02-03 14:00:00,192.168.1.4,192.168.1.103,5676,UDP,440,Apt,True,True,14,Friday
2023-02-03 15:00:00,192.168.1.1,192.168.1.100,9004,TCP,1128,Normal,True,True,15,Friday
2023-02-03 16:00:00,10.0.0.2,192.168.1.103,4279,ICMP,233,Apt,True,True,16,Friday
2023-02-03 17:00:00,192.168.1.1,10.0.0.101,8306,UDP,275,Normal,True,True,17,Friday
2023-02-03 18:00:00,172.16.0.3,10.0.0.101,5921,TCP,102,Normal,True,True,18,Friday
2023-02-03 19:00:00,172.16.0.3,192.168.1.100,9345,ICMP,432,Malware,True,True,19,Friday
2023-02-03 20:00:00,192.168.1.1,172.16.0.102,4937,TCP,820,Dos,True,True,20,Friday
2023-02-03 21:00:00,192.168.1.4,192.168.1.100,8449,TCP,214,Dos,True,True,21,Friday
2023-02-03 22:00:00,192.168.1.4,192.168.1.103,2550,TCP,1198,Data Injection,True,True,22,Friday
2023-02-03 23:00:00,192.168.1.1,172.16.0.102,1980,ICMP,1134,Malware,True,True,23,Friday
2023-02-04 00:00:00,192.168.1.1,10.0.0.101,7065,ICMP,1087,Malware,True,True,0,Saturday
2023-02-04 01:00:00,172.16.0.3,172.16.0.102,1068,TCP,800,Dos,True,True,1,Saturday
2023-02-04 02:00:00,192.168.1.4,10.0.0.101,5792,UDP,1453,Malware,True,True,2,Saturday
2023-02-04 03:00:00,192.168.1.1,172.16.0.102,2549,UDP,132,Dos,True,True,3,Saturday
2023-02-04 04:00:00,172.16.0.3,172.16.0.102,2984,ICMP,362,Malware,True,True,4,Saturday
2023-02-04 05:00:00,192.168.1.4,172.16.0.102,7157,ICMP,1007,Normal,True,True,5,Saturday
2023-02-04 06:00:00,10.0.0.2,192.168.1.103,983,ICMP,865,Dos,True,True,6,Saturday
2023-02-04 07:00:00,172.16.0.3,192.168.1.103,556,ICMP,359,Dos,True,True,7,Saturday
2023-02-04 08:00:00,192.168.1.4,192.168.1.100,7360,ICMP,266,Apt,True,True,8,Saturday
2023-02-04 09:00:00,192.168.1.4,192.168.1.100,7199,UDP,124,Malware,True,True,9,Saturday
2023-02-04 10:00:00,172.16.0.3,10.0.0.101,7987,ICMP,1009,Malware,True,True,10,Saturday
2023-02-04 11:00:00,10.0.0.2,192.168.1.103,8754,TCP,1026,Dos,True,True,11,Saturday
2023-02-04 12:00:00,172.16.0.3,10.0.0.101,865,TCP,1401,Normal,True,True,12,Saturday
2023-02-04 13:00:00,192.168.1.4,192.168.1.100,5797,UDP,1248,Normal,True,True,13,Saturday
2023-02-04 14:00:00,192.168.1.1,10.0.0.101,3056,TCP,394,Normal,True,True,14,Saturday
2023-02-04 15:00:00,192.168.1.1,192.168.1.100,5967,UDP,401,Malware,True,True,15,Saturday
2023-02-04 16:00:00,172.16.0.3,192.168.1.103,2514,UDP,1391,Apt,True,True,16,Saturday
2023-02-04 17:00:00,192.168.1.4,172.16.0.102,2739,TCP,1425,Dos,True,True,17,Saturday
2023-02-04 18:00:00,192.168.1.1,192.168.1.103,1904,ICMP,702,Data Injection,True,True,18,Saturday
2023-02-04 19:00:00,192.168.1.4,10.0.0.101,4369,TCP,338,Apt,True,True,19,Saturday
2023-02-04 20:00:00,172.16.0.3,10.0.0.101,5199,TCP,1251,Data Injection,True,True,20,Saturday
2023-02-04 21:00:00,192.168.1.1,192.168.1.103,6630,UDP,382,Apt,True,True,21,Saturday
2023-02-04 22:00:00,192.168.1.4,192.168.1.103,6450,TCP,652,Normal,True,True,22,Saturday
2023-02-04 23:00:00,192.168.1.1,192.168.1.100,7174,UDP,567,Malware,True,True,23,Saturday
2023-02-05 00:00:00,172.16.0.3,10.0.0.101,6508,ICMP,450,Data Injection,True,True,0,Sunday
2023-02-05 01:00:00,192.168.1.4,10.0.0.101,4757,ICMP,933,Apt,True,True,1,Sunday
2023-02-05 02:00:00,192.168.1.1,192.168.1.103,6545,ICMP,896,Malware,True,True,2,Sunday
2023-02-05 03:00:00,172.16.0.3,172.16.0.102,3870,TCP,1078,Data Injection,True,True,3,Sunday
2023-02-05 04:00:00,192.168.1.1,10.0.0.101,709,UDP,666,Dos,True,True,4,Sunday
2023-02-05 05:00:00,192.168.1.1,172.16.0.102,5195,ICMP,754,Apt,True,True,5,Sunday
2023-02-05 06:00:00,10.0.0.2,192.168.1.103,8668,UDP,557,Dos,True,True,6,Sunday
2023-02-05 07:00:00,10.0.0.2,192.168.1.103,5098,UDP,553,Normal,True,True,7,Sunday
2023-02-05 08:00:00,172.16.0.3,192.168.1.100,5468,ICMP,784,Dos,True,True,8,Sunday
2023-02-05 09:00:00,10.0.0.2,10.0.0.101,1199,ICMP,1160,Dos,True,True,9,Sunday
2023-02-05 10:00:00,172.16.0.3,172.16.0.102,9094,UDP,572,Apt,True,True,10,Sunday
2023-02-05 11:00:00,10.0.0.2,192.168.1.100,6426,ICMP,453,Normal,True,True,11,Sunday
2023-02-05 12:00:00,192.168.1.1,10.0.0.101,8611,UDP,358,Dos,True,True,12,Sunday
2023-02-05 13:00:00,172.16.0.3,192.168.1.100,6927,UDP,1456,Malware,True,True,13,Sunday
2023-02-05 14:00:00,172.16.0.3,192.168.1.103,8820,ICMP,859,Data Injection,True,True,14,Sunday
2023-02-05 15:00:00,192.168.1.1,10.0.0.101,1658,TCP,928,Dos,True,True,15,Sunday
2023-02-05 16:00:00,172.16.0.3,192.168.1.100,5691,ICMP,612,Normal,True,True,16,Sunday
2023-02-05 17:00:00,172.16.0.3,192.168.1.100,6948,TCP,712,Dos,True,True,17,Sunday
2023-02-05 18:00:00,10.0.0.2,172.16.0.102,1402,UDP,631,Data Injection,True,True,18,Sunday
2023-02-05 19:00:00,172.16.0.3,192.168.1.100,1423,UDP,1274,Normal,True,True,19,Sunday
2023-02-05 20:00:00,192.168.1.4,10.0.0.101,9031,TCP,916,Apt,True,True,20,Sunday
2023-02-05 21:00:00,192.168.1.1,10.0.0.101,3312,UDP,833,Normal,True,True,21,Sunday
2023-02-05 22:00:00,10.0.0.2,172.16.0.102,9031,TCP,508,Apt,True,True,22,Sunday
2023-02-05 23:00:00,10.0.0.2,10.0.0.101,439,TCP,426,Normal,True,True,23,Sunday
2023-02-06 00:00:00,192.168.1.4,192.168.1.103,4537,UDP,186,Data Injection,True,True,0,Monday
2023-02-06 01:00:00,192.168.1.1,10.0.0.101,3322,TCP,1275,Data Injection,True,True,1,Monday
2023-02-06 02:00:00,192.168.1.1,10.0.0.101,7877,ICMP,805,Normal,True,True,2,Monday
2023-02-06 03:00:00,10.0.0.2,192.168.1.100,9720,ICMP,743,Dos,True,True,3,Monday
2023-02-06 04:00:00,172.16.0.3,192.168.1.100,7890,UDP,483,Data Injection,True,True,4,Monday
2023-02-06 05:00:00,10.0.0.2,10.0.0.101,5713,UDP,1339,Apt,True,True,5,Monday
2023-02-06 06:00:00,192.168.1.1,172.16.0.102,787,TCP,1422,Apt,True,True,6,Monday
2023-02-06 07:00:00,192.168.1.4,192.168.1.100,2064,TCP,155,Malware,True,True,7,Monday
2023-02-06 08:00:00,10.0.0.2,172.16.0.102,1569,TCP,126,Apt,True,True,8,Monday
2023-02-06 09:00:00,192.168.1.1,10.0.0.101,9976,TCP,575,Malware,True,True,9,Monday
2023-02-06 10:00:00,10.0.0.2,10.0.0.101,6160,ICMP,1226,Normal,True,True,10,Monday
2023-02-06 11:00:00,172.16.0.3,192.168.1.103,3736,ICMP,1272,Normal,True,True,11,Monday
2023-02-06 12:00:00,10.0.0.2,192.168.1.100,4501,UDP,1292,Normal,True,True,12,Monday
2023-02-06 13:00:00,10.0.0.2,10.0.0.101,7918,TCP,835,Dos,True,True,13,Monday
2023-02-06 14:00:00,192.168.1.1,192.168.1.103,6568,TCP,1301,Dos,True,True,14,Monday
2023-02-06 15:00:00,192.168.1.1,192.168.1.100,2313,UDP,319,Malware,True,True,15,Monday
2023-02-06 16:00:00,192.168.1.1,10.0.0.101,4857,TCP,198,Apt,True,True,16,Monday
2023-02-06 17:00:00,10.0.0.2,10.0.0.101,7778,TCP,938,Apt,True,True,17,Monday
2023-02-06 18:00:00,172.16.0.3,192.168.1.100,6813,TCP,885,Normal,True,True,18,Monday
2023-02-06 19:00:00,192.168.1.4,192.168.1.100,7658,TCP,151,Data Injection,True,True,19,Monday
2023-02-06 20:00:00,192.168.1.4,192.168.1.100,8013,TCP,1051,Dos,True,True,20,Monday
2023-02-06 21:00:00,192.168.1.1,10.0.0.101,6027,UDP,1294,Dos,True,True,21,Monday
2023-02-06 22:00:00,192.168.1.1,10.0.0.101,5562,TCP,1216,Normal,True,True,22,Monday
2023-02-06 23:00:00,10.0.0.2,192.168.1.103,9112,UDP,886,Dos,True,True,23,Monday
2023-02-07 00:00:00,192.168.1.4,172.16.0.102,6376,TCP,1090,Normal,True,True,0,Tuesday
2023-02-07 01:00:00,192.168.1.1,192.168.1.100,8453,ICMP,1037,Malware,True,True,1,Tuesday
2023-02-07 02:00:00,172.16.0.3,10.0.0.101,7400,ICMP,997,Apt,True,True,2,Tuesday
2023-02-07 03:00:00,172.16.0.3,10.0.0.101,2405,ICMP,184,Data Injection,True,True,3,Tuesday
2023-02-07 04:00:00,192.168.1.1,192.168.1.100,4288,ICMP,1472,Apt,True,True,4,Tuesday
2023-02-07 05:00:00,192.168.1.1,172.16.0.102,691,UDP,1125,Apt,True,True,5,Tuesday
2023-02-07 06:00:00,192.168.1.4,192.168.1.100,183,UDP,1428,Malware,True,True,6,Tuesday
2023-02-07 07:00:00,192.168.1.4,172.16.0.102,8676,TCP,1071,Dos,True,True,7,Tuesday
2023-02-07 08:00:00,10.0.0.2,10.0.0.101,4612,ICMP,988,Data Injection,True,True,8,Tuesday
2023-02-07 09:00:00,192.168.1.4,172.16.0.102,4815,UDP,708,Dos,True,True,9,Tuesday
2023-02-07 10:00:00,172.16.0.3,192.168.1.103,4818,TCP,777,Apt,True,True,10,Tuesday
2023-02-07 11:00:00,172.16.0.3,10.0.0.101,6056,TCP,923,Normal,True,True,11,Tuesday
2023-02-07 12:00:00,192.168.1.1,192.168.1.103,2375,UDP,84,Apt,True,True,12,Tuesday
2023-02-07 13:00:00,192.168.1.4,192.168.1.100,5907,ICMP,305,Dos,True,True,13,Tuesday
2023-02-07 14:00:00,10.0.0.2,192.168.1.100,7981,TCP,518,Apt,True,True,14,Tuesday
2023-02-07 15:00:00,172.16.0.3,192.168.1.100,5847,ICMP,1026,Normal,True,True,15,Tuesday
2023-02-07 16:00:00,172.16.0.3,172.16.0.102,8757,ICMP,684,Malware,True,True,16,Tuesday
2023-02-07 17:00:00,10.0.0.2,10.0.0.101,4739,ICMP,366,Dos,True,True,17,Tuesday
2023-02-07 18:00:00,10.0.0.2,192.168.1.100,613,TCP,866,Apt,True,True,18,Tuesday
2023-02-07 19:00:00,172.16.0.3,192.168.1.100,4859,ICMP,1027,Dos,True,True,19,Tuesday
2023-02-07 20:00:00,172.16.0.3,10.0.0.101,7414,TCP,132,Malware,True,True,20,Tuesday
2023-02-07 21:00:00,10.0.0.2,192.168.1.100,9671,ICMP,1216,Apt,True,True,21,Tuesday
2023-02-07 22:00:00,172.16.0.3,192.168.1.103,3513,TCP,259,Apt,True,True,22,Tuesday
2023-02-07 23:00:00,192.168.1.1,10.0.0.101,6184,ICMP,203,Dos,True,True,23,Tuesday
2023-02-08 00:00:00,192.168.1.1,10.0.0.101,2692,UDP,346,Dos,True,True,0,Wednesday
2023-02-08 01:00:00,10.0.0.2,10.0.0.101,4220,ICMP,375,Normal,True,True,1,Wednesday
2023-02-08 02:00:00,192.168.1.4,192.168.1.103,36,ICMP,809,Malware,True,True,2,Wednesday
2023-02-08 03:00:00,10.0.0.2,10.0.0.101,3211,TCP,340,Normal,True,True,3,Wednesday
2023-02-08 04:00:00,10.0.0.2,192.168.1.103,412,TCP,124,Apt,True,True,4,Wednesday
2023-02-08 05:00:00,192.168.1.4,10.0.0.101,8636,ICMP,1406,Dos,True,True,5,Wednesday
2023-02-08 06:00:00,192.168.1.4,172.16.0.102,6292,UDP,115,Apt,True,True,6,Wednesday
2023-02-08 07:00:00,192.168.1.4,192.168.1.100,591,UDP,216,Apt,True,True,7,Wednesday
2023-02-08 08:00:00,192.168.1.1,172.16.0.102,3651,TCP,1398,Data Injection,True,True,8,Wednesday
2023-02-08 09:00:00,172.16.0.3,192.168.1.100,6192,UDP,607,Data Injection,True,True,9,Wednesday
2023-02-08 10:00:00,192.168.1.1,192.168.1.103,9332,ICMP,630,Apt,True,True,10,Wednesday
2023-02-08 11:00:00,172.16.0.3,172.16.0.102,7197,TCP,1476,Dos,True,True,11,Wednesday
2023-02-08 12:00:00,192.168.1.1,10.0.0.101,8453,ICMP,685,Apt,True,True,12,Wednesday
2023-02-08 13:00:00,172.16.0.3,192.168.1.100,3917,TCP,1264,Data Injection,True,True,13,Wednesday
2023-02-08 14:00:00,192.168.1.1,192.168.1.100,8143,TCP,1449,Dos,True,True,14,Wednesday
2023-02-08 15:00:00,192.168.1.4,172.16.0.102,2299,TCP,377,Apt,True,True,15,Wednesday
2023-02-08 16:00:00,10.0.0.2,192.168.1.103,9000,TCP,870,Malware,True,True,16,Wednesday
2023-02-08 17:00:00,192.168.1.1,172.16.0.102,7471,UDP,911,Malware,True,True,17,Wednesday
2023-02-08 18:00:00,172.16.0.3,192.168.1.103,8926,ICMP,160,Apt,True,True,18,Wednesday
2023-02-08 19:00:00,192.168.1.4,192.168.1.103,795,ICMP,944,Dos,True,True,19,Wednesday
2023-02-08 20:00:00,192.168.1.1,192.168.1.100,6889,ICMP,1300,Apt,True,True,20,Wednesday
2023-02-08 21:00:00,192.168.1.1,172.16.0.102,2267,TCP,892,Apt,True,True,21,Wednesday
2023-02-08 22:00:00,192.168.1.4,172.16.0.102,7108,UDP,200,Data Injection,True,True,22,Wednesday
2023-02-08 23:00:00,192.168.1.1,192.168.1.103,98,ICMP,1093,Malware,True,True,23,Wednesday
2023-02-09 00:00:00,10.0.0.2,172.16.0.102,8100,UDP,1074,Data Injection,True,True,0,Thursday
2023-02-09 01:00:00,192.168.1.1,10.0.0.101,7119,TCP,172,Data Injection,True,True,1,Thursday
2023-02-09 02:00:00,10.0.0.2,10.0.0.101,3946,ICMP,610,Apt,True,True,2,Thursday
2023-02-09 03:00:00,10.0.0.2,172.16.0.102,9067,UDP,1126,Data Injection,True,True,3,Thursday
2023-02-09 04:00:00,192.168.1.4,172.16.0.102,7360,TCP,725,Malware,True,True,4,Thursday
2023-02-09 05:00:00,192.168.1.1,192.168.1.103,7103,UDP,488,Data Injection,True,True,5,Thursday
2023-02-09 06:00:00,192.168.1.4,10.0.0.101,6250,ICMP,693,Malware,True,True,6,Thursday
2023-02-09 07:00:00,192.168.1.1,10.0.0.101,9243,ICMP,324,Data Injection,True,True,7,Thursday
2023-02-09 08:00:00,192.168.1.1,192.168.1.100,4960,TCP,150,Malware,True,True,8,Thursday
2023-02-09 09:00:00,172.16.0.3,192.168.1.103,3291,TCP,528,Data Injection,True,True,9,Thursday
2023-02-09 10:00:00,192.168.1.1,192.168.1.100,3476,TCP,139,Data Injection,True,True,10,Thursday
2023-02-09 11:00:00,192.168.1.4,10.0.0.101,7808,UDP,534,Dos,True,True,11,Thursday
2023-02-09 12:00:00,10.0.0.2,192.168.1.103,8619,UDP,477,Malware,True,True,12,Thursday
2023-02-09 13:00:00,192.168.1.1,172.16.0.102,7670,UDP,888,Malware,True,True,13,Thursday
2023-02-09 14:00:00,172.16.0.3,192.168.1.103,2731,TCP,958,Malware,True,True,14,Thursday
2023-02-09 15:00:00,192.168.1.4,172.16.0.102,1688,ICMP,789,Normal,True,True,15,Thursday
2023-02-09 16:00:00,192.168.1.1,172.16.0.102,167,ICMP,520,Data Injection,True,True,16,Thursday
2023-02-09 17:00:00,192.168.1.4,192.168.1.103,6440,UDP,1372,Malware,True,True,17,Thursday
2023-02-09 18:00:00,172.16.0.3,172.16.0.102,385,UDP,1326,Normal,True,True,18,Thursday
2023-02-09 19:00:00,172.16.0.3,192.168.1.100,9886,ICMP,716,Dos,True,True,19,Thursday
2023-02-09 20:00:00,192.168.1.4,10.0.0.101,4551,ICMP,735,Malware,True,True,20,Thursday
2023-02-09 21:00:00,192.168.1.1,172.16.0.102,5350,UDP,1459,Malware,True,True,21,Thursday
2023-02-09 22:00:00,10.0.0.2,192.168.1.100,5530,UDP,558,Normal,True,True,22,Thursday
2023-02-09 23:00:00,172.16.0.3,172.16.0.102,8774,ICMP,1132,Data Injection,True,True,23,Thursday
2023-02-10 00:00:00,192.168.1.1,10.0.0.101,8984,TCP,1488,Dos,True,True,0,Friday
2023-02-10 01:00:00,192.168.1.1,192.168.1.100,6513,UDP,1334,Malware,True,True,1,Friday
2023-02-10 02:00:00,10.0.0.2,10.0.0.101,5459,ICMP,660,Data Injection,True,True,2,Friday
2023-02-10 03:00:00,172.16.0.3,10.0.0.101,9785,ICMP,513,Dos,True,True,3,Friday
2023-02-10 04:00:00,172.16.0.3,192.168.1.100,6531,ICMP,548,Apt,True,True,4,Friday
2023-02-10 05:00:00,192.168.1.1,192.168.1.100,7524,ICMP,709,Apt,True,True,5,Friday
2023-02-10 06:00:00,192.168.1.1,192.168.1.100,1266,TCP,683,Dos,True,True,6,Friday
2023-02-10 07:00:00,10.0.0.2,192.168.1.103,3859,ICMP,1105,Normal,True,True,7,Friday
2023-02-10 08:00:00,10.0.0.2,192.168.1.100,8571,UDP,725,Dos,True,True,8,Friday
2023-02-10 09:00:00,172.16.0.3,192.168.1.100,2396,TCP,821,Dos,True,True,9,Friday
2023-02-10 10:00:00,192.168.1.4,192.168.1.100,3029,ICMP,352,Normal,True,True,10,Friday
2023-02-10 11:00:00,172.16.0.3,192.168.1.100,9174,TCP,784,Normal,True,True,11,Friday
2023-02-10 12:00:00,192.168.1.1,172.16.0.102,1847,UDP,701,Data Injection,True,True,12,Friday
2023-02-10 13:00:00,172.16.0.3,192.168.1.103,6999,ICMP,298,Data Injection,True,True,13,Friday
2023-02-10 14:00:00,192.168.1.4,10.0.0.101,9825,UDP,479,Normal,True,True,14,Friday
2023-02-10 15:00:00,10.0.0.2,192.168.1.100,9852,ICMP,1001,Apt,True,True,15,Friday
2023-02-10 16:00:00,192.168.1.4,172.16.0.102,8589,ICMP,562,Apt,True,True,16,Friday
2023-02-10 17:00:00,192.168.1.4,172.16.0.102,4305,ICMP,1037,Dos,True,True,17,Friday
2023-02-10 18:00:00,192.168.1.4,172.16.0.102,6930,ICMP,697,Malware,True,True,18,Friday
2023-02-10 19:00:00,10.0.0.2,10.0.0.101,8581,ICMP,1083,Dos,True,True,19,Friday
2023-02-10 20:00:00,192.168.1.4,192.168.1.100,2216,TCP,178,Dos,True,True,20,Friday
2023-02-10 21:00:00,192.168.1.4,192.168.1.103,3767,ICMP,995,Malware,True,True,21,Friday
2023-02-10 22:00:00,192.168.1.4,192.168.1.103,8863,ICMP,737,Normal,True,True,22,Friday
2023-02-10 23:00:00,192.168.1.1,172.16.0.102,5998,TCP,1321,Apt,True,True,23,Friday
2023-02-11 00:00:00,192.168.1.4,10.0.0.101,5627,TCP,1098,Dos,True,True,0,Saturday
2023-02-11 01:00:00,10.0.0.2,10.0.0.101,789,TCP,269,Malware,True,True,1,Saturday
2023-02-11 02:00:00,192.168.1.4,10.0.0.101,800,TCP,310,Data Injection,True,True,2,Saturday
2023-02-11 03:00:00,192.168.1.4,192.168.1.103,9928,TCP,821,Dos,True,True,3,Saturday
2023-02-11 04:00:00,10.0.0.2,172.16.0.102,6323,TCP,1214,Apt,True,True,4,Saturday
2023-02-11 05:00:00,192.168.1.4,192.168.1.100,4003,ICMP,210,Normal,True,True,5,Saturday
2023-02-11 06:00:00,10.0.0.2,192.168.1.103,9523,ICMP,181,Dos,True,True,6,Saturday
2023-02-11 07:00:00,192.168.1.4,172.16.0.102,8734,UDP,1469,Dos,True,True,7,Saturday
2023-02-11 08:00:00,10.0.0.2,172.16.0.102,541,ICMP,475,Malware,True,True,8,Saturday
2023-02-11 09:00:00,192.168.1.4,192.168.1.100,9147,ICMP,426,Data Injection,True,True,9,Saturday
2023-02-11 10:00:00,192.168.1.4,192.168.1.100,7589,TCP,200,Data Injection,True,True,10,Saturday
2023-02-11 11:00:00,192.168.1.1,192.168.1.100,5804,TCP,1262,Normal,True,True,11,Saturday
2023-02-11 12:00:00,192.168.1.1,10.0.0.101,4603,ICMP,1376,Apt,True,True,12,Saturday
2023-02-11 13:00:00,192.168.1.4,192.168.1.100,5966,UDP,1021,Normal,True,True,13,Saturday
2023-02-11 14:00:00,192.168.1.4,172.16.0.102,4961,TCP,82,Dos,True,True,14,Saturday
2023-02-11 15:00:00,172.16.0.3,192.168.1.100,6287,ICMP,258,Dos,True,True,15,Saturday
