timestamp,source_ip,destination_ip,port,protocol,packet_size,attack_type,hour,day,weekday,time_segment,is_weekend
2023-01-01 00:00:00,172.16.0.3,10.0.0.101,8002,UDP,783,DoS,0,1,Sunday,Night,1
2023-01-01 01:00:00,192.168.1.4,172.16.0.102,4127,TCP,1201,Data Injection,1,1,Sunday,Night,1
2023-01-01 02:00:00,192.168.1.1,192.168.1.100,1361,UDP,543,APT,2,1,Sunday,Night,1
2023-01-01 03:00:00,172.16.0.3,192.168.1.100,8427,UDP,85,Normal,3,1,Sunday,Night,1
2023-01-01 04:00:00,172.16.0.3,192.168.1.100,358,UDP,1436,Malware,4,1,Sunday,Night,1
2023-01-01 05:00:00,192.168.1.4,192.168.1.100,5915,TCP,746,DoS,5,1,Sunday,Morning,1
2023-01-01 06:00:00,192.168.1.1,192.168.1.103,2728,ICMP,969,APT,6,1,Sunday,Morning,1
2023-01-01 07:00:00,192.168.1.1,192.168.1.100,1770,UDP,383,Data Injection,7,1,Sunday,Morning,1
2023-01-01 08:00:00,172.16.0.3,192.168.1.103,5624,TCP,189,Normal,8,1,Sunday,Morning,1
2023-01-01 09:00:00,10.0.0.2,192.168.1.103,2441,TCP,340,DoS,9,1,Sunday,Morning,1
2023-01-01 10:00:00,172.16.0.3,192.168.1.100,7139,ICMP,1291,Normal,10,1,Sunday,Morning,1
2023-01-01 11:00:00,172.16.0.3,192.168.1.100,8921,UDP,257,Malware,11,1,Sunday,Morning,1
2023-01-01 12:00:00,172.16.0.3,10.0.0.101,5339,UDP,759,Data Injection,12,1,Sunday,Afternoon,1
2023-01-01 13:00:00,172.16.0.3,172.16.0.102,6629,ICMP,1373,Normal,13,1,Sunday,Afternoon,1
2023-01-01 14:00:00,192.168.1.4,192.168.1.100,5407,ICMP,120,APT,14,1,Sunday,Afternoon,1
2023-01-01 15:00:00,192.168.1.1,10.0.0.101,4013,TCP,1390,Data Injection,15,1,Sunday,Afternoon,1
2023-01-01 16:00:00,192.168.1.4,10.0.0.101,8700,TCP,1250,APT,16,1,Sunday,Afternoon,1
2023-01-01 17:00:00,192.168.1.4,172.16.0.102,8064,ICMP,82,Normal,17,1,Sunday,Evening,1
2023-01-01 18:00:00,192.168.1.4,192.168.1.103,8258,UDP,1457,Data Injection,18,1,Sunday,Evening,1
2023-01-01 19:00:00,172.16.0.3,192.168.1.100,4893,TCP,327,APT,19,1,Sunday,Evening,1
2023-01-01 20:00:00,10.0.0.2,172.16.0.102,4826,TCP,857,Malware,20,1,Sunday,Evening,1
2023-01-01 21:00:00,192.168.1.1,192.168.1.100,8612,UDP,176,Malware,21,1,Sunday,Night,1
2023-01-01 22:00:00,10.0.0.2,10.0.0.101,5933,TCP,1414,Normal,22,1,Sunday,Night,1
2023-01-01 23:00:00,192.168.1.4,10.0.0.101,7144,UDP,605,Data Injection,23,1,Sunday,Night,1
2023-01-02 00:00:00,192.168.1.4,192.168.1.103,3177,UDP,710,DoS,0,2,Monday,Night,0
2023-01-02 01:00:00,10.0.0.2,10.0.0.101,410,UDP,642,Data Injection,1,2,Monday,Night,0
2023-01-02 02:00:00,10.0.0.2,10.0.0.101,4450,ICMP,1152,Malware,2,2,Monday,Night,0
2023-01-02 03:00:00,10.0.0.2,172.16.0.102,8840,ICMP,1379,APT,3,2,Monday,Night,0
2023-01-02 04:00:00,192.168.1.4,192.168.1.100,7706,ICMP,88,DoS,4,2,Monday,Night,0
2023-01-02 05:00:00,192.168.1.4,192.168.1.100,4252,UDP,64,Normal,5,2,Monday,Morning,0
2023-01-02 06:00:00,192.168.1.1,172.16.0.102,8027,UDP,974,DoS,6,2,Monday,Morning,0
2023-01-02 07:00:00,192.168.1.1,192.168.1.103,1541,ICMP,204,Normal,7,2,Monday,Morning,0
2023-01-02 08:00:00,192.168.1.4,192.168.1.100,9038,TCP,711,DoS,8,2,Monday,Morning,0
2023-01-02 09:00:00,10.0.0.2,10.0.0.101,1520,UDP,251,Normal,9,2,Monday,Morning,0
2023-01-02 10:00:00,10.0.0.2,192.168.1.100,6757,TCP,1215,Normal,10,2,Monday,Morning,0
2023-01-02 11:00:00,192.168.1.1,10.0.0.101,3314,TCP,264,DoS,11,2,Monday,Morning,0
2023-01-02 12:00:00,192.168.1.4,192.168.1.103,5105,UDP,1214,DoS,12,2,Monday,Afternoon,0
2023-01-02 13:00:00,192.168.1.1,172.16.0.102,2439,UDP,320,Normal,13,2,Monday,Afternoon,0
2023-01-02 14:00:00,192.168.1.1,192.168.1.100,9146,TCP,610,Malware,14,2,Monday,Afternoon,0
2023-01-02 15:00:00,172.16.0.3,172.16.0.102,3062,TCP,257,DoS,15,2,Monday,Afternoon,0
2023-01-02 16:00:00,172.16.0.3,192.168.1.100,4517,ICMP,766,Data Injection,16,2,Monday,Afternoon,0
2023-01-02 17:00:00,172.16.0.3,10.0.0.101,1486,ICMP,1191,APT,17,2,Monday,Evening,0
2023-01-02 18:00:00,10.0.0.2,172.16.0.102,3581,UDP,1352,Normal,18,2,Monday,Evening,0
2023-01-02 19:00:00,192.168.1.4,192.168.1.100,634,ICMP,865,Normal,19,2,Monday,Evening,0
2023-01-02 20:00:00,192.168.1.4,10.0.0.101,5412,ICMP,1005,APT,20,2,Monday,Evening,0
2023-01-02 21:00:00,192.168.1.4,172.16.0.102,7713,ICMP,1471,Malware,21,2,Monday,Night,0
2023-01-02 22:00:00,192.168.1.4,172.16.0.102,9394,ICMP,1347,APT,22,2,Monday,Night,0
2023-01-02 23:00:00,172.16.0.3,192.168.1.100,3243,TCP,477,DoS,23,2,Monday,Night,0
2023-01-03 00:00:00,10.0.0.2,192.168.1.100,7158,UDP,1445,APT,0,3,Tuesday,Night,0
2023-01-03 01:00:00,10.0.0.2,192.168.1.100,2687,ICMP,1162,Normal,1,3,Tuesday,Night,0
2023-01-03 02:00:00,172.16.0.3,10.0.0.101,8000,TCP,1442,APT,2,3,Tuesday,Night,0
2023-01-03 03:00:00,10.0.0.2,192.168.1.100,150,TCP,973,Data Injection,3,3,Tuesday,Night,0
2023-01-03 04:00:00,172.16.0.3,172.16.0.102,3003,TCP,251,DoS,4,3,Tuesday,Night,0
2023-01-03 05:00:00,192.168.1.4,172.16.0.102,4298,ICMP,1377,APT,5,3,Tuesday,Morning,0
2023-01-03 06:00:00,172.16.0.3,192.168.1.100,7146,ICMP,108,Normal,6,3,Tuesday,Morning,0
2023-01-03 07:00:00,192.168.1.4,192.168.1.100,8250,UDP,146,DoS,7,3,Tuesday,Morning,0
2023-01-03 08:00:00,192.168.1.4,192.168.1.103,7714,ICMP,1210,Normal,8,3,Tuesday,Morning,0
2023-01-03 09:00:00,192.168.1.1,172.16.0.102,6660,ICMP,421,Malware,9,3,Tuesday,Morning,0
2023-01-03 10:00:00,172.16.0.3,10.0.0.101,5488,TCP,1153,Data Injection,10,3,Tuesday,Morning,0
2023-01-03 11:00:00,192.168.1.1,192.168.1.103,940,UDP,999,Malware,11,3,Tuesday,Morning,0
2023-01-03 12:00:00,172.16.0.3,192.168.1.100,7584,ICMP,438,Data Injection,12,3,Tuesday,Afternoon,0
2023-01-03 13:00:00,172.16.0.3,192.168.1.100,8704,ICMP,225,APT,13,3,Tuesday,Afternoon,0
2023-01-03 14:00:00,192.168.1.1,172.16.0.102,9343,TCP,1467,DoS,14,3,Tuesday,Afternoon,0
2023-01-03 15:00:00,192.168.1.1,192.168.1.100,8522,TCP,1445,APT,15,3,Tuesday,Afternoon,0
2023-01-03 16:00:00,172.16.0.3,10.0.0.101,8950,ICMP,1275,Data Injection,16,3,Tuesday,Afternoon,0
2023-01-03 17:00:00,10.0.0.2,172.16.0.102,3261,UDP,385,Data Injection,17,3,Tuesday,Evening,0
2023-01-03 18:00:00,192.168.1.4,192.168.1.100,565,UDP,513,Data Injection,18,3,Tuesday,Evening,0
2023-01-03 19:00:00,192.168.1.1,172.16.0.102,4366,TCP,1100,Normal,19,3,Tuesday,Evening,0
2023-01-03 20:00:00,192.168.1.4,192.168.1.100,3830,TCP,247,DoS,20,3,Tuesday,Evening,0
2023-01-03 21:00:00,10.0.0.2,192.168.1.100,7226,ICMP,174,APT,21,3,Tuesday,Night,0
2023-01-03 22:00:00,10.0.0.2,192.168.1.100,9025,TCP,571,APT,22,3,Tuesday,Night,0
2023-01-03 23:00:00,10.0.0.2,10.0.0.101,2052,ICMP,1377,Malware,23,3,Tuesday,Night,0
2023-01-04 00:00:00,192.168.1.1,10.0.0.101,8456,UDP,358,Data Injection,0,4,Wednesday,Night,0
2023-01-04 01:00:00,10.0.0.2,172.16.0.102,291,UDP,967,Data Injection,1,4,Wednesday,Night,0
2023-01-04 02:00:00,192.168.1.1,192.168.1.100,3531,ICMP,1302,Data Injection,2,4,Wednesday,Night,0
2023-01-04 03:00:00,10.0.0.2,192.168.1.100,1791,TCP,1037,APT,3,4,Wednesday,Night,0
2023-01-04 04:00:00,192.168.1.4,10.0.0.101,9474,UDP,695,Malware,4,4,Wednesday,Night,0
2023-01-04 05:00:00,192.168.1.4,192.168.1.100,4381,TCP,1114,Normal,5,4,Wednesday,Morning,0
2023-01-04 06:00:00,172.16.0.3,10.0.0.101,7089,UDP,796,DoS,6,4,Wednesday,Morning,0
2023-01-04 07:00:00,192.168.1.4,192.168.1.100,940,ICMP,1318,Normal,7,4,Wednesday,Morning,0
2023-01-04 08:00:00,172.16.0.3,172.16.0.102,8210,ICMP,384,APT,8,4,Wednesday,Morning,0
2023-01-04 09:00:00,192.168.1.4,192.168.1.100,3450,ICMP,976,Data Injection,9,4,Wednesday,Morning,0
2023-01-04 10:00:00,192.168.1.1,192.168.1.100,4455,UDP,1320,DoS,10,4,Wednesday,Morning,0
2023-01-04 11:00:00,192.168.1.4,192.168.1.103,3780,TCP,500,APT,11,4,Wednesday,Morning,0
2023-01-04 12:00:00,172.16.0.3,10.0.0.101,2070,TCP,844,APT,12,4,Wednesday,Afternoon,0
2023-01-04 13:00:00,172.16.0.3,192.168.1.100,1185,TCP,1490,APT,13,4,Wednesday,Afternoon,0
2023-01-04 14:00:00,10.0.0.2,192.168.1.100,8587,UDP,1140,DoS,14,4,Wednesday,Afternoon,0
2023-01-04 15:00:00,192.168.1.1,192.168.1.103,2053,UDP,1400,DoS,15,4,Wednesday,Afternoon,0
2023-01-04 16:00:00,192.168.1.4,192.168.1.103,6487,UDP,1368,Malware,16,4,Wednesday,Afternoon,0
2023-01-04 17:00:00,10.0.0.2,10.0.0.101,165,UDP,789,Malware,17,4,Wednesday,Evening,0
2023-01-04 18:00:00,192.168.1.4,192.168.1.103,4408,UDP,94,Normal,18,4,Wednesday,Evening,0
2023-01-04 19:00:00,192.168.1.4,172.16.0.102,7852,TCP,400,DoS,19,4,Wednesday,Evening,0
2023-01-04 20:00:00,10.0.0.2,192.168.1.103,8643,UDP,246,DoS,20,4,Wednesday,Evening,0
2023-01-04 21:00:00,10.0.0.2,172.16.0.102,8916,UDP,1110,DoS,21,4,Wednesday,Night,0
2023-01-04 22:00:00,10.0.0.2,10.0.0.101,8193,TCP,607,Malware,22,4,Wednesday,Night,0
2023-01-04 23:00:00,10.0.0.2,10.0.0.101,2652,UDP,1161,APT,23,4,Wednesday,Night,0
2023-01-05 00:00:00,10.0.0.2,10.0.0.101,4514,TCP,1097,Data Injection,0,5,Thursday,Night,0
2023-01-05 01:00:00,192.168.1.4,10.0.0.101,8076,TCP,723,Malware,1,5,Thursday,Night,0
2023-01-05 02:00:00,10.0.0.2,10.0.0.101,7531,ICMP,223,DoS,2,5,Thursday,Night,0
2023-01-05 03:00:00,192.168.1.1,172.16.0.102,9175,ICMP,1101,Malware,3,5,Thursday,Night,0
2023-01-05 04:00:00,172.16.0.3,172.16.0.102,1848,ICMP,1265,Normal,4,5,Thursday,Night,0
2023-01-05 05:00:00,10.0.0.2,10.0.0.101,9150,ICMP,475,DoS,5,5,Thursday,Morning,0
2023-01-05 06:00:00,10.0.0.2,192.168.1.103,4825,UDP,1075,Normal,6,5,Thursday,Morning,0
2023-01-05 07:00:00,192.168.1.4,192.168.1.100,826,ICMP,116,DoS,7,5,Thursday,Morning,0
2023-01-05 08:00:00,10.0.0.2,10.0.0.101,9675,TCP,471,Malware,8,5,Thursday,Morning,0
2023-01-05 09:00:00,10.0.0.2,192.168.1.103,7506,UDP,910,APT,9,5,Thursday,Morning,0
2023-01-05 10:00:00,10.0.0.2,192.168.1.100,8222,ICMP,1109,Data Injection,10,5,Thursday,Morning,0
2023-01-05 11:00:00,192.168.1.4,10.0.0.101,1888,TCP,1117,Normal,11,5,Thursday,Morning,0
2023-01-05 12:00:00,10.0.0.2,10.0.0.101,7898,UDP,766,Malware,12,5,Thursday,Afternoon,0
2023-01-05 13:00:00,172.16.0.3,172.16.0.102,5710,UDP,323,APT,13,5,Thursday,Afternoon,0
2023-01-05 14:00:00,192.168.1.4,192.168.1.100,7847,ICMP,1292,Malware,14,5,Thursday,Afternoon,0
2023-01-05 15:00:00,172.16.0.3,192.168.1.100,5449,UDP,1146,Normal,15,5,Thursday,Afternoon,0
2023-01-05 16:00:00,192.168.1.4,192.168.1.103,9096,TCP,839,Data Injection,16,5,Thursday,Afternoon,0
2023-01-05 17:00:00,10.0.0.2,172.16.0.102,3584,UDP,1099,Malware,17,5,Thursday,Evening,0
2023-01-05 18:00:00,172.16.0.3,172.16.0.102,1409,TCP,1377,DoS,18,5,Thursday,Evening,0
2023-01-05 19:00:00,192.168.1.4,172.16.0.102,7294,UDP,913,APT,19,5,Thursday,Evening,0
2023-01-05 20:00:00,192.168.1.1,172.16.0.102,844,ICMP,417,Malware,20,5,Thursday,Evening,0
2023-01-05 21:00:00,10.0.0.2,192.168.1.100,2285,TCP,1162,APT,21,5,Thursday,Night,0
2023-01-05 22:00:00,192.168.1.4,192.168.1.100,956,UDP,936,DoS,22,5,Thursday,Night,0
2023-01-05 23:00:00,192.168.1.1,10.0.0.101,6422,UDP,1054,Data Injection,23,5,Thursday,Night,0
2023-01-06 00:00:00,192.168.1.4,10.0.0.101,3865,UDP,1328,Data Injection,0,6,Friday,Night,0
2023-01-06 01:00:00,192.168.1.1,172.16.0.102,1816,TCP,1081,DoS,1,6,Friday,Night,0
2023-01-06 02:00:00,10.0.0.2,172.16.0.102,8265,TCP,1241,APT,2,6,Friday,Night,0
2023-01-06 03:00:00,172.16.0.3,172.16.0.102,7234,TCP,1183,Malware,3,6,Friday,Night,0
2023-01-06 04:00:00,192.168.1.1,10.0.0.101,746,ICMP,357,DoS,4,6,Friday,Night,0
2023-01-06 05:00:00,192.168.1.4,192.168.1.103,2756,ICMP,272,Normal,5,6,Friday,Morning,0
2023-01-06 06:00:00,10.0.0.2,192.168.1.103,1933,TCP,1430,APT,6,6,Friday,Morning,0
2023-01-06 07:00:00,192.168.1.1,10.0.0.101,9808,UDP,1175,Data Injection,7,6,Friday,Morning,0
2023-01-06 08:00:00,192.168.1.4,10.0.0.101,7677,ICMP,881,DoS,8,6,Friday,Morning,0
2023-01-06 09:00:00,192.168.1.4,10.0.0.101,2486,TCP,453,Data Injection,9,6,Friday,Morning,0
2023-01-06 10:00:00,192.168.1.4,10.0.0.101,9061,UDP,388,APT,10,6,Friday,Morning,0
2023-01-06 11:00:00,192.168.1.1,10.0.0.101,7332,ICMP,1003,Data Injection,11,6,Friday,Morning,0
2023-01-06 12:00:00,192.168.1.1,10.0.0.101,8214,UDP,952,DoS,12,6,Friday,Afternoon,0
2023-01-06 13:00:00,192.168.1.1,172.16.0.102,7926,UDP,1244,APT,13,6,Friday,Afternoon,0
2023-01-06 14:00:00,172.16.0.3,172.16.0.102,4896,UDP,731,Normal,14,6,Friday,Afternoon,0
2023-01-06 15:00:00,192.168.1.1,172.16.0.102,7307,UDP,696,DoS,15,6,Friday,Afternoon,0
2023-01-06 16:00:00,192.168.1.1,172.16.0.102,912,ICMP,640,Malware,16,6,Friday,Afternoon,0
2023-01-06 17:00:00,192.168.1.1,10.0.0.101,4695,ICMP,200,DoS,17,6,Friday,Evening,0
2023-01-06 18:00:00,172.16.0.3,192.168.1.103,1953,ICMP,491,APT,18,6,Friday,Evening,0
2023-01-06 19:00:00,192.168.1.1,192.168.1.100,1400,TCP,675,DoS,19,6,Friday,Evening,0
2023-01-06 20:00:00,192.168.1.4,10.0.0.101,1310,ICMP,974,Normal,20,6,Friday,Evening,0
2023-01-06 21:00:00,192.168.1.1,192.168.1.100,1660,UDP,882,Normal,21,6,Friday,Night,0
2023-01-06 22:00:00,192.168.1.4,192.168.1.103,7510,ICMP,204,Malware,22,6,Friday,Night,0
2023-01-06 23:00:00,192.168.1.4,172.16.0.102,9199,UDP,1170,Data Injection,23,6,Friday,Night,0
2023-01-07 00:00:00,192.168.1.4,192.168.1.103,1238,TCP,240,APT,0,7,Saturday,Night,1
2023-01-07 01:00:00,172.16.0.3,10.0.0.101,5036,UDP,261,APT,1,7,Saturday,Night,1
2023-01-07 02:00:00,172.16.0.3,172.16.0.102,6901,UDP,687,Data Injection,2,7,Saturday,Night,1
2023-01-07 03:00:00,172.16.0.3,10.0.0.101,9567,UDP,754,Normal,3,7,Saturday,Night,1
2023-01-07 04:00:00,192.168.1.1,172.16.0.102,9772,TCP,464,Normal,4,7,Saturday,Night,1
2023-01-07 05:00:00,192.168.1.4,192.168.1.100,9630,ICMP,534,DoS,5,7,Saturday,Morning,1
2023-01-07 06:00:00,172.16.0.3,192.168.1.100,974,ICMP,281,Malware,6,7,Saturday,Morning,1
2023-01-07 07:00:00,172.16.0.3,192.168.1.100,9195,TCP,992,Malware,7,7,Saturday,Morning,1
2023-01-07 08:00:00,192.168.1.1,192.168.1.103,7311,UDP,695,Malware,8,7,Saturday,Morning,1
2023-01-07 09:00:00,172.16.0.3,10.0.0.101,994,ICMP,1014,DoS,9,7,Saturday,Morning,1
2023-01-07 10:00:00,192.168.1.1,192.168.1.103,4153,TCP,969,Malware,10,7,Saturday,Morning,1
2023-01-07 11:00:00,10.0.0.2,192.168.1.100,5390,ICMP,238,Data Injection,11,7,Saturday,Morning,1
2023-01-07 12:00:00,172.16.0.3,10.0.0.101,3992,TCP,86,DoS,12,7,Saturday,Afternoon,1
2023-01-07 13:00:00,10.0.0.2,192.168.1.100,5315,UDP,298,Data Injection,13,7,Saturday,Afternoon,1
2023-01-07 14:00:00,192.168.1.1,192.168.1.103,9125,ICMP,1100,DoS,14,7,Saturday,Afternoon,1
2023-01-07 15:00:00,192.168.1.4,192.168.1.103,8248,TCP,1188,Malware,15,7,Saturday,Afternoon,1
2023-01-07 16:00:00,172.16.0.3,192.168.1.103,9923,ICMP,992,Data Injection,16,7,Saturday,Afternoon,1
2023-01-07 17:00:00,192.168.1.1,192.168.1.100,3040,ICMP,586,Data Injection,17,7,Saturday,Evening,1
2023-01-07 18:00:00,192.168.1.4,10.0.0.101,9007,ICMP,494,Data Injection,18,7,Saturday,Evening,1
2023-01-07 19:00:00,192.168.1.4,10.0.0.101,4056,ICMP,856,DoS,19,7,Saturday,Evening,1
2023-01-07 20:00:00,10.0.0.2,192.168.1.100,5088,TCP,596,APT,20,7,Saturday,Evening,1
2023-01-07 21:00:00,192.168.1.1,10.0.0.101,5253,UDP,1042,Malware,21,7,Saturday,Night,1
2023-01-07 22:00:00,192.168.1.4,192.168.1.100,9536,TCP,1380,Data Injection,22,7,Saturday,Night,1
2023-01-07 23:00:00,172.16.0.3,10.0.0.101,337,TCP,873,APT,23,7,Saturday,Night,1
2023-01-08 00:00:00,172.16.0.3,172.16.0.102,2416,TCP,976,Malware,0,8,Sunday,Night,1
2023-01-08 01:00:00,10.0.0.2,172.16.0.102,2182,UDP,1188,Malware,1,8,Sunday,Night,1
2023-01-08 02:00:00,192.168.1.4,192.168.1.103,2765,ICMP,1391,Data Injection,2,8,Sunday,Night,1
2023-01-08 03:00:00,192.168.1.1,172.16.0.102,1611,ICMP,934,Data Injection,3,8,Sunday,Night,1
2023-01-08 04:00:00,172.16.0.3,172.16.0.102,6203,ICMP,603,DoS,4,8,Sunday,Night,1
2023-01-08 05:00:00,192.168.1.4,172.16.0.102,3950,UDP,1087,APT,5,8,Sunday,Morning,1
2023-01-08 06:00:00,192.168.1.4,192.168.1.100,1332,ICMP,1442,APT,6,8,Sunday,Morning,1
2023-01-08 07:00:00,10.0.0.2,172.16.0.102,9497,UDP,1390,Data Injection,7,8,Sunday,Morning,1
2023-01-08 08:00:00,172.16.0.3,172.16.0.102,4331,ICMP,290,Malware,8,8,Sunday,Morning,1
2023-01-08 09:00:00,172.16.0.3,192.168.1.103,7334,ICMP,1323,Data Injection,9,8,Sunday,Morning,1
2023-01-08 10:00:00,192.168.1.1,172.16.0.102,2403,TCP,936,Malware,10,8,Sunday,Morning,1
2023-01-08 11:00:00,172.16.0.3,172.16.0.102,3259,UDP,955,Malware,11,8,Sunday,Morning,1
2023-01-08 12:00:00,192.168.1.1,10.0.0.101,2159,TCP,1100,Data Injection,12,8,Sunday,Afternoon,1
2023-01-08 13:00:00,172.16.0.3,192.168.1.103,1724,TCP,273,Normal,13,8,Sunday,Afternoon,1
2023-01-08 14:00:00,10.0.0.2,192.168.1.103,6944,TCP,804,APT,14,8,Sunday,Afternoon,1
2023-01-08 15:00:00,172.16.0.3,192.168.1.103,382,UDP,460,Malware,15,8,Sunday,Afternoon,1
2023-01-08 16:00:00,192.168.1.1,192.168.1.103,2624,UDP,1187,Malware,16,8,Sunday,Afternoon,1
2023-01-08 17:00:00,192.168.1.1,192.168.1.103,9928,ICMP,94,Normal,17,8,Sunday,Evening,1
2023-01-08 18:00:00,10.0.0.2,192.168.1.103,4306,TCP,961,DoS,18,8,Sunday,Evening,1
2023-01-08 19:00:00,172.16.0.3,192.168.1.100,3758,ICMP,712,Normal,19,8,Sunday,Evening,1
2023-01-08 20:00:00,172.16.0.3,172.16.0.102,2489,TCP,392,Normal,20,8,Sunday,Evening,1
2023-01-08 21:00:00,10.0.0.2,192.168.1.103,4815,UDP,1253,Malware,21,8,Sunday,Night,1
2023-01-08 22:00:00,172.16.0.3,172.16.0.102,6170,UDP,1015,APT,22,8,Sunday,Night,1
2023-01-08 23:00:00,172.16.0.3,172.16.0.102,576,UDP,1187,Normal,23,8,Sunday,Night,1
2023-01-09 00:00:00,192.168.1.1,192.168.1.100,9037,TCP,684,DoS,0,9,Monday,Night,0
2023-01-09 01:00:00,172.16.0.3,192.168.1.103,2828,UDP,1260,Data Injection,1,9,Monday,Night,0
2023-01-09 02:00:00,172.16.0.3,10.0.0.101,5170,TCP,225,Normal,2,9,Monday,Night,0
2023-01-09 03:00:00,10.0.0.2,192.168.1.100,7581,ICMP,839,Normal,3,9,Monday,Night,0
2023-01-09 04:00:00,10.0.0.2,10.0.0.101,2739,TCP,1350,DoS,4,9,Monday,Night,0
2023-01-09 05:00:00,192.168.1.4,172.16.0.102,6526,ICMP,337,APT,5,9,Monday,Morning,0
2023-01-09 06:00:00,192.168.1.1,172.16.0.102,3761,TCP,1090,Normal,6,9,Monday,Morning,0
2023-01-09 07:00:00,172.16.0.3,192.168.1.100,9786,ICMP,1115,Normal,7,9,Monday,Morning,0
2023-01-09 08:00:00,172.16.0.3,192.168.1.100,4018,UDP,389,APT,8,9,Monday,Morning,0
2023-01-09 09:00:00,192.168.1.4,10.0.0.101,2423,ICMP,1003,DoS,9,9,Monday,Morning,0
2023-01-09 10:00:00,172.16.0.3,192.168.1.103,8800,UDP,1236,Normal,10,9,Monday,Morning,0
2023-01-09 11:00:00,192.168.1.1,10.0.0.101,9759,UDP,603,APT,11,9,Monday,Morning,0
2023-01-09 12:00:00,192.168.1.4,192.168.1.100,314,ICMP,551,Normal,12,9,Monday,Afternoon,0
2023-01-09 13:00:00,192.168.1.1,10.0.0.101,5363,TCP,885,Data Injection,13,9,Monday,Afternoon,0
2023-01-09 14:00:00,192.168.1.4,192.168.1.100,9902,TCP,1152,Malware,14,9,Monday,Afternoon,0
2023-01-09 15:00:00,192.168.1.4,10.0.0.101,1156,TCP,419,Data Injection,15,9,Monday,Afternoon,0
2023-01-09 16:00:00,10.0.0.2,192.168.1.100,2084,TCP,1339,Normal,16,9,Monday,Afternoon,0
2023-01-09 17:00:00,192.168.1.1,192.168.1.100,7029,TCP,298,DoS,17,9,Monday,Evening,0
2023-01-09 18:00:00,172.16.0.3,192.168.1.100,4563,UDP,290,Malware,18,9,Monday,Evening,0
2023-01-09 19:00:00,172.16.0.3,192.168.1.103,1027,TCP,1400,Data Injection,19,9,Monday,Evening,0
2023-01-09 20:00:00,192.168.1.1,10.0.0.101,5465,UDP,112,APT,20,9,Monday,Evening,0
2023-01-09 21:00:00,172.16.0.3,10.0.0.101,5372,UDP,181,DoS,21,9,Monday,Night,0
2023-01-09 22:00:00,172.16.0.3,10.0.0.101,9459,UDP,117,Data Injection,22,9,Monday,Night,0
2023-01-09 23:00:00,192.168.1.1,192.168.1.100,1455,ICMP,628,APT,23,9,Monday,Night,0
2023-01-10 00:00:00,192.168.1.4,10.0.0.101,591,ICMP,1131,Normal,0,10,Tuesday,Night,0
2023-01-10 01:00:00,192.168.1.1,10.0.0.101,2402,UDP,116,APT,1,10,Tuesday,Night,0
2023-01-10 02:00:00,192.168.1.4,192.168.1.100,9457,ICMP,621,Data Injection,2,10,Tuesday,Night,0
2023-01-10 03:00:00,172.16.0.3,172.16.0.102,5104,TCP,1189,Data Injection,3,10,Tuesday,Night,0
2023-01-10 04:00:00,172.16.0.3,192.168.1.100,297,TCP,931,Normal,4,10,Tuesday,Night,0
2023-01-10 05:00:00,172.16.0.3,10.0.0.101,7079,UDP,461,APT,5,10,Tuesday,Morning,0
2023-01-10 06:00:00,10.0.0.2,192.168.1.100,1907,TCP,1225,APT,6,10,Tuesday,Morning,0
2023-01-10 07:00:00,192.168.1.4,172.16.0.102,1285,UDP,738,Normal,7,10,Tuesday,Morning,0
2023-01-10 08:00:00,10.0.0.2,192.168.1.100,7511,UDP,450,APT,8,10,Tuesday,Morning,0
2023-01-10 09:00:00,10.0.0.2,10.0.0.101,1060,TCP,174,Normal,9,10,Tuesday,Morning,0
2023-01-10 10:00:00,192.168.1.1,172.16.0.102,9129,ICMP,677,DoS,10,10,Tuesday,Morning,0
2023-01-10 11:00:00,10.0.0.2,192.168.1.103,8093,TCP,80,Data Injection,11,10,Tuesday,Morning,0
2023-01-10 12:00:00,192.168.1.1,10.0.0.101,9097,TCP,1269,DoS,12,10,Tuesday,Afternoon,0
2023-01-10 13:00:00,192.168.1.1,172.16.0.102,2772,UDP,947,Malware,13,10,Tuesday,Afternoon,0
2023-01-10 14:00:00,10.0.0.2,172.16.0.102,8233,UDP,604,Malware,14,10,Tuesday,Afternoon,0
2023-01-10 15:00:00,192.168.1.4,192.168.1.103,4589,UDP,234,Malware,15,10,Tuesday,Afternoon,0
2023-01-10 16:00:00,192.168.1.4,192.168.1.100,6373,UDP,472,Normal,16,10,Tuesday,Afternoon,0
2023-01-10 17:00:00,192.168.1.4,192.168.1.100,2373,ICMP,803,APT,17,10,Tuesday,Evening,0
2023-01-10 18:00:00,192.168.1.4,10.0.0.101,7457,ICMP,1465,DoS,18,10,Tuesday,Evening,0
2023-01-10 19:00:00,192.168.1.4,192.168.1.103,4819,ICMP,1275,DoS,19,10,Tuesday,Evening,0
2023-01-10 20:00:00,10.0.0.2,192.168.1.100,706,UDP,921,DoS,20,10,Tuesday,Evening,0
2023-01-10 21:00:00,10.0.0.2,192.168.1.103,8496,UDP,293,DoS,21,10,Tuesday,Night,0
2023-01-10 22:00:00,172.16.0.3,192.168.1.100,4831,UDP,182,Malware,22,10,Tuesday,Night,0
2023-01-10 23:00:00,192.168.1.4,172.16.0.102,8974,ICMP,1243,DoS,23,10,Tuesday,Night,0
2023-01-11 00:00:00,10.0.0.2,192.168.1.100,5366,UDP,847,APT,0,11,Wednesday,Night,0
2023-01-11 01:00:00,172.16.0.3,192.168.1.103,5063,TCP,528,Malware,1,11,Wednesday,Night,0
2023-01-11 02:00:00,192.168.1.4,172.16.0.102,2448,TCP,167,DoS,2,11,Wednesday,Night,0
2023-01-11 03:00:00,192.168.1.1,172.16.0.102,5146,UDP,761,Normal,3,11,Wednesday,Night,0
2023-01-11 04:00:00,172.16.0.3,172.16.0.102,8240,TCP,238,Data Injection,4,11,Wednesday,Night,0
2023-01-11 05:00:00,10.0.0.2,192.168.1.103,9118,TCP,808,Data Injection,5,11,Wednesday,Morning,0
2023-01-11 06:00:00,192.168.1.1,10.0.0.101,7833,ICMP,1221,Data Injection,6,11,Wednesday,Morning,0
2023-01-11 07:00:00,192.168.1.1,10.0.0.101,9665,UDP,1478,Malware,7,11,Wednesday,Morning,0
2023-01-11 08:00:00,192.168.1.1,10.0.0.101,3376,UDP,728,DoS,8,11,Wednesday,Morning,0
2023-01-11 09:00:00,172.16.0.3,192.168.1.103,8727,ICMP,96,Malware,9,11,Wednesday,Morning,0
2023-01-11 10:00:00,10.0.0.2,172.16.0.102,7286,TCP,118,APT,10,11,Wednesday,Morning,0
2023-01-11 11:00:00,192.168.1.1,10.0.0.101,6560,TCP,582,Normal,11,11,Wednesday,Morning,0
2023-01-11 12:00:00,192.168.1.4,192.168.1.103,58,UDP,819,Normal,12,11,Wednesday,Afternoon,0
2023-01-11 13:00:00,192.168.1.1,10.0.0.101,3362,TCP,75,Data Injection,13,11,Wednesday,Afternoon,0
2023-01-11 14:00:00,192.168.1.1,192.168.1.100,9098,ICMP,783,Data Injection,14,11,Wednesday,Afternoon,0
2023-01-11 15:00:00,172.16.0.3,10.0.0.101,2864,ICMP,618,Data Injection,15,11,Wednesday,Afternoon,0
2023-01-11 16:00:00,172.16.0.3,10.0.0.101,1118,UDP,436,DoS,16,11,Wednesday,Afternoon,0
2023-01-11 17:00:00,10.0.0.2,172.16.0.102,7047,ICMP,547,APT,17,11,Wednesday,Evening,0
2023-01-11 18:00:00,192.168.1.4,192.168.1.103,1843,ICMP,1036,APT,18,11,Wednesday,Evening,0
2023-01-11 19:00:00,172.16.0.3,172.16.0.102,3175,UDP,1315,APT,19,11,Wednesday,Evening,0
2023-01-11 20:00:00,192.168.1.1,172.16.0.102,3113,ICMP,686,APT,20,11,Wednesday,Evening,0
2023-01-11 21:00:00,10.0.0.2,172.16.0.102,5678,ICMP,370,Data Injection,21,11,Wednesday,Night,0
2023-01-11 22:00:00,192.168.1.1,172.16.0.102,3798,ICMP,520,Normal,22,11,Wednesday,Night,0
2023-01-11 23:00:00,192.168.1.1,172.16.0.102,2916,TCP,223,Data Injection,23,11,Wednesday,Night,0
2023-01-12 00:00:00,172.16.0.3,10.0.0.101,1008,UDP,394,APT,0,12,Thursday,Night,0
2023-01-12 01:00:00,10.0.0.2,172.16.0.102,4136,UDP,839,Data Injection,1,12,Thursday,Night,0
2023-01-12 02:00:00,192.168.1.4,172.16.0.102,6466,UDP,288,APT,2,12,Thursday,Night,0
2023-01-12 03:00:00,192.168.1.4,192.168.1.103,4199,TCP,1046,Malware,3,12,Thursday,Night,0
2023-01-12 04:00:00,172.16.0.3,192.168.1.100,1702,TCP,792,Normal,4,12,Thursday,Night,0
2023-01-12 05:00:00,172.16.0.3,10.0.0.101,5646,UDP,1132,Malware,5,12,Thursday,Morning,0
2023-01-12 06:00:00,10.0.0.2,10.0.0.101,7444,TCP,1301,DoS,6,12,Thursday,Morning,0
2023-01-12 07:00:00,192.168.1.4,10.0.0.101,953,UDP,1146,Data Injection,7,12,Thursday,Morning,0
2023-01-12 08:00:00,192.168.1.4,172.16.0.102,3618,TCP,707,DoS,8,12,Thursday,Morning,0
2023-01-12 09:00:00,192.168.1.4,172.16.0.102,2000,ICMP,679,Data Injection,9,12,Thursday,Morning,0
2023-01-12 10:00:00,192.168.1.1,172.16.0.102,3076,ICMP,258,Malware,10,12,Thursday,Morning,0
2023-01-12 11:00:00,192.168.1.4,192.168.1.103,9004,UDP,552,APT,11,12,Thursday,Morning,0
2023-01-12 12:00:00,192.168.1.1,192.168.1.100,811,TCP,220,APT,12,12,Thursday,Afternoon,0
2023-01-12 13:00:00,10.0.0.2,172.16.0.102,5410,TCP,673,Data Injection,13,12,Thursday,Afternoon,0
2023-01-12 14:00:00,192.168.1.1,192.168.1.100,6655,ICMP,1313,APT,14,12,Thursday,Afternoon,0
2023-01-12 15:00:00,10.0.0.2,192.168.1.103,2275,ICMP,475,Malware,15,12,Thursday,Afternoon,0
2023-01-12 16:00:00,192.168.1.4,10.0.0.101,3630,TCP,1292,APT,16,12,Thursday,Afternoon,0
2023-01-12 17:00:00,192.168.1.4,172.16.0.102,1627,TCP,1166,Malware,17,12,Thursday,Evening,0
2023-01-12 18:00:00,10.0.0.2,192.168.1.100,5199,TCP,1211,DoS,18,12,Thursday,Evening,0
2023-01-12 19:00:00,172.16.0.3,192.168.1.100,6593,TCP,534,Malware,19,12,Thursday,Evening,0
2023-01-12 20:00:00,10.0.0.2,172.16.0.102,1004,TCP,1305,Normal,20,12,Thursday,Evening,0
2023-01-12 21:00:00,172.16.0.3,10.0.0.101,5796,TCP,579,Normal,21,12,Thursday,Night,0
2023-01-12 22:00:00,192.168.1.1,10.0.0.101,3696,UDP,1191,Normal,22,12,Thursday,Night,0
2023-01-12 23:00:00,192.168.1.1,10.0.0.101,3400,TCP,456,Data Injection,23,12,Thursday,Night,0
2023-01-13 00:00:00,192.168.1.1,192.168.1.103,8731,ICMP,694,Data Injection,0,13,Friday,Night,0
2023-01-13 01:00:00,192.168.1.4,192.168.1.100,8802,UDP,671,Data Injection,1,13,Friday,Night,0
2023-01-13 02:00:00,192.168.1.1,192.168.1.100,1070,TCP,1043,Malware,2,13,Friday,Night,0
2023-01-13 03:00:00,172.16.0.3,192.168.1.100,3653,ICMP,497,Data Injection,3,13,Friday,Night,0
2023-01-13 04:00:00,192.168.1.1,192.168.1.103,6362,UDP,1418,DoS,4,13,Friday,Night,0
2023-01-13 05:00:00,10.0.0.2,192.168.1.100,979,ICMP,1230,Normal,5,13,Friday,Morning,0
2023-01-13 06:00:00,10.0.0.2,192.168.1.103,6079,TCP,603,Malware,6,13,Friday,Morning,0
2023-01-13 07:00:00,192.168.1.4,10.0.0.101,8904,TCP,341,Normal,7,13,Friday,Morning,0
2023-01-13 08:00:00,10.0.0.2,172.16.0.102,5675,TCP,296,Data Injection,8,13,Friday,Morning,0
2023-01-13 09:00:00,172.16.0.3,192.168.1.100,4493,TCP,1177,Malware,9,13,Friday,Morning,0
2023-01-13 10:00:00,192.168.1.1,192.168.1.100,2966,UDP,1286,APT,10,13,Friday,Morning,0
2023-01-13 11:00:00,192.168.1.4,10.0.0.101,7745,UDP,425,DoS,11,13,Friday,Morning,0
2023-01-13 12:00:00,192.168.1.1,172.16.0.102,546,ICMP,89,Data Injection,12,13,Friday,Afternoon,0
2023-01-13 13:00:00,192.168.1.1,192.168.1.103,3244,TCP,1112,Data Injection,13,13,Friday,Afternoon,0
2023-01-13 14:00:00,172.16.0.3,172.16.0.102,1895,ICMP,1481,DoS,14,13,Friday,Afternoon,0
2023-01-13 15:00:00,10.0.0.2,10.0.0.101,1783,UDP,570,DoS,15,13,Friday,Afternoon,0
2023-01-13 16:00:00,10.0.0.2,10.0.0.101,8732,TCP,1388,APT,16,13,Friday,Afternoon,0
2023-01-13 17:00:00,192.168.1.1,172.16.0.102,5817,TCP,1426,Data Injection,17,13,Friday,Evening,0
2023-01-13 18:00:00,192.168.1.4,192.168.1.103,9228,UDP,330,Data Injection,18,13,Friday,Evening,0
2023-01-13 19:00:00,10.0.0.2,192.168.1.103,7119,UDP,524,Normal,19,13,Friday,Evening,0
2023-01-13 20:00:00,192.168.1.4,192.168.1.100,5129,UDP,519,Malware,20,13,Friday,Evening,0
2023-01-13 21:00:00,10.0.0.2,192.168.1.103,6664,UDP,1447,Malware,21,13,Friday,Night,0
2023-01-13 22:00:00,192.168.1.4,172.16.0.102,136,UDP,1155,Normal,22,13,Friday,Night,0
2023-01-13 23:00:00,172.16.0.3,10.0.0.101,2453,TCP,1070,Malware,23,13,Friday,Night,0
2023-01-14 00:00:00,192.168.1.4,192.168.1.100,5483,UDP,926,DoS,0,14,Saturday,Night,1
2023-01-14 01:00:00,172.16.0.3,192.168.1.100,603,TCP,1499,Malware,1,14,Saturday,Night,1
2023-01-14 02:00:00,172.16.0.3,10.0.0.101,8606,TCP,554,Malware,2,14,Saturday,Night,1
2023-01-14 03:00:00,192.168.1.4,192.168.1.103,3808,UDP,1136,Normal,3,14,Saturday,Night,1
2023-01-14 04:00:00,172.16.0.3,10.0.0.101,4187,UDP,627,APT,4,14,Saturday,Night,1
2023-01-14 05:00:00,192.168.1.1,192.168.1.103,8485,TCP,1189,Malware,5,14,Saturday,Morning,1
2023-01-14 06:00:00,172.16.0.3,10.0.0.101,1409,UDP,279,Malware,6,14,Saturday,Morning,1
2023-01-14 07:00:00,10.0.0.2,172.16.0.102,8377,UDP,622,APT,7,14,Saturday,Morning,1
2023-01-14 08:00:00,192.168.1.4,192.168.1.103,9779,UDP,222,Normal,8,14,Saturday,Morning,1
2023-01-14 09:00:00,192.168.1.1,172.16.0.102,6174,ICMP,552,APT,9,14,Saturday,Morning,1
2023-01-14 10:00:00,192.168.1.4,192.168.1.100,5440,TCP,749,Normal,10,14,Saturday,Morning,1
2023-01-14 11:00:00,10.0.0.2,10.0.0.101,8940,ICMP,1329,DoS,11,14,Saturday,Morning,1
2023-01-14 12:00:00,10.0.0.2,192.168.1.100,2063,UDP,857,Normal,12,14,Saturday,Afternoon,1
2023-01-14 13:00:00,10.0.0.2,192.168.1.100,4217,ICMP,68,DoS,13,14,Saturday,Afternoon,1
2023-01-14 14:00:00,172.16.0.3,192.168.1.100,3516,UDP,424,DoS,14,14,Saturday,Afternoon,1
2023-01-14 15:00:00,172.16.0.3,192.168.1.100,798,ICMP,522,Normal,15,14,Saturday,Afternoon,1
2023-01-14 16:00:00,192.168.1.4,10.0.0.101,233,UDP,311,Data Injection,16,14,Saturday,Afternoon,1
2023-01-14 17:00:00,192.168.1.4,192.168.1.100,3782,ICMP,1009,Normal,17,14,Saturday,Evening,1
2023-01-14 18:00:00,192.168.1.1,10.0.0.101,9788,ICMP,485,Malware,18,14,Saturday,Evening,1
2023-01-14 19:00:00,192.168.1.1,10.0.0.101,6751,ICMP,78,Malware,19,14,Saturday,Evening,1
2023-01-14 20:00:00,192.168.1.4,172.16.0.102,3137,TCP,799,Data Injection,20,14,Saturday,Evening,1
2023-01-14 21:00:00,172.16.0.3,192.168.1.103,5811,ICMP,1209,DoS,21,14,Saturday,Night,1
2023-01-14 22:00:00,10.0.0.2,192.168.1.103,8803,TCP,340,Data Injection,22,14,Saturday,Night,1
2023-01-14 23:00:00,192.168.1.4,10.0.0.101,2740,UDP,516,Malware,23,14,Saturday,Night,1
2023-01-15 00:00:00,192.168.1.1,172.16.0.102,8925,ICMP,1477,Data Injection,0,15,Sunday,Night,1
2023-01-15 01:00:00,172.16.0.3,10.0.0.101,9147,UDP,1381,Normal,1,15,Sunday,Night,1
2023-01-15 02:00:00,192.168.1.4,10.0.0.101,6067,UDP,661,Data Injection,2,15,Sunday,Night,1
2023-01-15 03:00:00,192.168.1.4,10.0.0.101,8052,ICMP,509,DoS,3,15,Sunday,Night,1
2023-01-15 04:00:00,172.16.0.3,172.16.0.102,21,TCP,273,Normal,4,15,Sunday,Night,1
2023-01-15 05:00:00,192.168.1.4,192.168.1.103,6388,ICMP,777,APT,5,15,Sunday,Morning,1
2023-01-15 06:00:00,172.16.0.3,172.16.0.102,1969,UDP,365,Malware,6,15,Sunday,Morning,1
2023-01-15 07:00:00,10.0.0.2,192.168.1.100,6752,UDP,1310,Malware,7,15,Sunday,Morning,1
2023-01-15 08:00:00,172.16.0.3,172.16.0.102,7853,ICMP,66,Data Injection,8,15,Sunday,Morning,1
2023-01-15 09:00:00,172.16.0.3,172.16.0.102,937,TCP,1053,Normal,9,15,Sunday,Morning,1
2023-01-15 10:00:00,172.16.0.3,172.16.0.102,3194,TCP,1180,APT,10,15,Sunday,Morning,1
2023-01-15 11:00:00,192.168.1.4,172.16.0.102,7034,UDP,583,Normal,11,15,Sunday,Morning,1
2023-01-15 12:00:00,192.168.1.4,192.168.1.103,109,UDP,556,Malware,12,15,Sunday,Afternoon,1
2023-01-15 13:00:00,172.16.0.3,192.168.1.100,1729,TCP,1322,Normal,13,15,Sunday,Afternoon,1
2023-01-15 14:00:00,192.168.1.4,192.168.1.103,3061,ICMP,683,APT,14,15,Sunday,Afternoon,1
2023-01-15 15:00:00,192.168.1.1,192.168.1.103,125,UDP,1248,Data Injection,15,15,Sunday,Afternoon,1
2023-01-15 16:00:00,192.168.1.1,172.16.0.102,9098,TCP,394,DoS,16,15,Sunday,Afternoon,1
2023-01-15 17:00:00,192.168.1.4,10.0.0.101,8639,UDP,396,Normal,17,15,Sunday,Evening,1
2023-01-15 18:00:00,192.168.1.4,10.0.0.101,1915,ICMP,113,DoS,18,15,Sunday,Evening,1
2023-01-15 19:00:00,172.16.0.3,192.168.1.103,6110,TCP,926,Malware,19,15,Sunday,Evening,1
2023-01-15 20:00:00,10.0.0.2,192.168.1.103,8528,UDP,335,Data Injection,20,15,Sunday,Evening,1
2023-01-15 21:00:00,192.168.1.4,172.16.0.102,6102,ICMP,643,Data Injection,21,15,Sunday,Night,1
2023-01-15 22:00:00,192.168.1.1,192.168.1.103,654,UDP,1339,Normal,22,15,Sunday,Night,1
2023-01-15 23:00:00,172.16.0.3,172.16.0.102,1945,ICMP,623,Data Injection,23,15,Sunday,Night,1
2023-01-16 00:00:00,192.168.1.4,10.0.0.101,2076,ICMP,759,Normal,0,16,Monday,Night,0
2023-01-16 01:00:00,192.168.1.1,10.0.0.101,6937,TCP,1177,Normal,1,16,Monday,Night,0
2023-01-16 02:00:00,192.168.1.1,192.168.1.100,3164,ICMP,509,DoS,2,16,Monday,Night,0
2023-01-16 03:00:00,10.0.0.2,10.0.0.101,9651,UDP,1080,Data Injection,3,16,Monday,Night,0
2023-01-16 04:00:00,172.16.0.3,192.168.1.103,572,ICMP,1419,Normal,4,16,Monday,Night,0
2023-01-16 05:00:00,172.16.0.3,10.0.0.101,8927,ICMP,1226,DoS,5,16,Monday,Morning,0
2023-01-16 06:00:00,10.0.0.2,172.16.0.102,5403,TCP,420,APT,6,16,Monday,Morning,0
2023-01-16 07:00:00,10.0.0.2,10.0.0.101,3931,ICMP,337,DoS,7,16,Monday,Morning,0
2023-01-16 08:00:00,172.16.0.3,192.168.1.100,9925,ICMP,1106,DoS,8,16,Monday,Morning,0
2023-01-16 09:00:00,172.16.0.3,10.0.0.101,3409,UDP,374,Normal,9,16,Monday,Morning,0
2023-01-16 10:00:00,192.168.1.4,172.16.0.102,9319,TCP,933,Malware,10,16,Monday,Morning,0
2023-01-16 11:00:00,192.168.1.4,172.16.0.102,8462,TCP,949,Malware,11,16,Monday,Morning,0
2023-01-16 12:00:00,10.0.0.2,192.168.1.103,2450,TCP,217,Malware,12,16,Monday,Afternoon,0
2023-01-16 13:00:00,192.168.1.4,10.0.0.101,478,ICMP,1477,DoS,13,16,Monday,Afternoon,0
2023-01-16 14:00:00,192.168.1.1,172.16.0.102,227,TCP,1347,Normal,14,16,Monday,Afternoon,0
2023-01-16 15:00:00,192.168.1.4,192.168.1.100,919,ICMP,683,Data Injection,15,16,Monday,Afternoon,0
2023-01-16 16:00:00,192.168.1.4,192.168.1.103,41,ICMP,946,DoS,16,16,Monday,Afternoon,0
2023-01-16 17:00:00,192.168.1.1,192.168.1.100,8621,UDP,860,DoS,17,16,Monday,Evening,0
2023-01-16 18:00:00,10.0.0.2,10.0.0.101,914,UDP,188,Normal,18,16,Monday,Evening,0
2023-01-16 19:00:00,192.168.1.1,10.0.0.101,534,UDP,1441,APT,19,16,Monday,Evening,0
2023-01-16 20:00:00,192.168.1.4,10.0.0.101,7314,UDP,1360,DoS,20,16,Monday,Evening,0
2023-01-16 21:00:00,10.0.0.2,192.168.1.103,4924,UDP,682,APT,21,16,Monday,Night,0
2023-01-16 22:00:00,192.168.1.4,172.16.0.102,7887,ICMP,308,APT,22,16,Monday,Night,0
2023-01-16 23:00:00,192.168.1.1,192.168.1.103,4129,ICMP,911,Malware,23,16,Monday,Night,0
2023-01-17 00:00:00,192.168.1.1,192.168.1.100,7199,TCP,513,Normal,0,17,Tuesday,Night,0
2023-01-17 01:00:00,192.168.1.4,192.168.1.103,1580,ICMP,993,APT,1,17,Tuesday,Night,0
2023-01-17 02:00:00,172.16.0.3,192.168.1.100,1286,ICMP,1334,Normal,2,17,Tuesday,Night,0
2023-01-17 03:00:00,172.16.0.3,192.168.1.103,3658,UDP,583,Malware,3,17,Tuesday,Night,0
2023-01-17 04:00:00,192.168.1.1,172.16.0.102,8961,ICMP,1228,Normal,4,17,Tuesday,Night,0
2023-01-17 05:00:00,192.168.1.1,192.168.1.100,3447,UDP,425,DoS,5,17,Tuesday,Morning,0
2023-01-17 06:00:00,172.16.0.3,10.0.0.101,4800,TCP,71,APT,6,17,Tuesday,Morning,0
2023-01-17 07:00:00,172.16.0.3,10.0.0.101,1947,TCP,541,Normal,7,17,Tuesday,Morning,0
2023-01-17 08:00:00,192.168.1.4,192.168.1.103,2376,ICMP,1439,Data Injection,8,17,Tuesday,Morning,0
2023-01-17 09:00:00,192.168.1.4,10.0.0.101,4810,TCP,558,Normal,9,17,Tuesday,Morning,0
2023-01-17 10:00:00,172.16.0.3,192.168.1.100,326,ICMP,896,APT,10,17,Tuesday,Morning,0
2023-01-17 11:00:00,192.168.1.4,10.0.0.101,7999,TCP,1126,Malware,11,17,Tuesday,Morning,0
2023-01-17 12:00:00,192.168.1.4,172.16.0.102,3685,UDP,656,Malware,12,17,Tuesday,Afternoon,0
2023-01-17 13:00:00,10.0.0.2,172.16.0.102,7077,UDP,250,APT,13,17,Tuesday,Afternoon,0
2023-01-17 14:00:00,192.168.1.4,192.168.1.103,681,UDP,817,DoS,14,17,Tuesday,Afternoon,0
2023-01-17 15:00:00,192.168.1.1,192.168.1.100,4664,UDP,156,DoS,15,17,Tuesday,Afternoon,0
2023-01-17 16:00:00,192.168.1.4,172.16.0.102,8523,ICMP,149,Malware,16,17,Tuesday,Afternoon,0
2023-01-17 17:00:00,192.168.1.4,172.16.0.102,2940,TCP,1131,Malware,17,17,Tuesday,Evening,0
2023-01-17 18:00:00,172.16.0.3,192.168.1.100,9294,ICMP,200,APT,18,17,Tuesday,Evening,0
2023-01-17 19:00:00,192.168.1.1,10.0.0.101,8966,UDP,484,DoS,19,17,Tuesday,Evening,0
2023-01-17 20:00:00,192.168.1.4,10.0.0.101,6256,ICMP,137,Malware,20,17,Tuesday,Evening,0
2023-01-17 21:00:00,192.168.1.4,192.168.1.103,6098,TCP,1243,DoS,21,17,Tuesday,Night,0
2023-01-17 22:00:00,10.0.0.2,10.0.0.101,372,ICMP,1342,Malware,22,17,Tuesday,Night,0
2023-01-17 23:00:00,192.168.1.4,192.168.1.100,9114,TCP,234,Normal,23,17,Tuesday,Night,0
2023-01-18 00:00:00,192.168.1.4,172.16.0.102,7025,ICMP,233,Data Injection,0,18,Wednesday,Night,0
2023-01-18 01:00:00,10.0.0.2,10.0.0.101,178,TCP,935,Normal,1,18,Wednesday,Night,0
2023-01-18 02:00:00,172.16.0.3,192.168.1.103,976,TCP,385,Malware,2,18,Wednesday,Night,0
2023-01-18 03:00:00,192.168.1.4,10.0.0.101,2091,UDP,519,Data Injection,3,18,Wednesday,Night,0
2023-01-18 04:00:00,10.0.0.2,192.168.1.100,8615,TCP,1007,Data Injection,4,18,Wednesday,Night,0
2023-01-18 05:00:00,192.168.1.1,192.168.1.103,9599,UDP,853,Malware,5,18,Wednesday,Morning,0
2023-01-18 06:00:00,172.16.0.3,10.0.0.101,3473,UDP,676,Malware,6,18,Wednesday,Morning,0
2023-01-18 07:00:00,192.168.1.1,192.168.1.103,6695,UDP,1242,DoS,7,18,Wednesday,Morning,0
2023-01-18 08:00:00,192.168.1.1,192.168.1.100,975,ICMP,952,Malware,8,18,Wednesday,Morning,0
2023-01-18 09:00:00,10.0.0.2,172.16.0.102,6315,ICMP,412,APT,9,18,Wednesday,Morning,0
2023-01-18 10:00:00,192.168.1.4,192.168.1.100,1732,ICMP,1260,Malware,10,18,Wednesday,Morning,0
2023-01-18 11:00:00,10.0.0.2,192.168.1.100,4723,ICMP,73,APT,11,18,Wednesday,Morning,0
2023-01-18 12:00:00,10.0.0.2,192.168.1.100,6583,TCP,803,Malware,12,18,Wednesday,Afternoon,0
2023-01-18 13:00:00,10.0.0.2,192.168.1.100,9485,TCP,1352,DoS,13,18,Wednesday,Afternoon,0
2023-01-18 14:00:00,10.0.0.2,172.16.0.102,5651,ICMP,1334,APT,14,18,Wednesday,Afternoon,0
2023-01-18 15:00:00,172.16.0.3,172.16.0.102,9653,TCP,730,Normal,15,18,Wednesday,Afternoon,0
2023-01-18 16:00:00,192.168.1.4,192.168.1.103,1414,TCP,609,APT,16,18,Wednesday,Afternoon,0
2023-01-18 17:00:00,192.168.1.1,10.0.0.101,9481,UDP,192,DoS,17,18,Wednesday,Evening,0
2023-01-18 18:00:00,192.168.1.1,172.16.0.102,4752,UDP,664,APT,18,18,Wednesday,Evening,0
2023-01-18 19:00:00,192.168.1.4,172.16.0.102,3734,UDP,668,Malware,19,18,Wednesday,Evening,0
2023-01-18 20:00:00,192.168.1.1,10.0.0.101,549,UDP,390,Malware,20,18,Wednesday,Evening,0
2023-01-18 21:00:00,192.168.1.4,172.16.0.102,2978,TCP,1043,DoS,21,18,Wednesday,Night,0
2023-01-18 22:00:00,192.168.1.1,192.168.1.100,7924,ICMP,467,Data Injection,22,18,Wednesday,Night,0
2023-01-18 23:00:00,10.0.0.2,192.168.1.100,3611,TCP,692,Malware,23,18,Wednesday,Night,0
2023-01-19 00:00:00,192.168.1.1,10.0.0.101,6915,TCP,1446,Normal,0,19,Thursday,Night,0
2023-01-19 01:00:00,192.168.1.4,192.168.1.103,9151,TCP,781,DoS,1,19,Thursday,Night,0
2023-01-19 02:00:00,192.168.1.4,192.168.1.103,545,UDP,1104,APT,2,19,Thursday,Night,0
2023-01-19 03:00:00,192.168.1.4,10.0.0.101,6497,UDP,337,APT,3,19,Thursday,Night,0
2023-01-19 04:00:00,192.168.1.4,10.0.0.101,21,UDP,748,Normal,4,19,Thursday,Night,0
2023-01-19 05:00:00,192.168.1.4,192.168.1.100,394,ICMP,179,Malware,5,19,Thursday,Morning,0
2023-01-19 06:00:00,172.16.0.3,192.168.1.103,4668,TCP,924,DoS,6,19,Thursday,Morning,0
2023-01-19 07:00:00,172.16.0.3,172.16.0.102,2385,ICMP,756,Normal,7,19,Thursday,Morning,0
2023-01-19 08:00:00,192.168.1.1,192.168.1.100,1545,UDP,1178,Malware,8,19,Thursday,Morning,0
2023-01-19 09:00:00,192.168.1.4,10.0.0.101,1666,ICMP,1169,DoS,9,19,Thursday,Morning,0
2023-01-19 10:00:00,192.168.1.1,192.168.1.103,33,TCP,387,APT,10,19,Thursday,Morning,0
2023-01-19 11:00:00,192.168.1.4,172.16.0.102,4619,TCP,1024,DoS,11,19,Thursday,Morning,0
2023-01-19 12:00:00,192.168.1.4,172.16.0.102,2298,UDP,177,Data Injection,12,19,Thursday,Afternoon,0
2023-01-19 13:00:00,172.16.0.3,192.168.1.100,3175,UDP,1145,DoS,13,19,Thursday,Afternoon,0
2023-01-19 14:00:00,172.16.0.3,192.168.1.103,8341,ICMP,217,Data Injection,14,19,Thursday,Afternoon,0
2023-01-19 15:00:00,10.0.0.2,192.168.1.103,3834,UDP,1491,DoS,15,19,Thursday,Afternoon,0
2023-01-19 16:00:00,172.16.0.3,10.0.0.101,3236,UDP,1353,Data Injection,16,19,Thursday,Afternoon,0
2023-01-19 17:00:00,10.0.0.2,192.168.1.103,8239,TCP,378,APT,17,19,Thursday,Evening,0
2023-01-19 18:00:00,10.0.0.2,192.168.1.103,2133,UDP,1128,Malware,18,19,Thursday,Evening,0
2023-01-19 19:00:00,10.0.0.2,192.168.1.100,9464,UDP,168,Data Injection,19,19,Thursday,Evening,0
2023-01-19 20:00:00,10.0.0.2,192.168.1.103,4376,TCP,1280,Data Injection,20,19,Thursday,Evening,0
2023-01-19 21:00:00,10.0.0.2,172.16.0.102,5563,TCP,1488,APT,21,19,Thursday,Night,0
2023-01-19 22:00:00,192.168.1.1,192.168.1.100,4575,ICMP,1365,Data Injection,22,19,Thursday,Night,0
2023-01-19 23:00:00,172.16.0.3,192.168.1.100,7082,UDP,417,Normal,23,19,Thursday,Night,0
2023-01-20 00:00:00,10.0.0.2,10.0.0.101,3394,TCP,1079,APT,0,20,Friday,Night,0
2023-01-20 01:00:00,192.168.1.4,192.168.1.103,6450,ICMP,796,Normal,1,20,Friday,Night,0
2023-01-20 02:00:00,172.16.0.3,10.0.0.101,3486,ICMP,772,APT,2,20,Friday,Night,0
2023-01-20 03:00:00,172.16.0.3,172.16.0.102,3101,UDP,1343,Data Injection,3,20,Friday,Night,0
2023-01-20 04:00:00,10.0.0.2,192.168.1.100,649,UDP,714,Normal,4,20,Friday,Night,0
2023-01-20 05:00:00,192.168.1.1,192.168.1.100,289,ICMP,887,Data Injection,5,20,Friday,Morning,0
2023-01-20 06:00:00,10.0.0.2,192.168.1.100,5744,TCP,1010,APT,6,20,Friday,Morning,0
2023-01-20 07:00:00,192.168.1.1,172.16.0.102,5917,ICMP,724,Data Injection,7,20,Friday,Morning,0
2023-01-20 08:00:00,192.168.1.4,172.16.0.102,3452,UDP,162,Normal,8,20,Friday,Morning,0
2023-01-20 09:00:00,172.16.0.3,10.0.0.101,9492,TCP,651,Normal,9,20,Friday,Morning,0
2023-01-20 10:00:00,192.168.1.4,10.0.0.101,6296,TCP,345,Data Injection,10,20,Friday,Morning,0
2023-01-20 11:00:00,192.168.1.1,10.0.0.101,5915,ICMP,466,DoS,11,20,Friday,Morning,0
2023-01-20 12:00:00,192.168.1.1,192.168.1.103,7135,UDP,1196,APT,12,20,Friday,Afternoon,0
2023-01-20 13:00:00,192.168.1.4,192.168.1.100,6676,ICMP,763,APT,13,20,Friday,Afternoon,0
2023-01-20 14:00:00,192.168.1.1,192.168.1.100,595,ICMP,262,Data Injection,14,20,Friday,Afternoon,0
2023-01-20 15:00:00,192.168.1.4,10.0.0.101,7049,ICMP,1390,DoS,15,20,Friday,Afternoon,0
2023-01-20 16:00:00,172.16.0.3,192.168.1.100,6119,TCP,390,Normal,16,20,Friday,Afternoon,0
2023-01-20 17:00:00,192.168.1.4,10.0.0.101,9519,TCP,217,Malware,17,20,Friday,Evening,0
2023-01-20 18:00:00,172.16.0.3,192.168.1.103,3212,UDP,615,Malware,18,20,Friday,Evening,0
2023-01-20 19:00:00,192.168.1.4,192.168.1.103,3198,UDP,468,Data Injection,19,20,Friday,Evening,0
2023-01-20 20:00:00,192.168.1.1,172.16.0.102,6072,ICMP,525,DoS,20,20,Friday,Evening,0
2023-01-20 21:00:00,192.168.1.4,192.168.1.103,2754,ICMP,195,DoS,21,20,Friday,Night,0
2023-01-20 22:00:00,192.168.1.1,10.0.0.101,6136,ICMP,854,APT,22,20,Friday,Night,0
2023-01-20 23:00:00,192.168.1.4,192.168.1.103,3588,UDP,937,Normal,23,20,Friday,Night,0
2023-01-21 00:00:00,192.168.1.4,172.16.0.102,9867,TCP,147,DoS,0,21,Saturday,Night,1
2023-01-21 01:00:00,10.0.0.2,192.168.1.100,9791,TCP,1486,Malware,1,21,Saturday,Night,1
2023-01-21 02:00:00,192.168.1.1,10.0.0.101,2223,ICMP,817,Normal,2,21,Saturday,Night,1
2023-01-21 03:00:00,10.0.0.2,192.168.1.100,1410,ICMP,691,Normal,3,21,Saturday,Night,1
2023-01-21 04:00:00,192.168.1.1,172.16.0.102,1762,ICMP,1196,Data Injection,4,21,Saturday,Night,1
2023-01-21 05:00:00,10.0.0.2,172.16.0.102,1945,ICMP,284,DoS,5,21,Saturday,Morning,1
2023-01-21 06:00:00,172.16.0.3,172.16.0.102,639,UDP,616,Data Injection,6,21,Saturday,Morning,1
2023-01-21 07:00:00,192.168.1.4,192.168.1.100,1294,TCP,1455,DoS,7,21,Saturday,Morning,1
2023-01-21 08:00:00,192.168.1.1,192.168.1.100,976,ICMP,1234,APT,8,21,Saturday,Morning,1
2023-01-21 09:00:00,192.168.1.1,192.168.1.100,1959,UDP,175,Data Injection,9,21,Saturday,Morning,1
2023-01-21 10:00:00,192.168.1.4,192.168.1.100,3973,ICMP,678,Data Injection,10,21,Saturday,Morning,1
2023-01-21 11:00:00,192.168.1.1,172.16.0.102,988,ICMP,987,Malware,11,21,Saturday,Morning,1
2023-01-21 12:00:00,192.168.1.1,172.16.0.102,9528,TCP,538,Data Injection,12,21,Saturday,Afternoon,1
2023-01-21 13:00:00,10.0.0.2,10.0.0.101,9255,ICMP,899,DoS,13,21,Saturday,Afternoon,1
2023-01-21 14:00:00,192.168.1.1,10.0.0.101,301,TCP,334,Malware,14,21,Saturday,Afternoon,1
2023-01-21 15:00:00,172.16.0.3,192.168.1.100,6282,TCP,484,Data Injection,15,21,Saturday,Afternoon,1
2023-01-21 16:00:00,172.16.0.3,192.168.1.103,1078,TCP,770,Data Injection,16,21,Saturday,Afternoon,1
2023-01-21 17:00:00,192.168.1.4,192.168.1.103,4313,UDP,1454,APT,17,21,Saturday,Evening,1
2023-01-21 18:00:00,192.168.1.1,172.16.0.102,5198,UDP,1367,Data Injection,18,21,Saturday,Evening,1
2023-01-21 19:00:00,192.168.1.4,172.16.0.102,7000,TCP,1370,Normal,19,21,Saturday,Evening,1
2023-01-21 20:00:00,172.16.0.3,172.16.0.102,9220,ICMP,103,Malware,20,21,Saturday,Evening,1
2023-01-21 21:00:00,192.168.1.1,10.0.0.101,1249,TCP,252,Normal,21,21,Saturday,Night,1
2023-01-21 22:00:00,192.168.1.1,10.0.0.101,9247,ICMP,1251,Malware,22,21,Saturday,Night,1
2023-01-21 23:00:00,192.168.1.4,172.16.0.102,4605,TCP,1057,APT,23,21,Saturday,Night,1
2023-01-22 00:00:00,172.16.0.3,172.16.0.102,8487,ICMP,599,Data Injection,0,22,Sunday,Night,1
2023-01-22 01:00:00,192.168.1.1,172.16.0.102,2760,UDP,1091,Data Injection,1,22,Sunday,Night,1
2023-01-22 02:00:00,192.168.1.4,192.168.1.103,2309,ICMP,353,Data Injection,2,22,Sunday,Night,1
2023-01-22 03:00:00,172.16.0.3,10.0.0.101,1259,TCP,496,Malware,3,22,Sunday,Night,1
2023-01-22 04:00:00,192.168.1.4,192.168.1.103,5390,UDP,534,Data Injection,4,22,Sunday,Night,1
2023-01-22 05:00:00,10.0.0.2,192.168.1.103,145,ICMP,1268,Normal,5,22,Sunday,Morning,1
2023-01-22 06:00:00,192.168.1.1,172.16.0.102,7493,ICMP,1335,Data Injection,6,22,Sunday,Morning,1
2023-01-22 07:00:00,10.0.0.2,172.16.0.102,9420,ICMP,691,APT,7,22,Sunday,Morning,1
2023-01-22 08:00:00,172.16.0.3,192.168.1.100,5362,ICMP,342,Normal,8,22,Sunday,Morning,1
2023-01-22 09:00:00,10.0.0.2,192.168.1.100,7371,ICMP,940,Data Injection,9,22,Sunday,Morning,1
2023-01-22 10:00:00,10.0.0.2,192.168.1.103,6658,UDP,644,Data Injection,10,22,Sunday,Morning,1
2023-01-22 11:00:00,172.16.0.3,10.0.0.101,6590,UDP,926,DoS,11,22,Sunday,Morning,1
2023-01-22 12:00:00,192.168.1.4,172.16.0.102,3269,UDP,317,Malware,12,22,Sunday,Afternoon,1
2023-01-22 13:00:00,10.0.0.2,172.16.0.102,9130,UDP,244,Normal,13,22,Sunday,Afternoon,1
2023-01-22 14:00:00,192.168.1.4,192.168.1.103,7615,TCP,744,DoS,14,22,Sunday,Afternoon,1
2023-01-22 15:00:00,10.0.0.2,192.168.1.100,6314,UDP,888,APT,15,22,Sunday,Afternoon,1
2023-01-22 16:00:00,192.168.1.4,10.0.0.101,6547,ICMP,763,Malware,16,22,Sunday,Afternoon,1
2023-01-22 17:00:00,172.16.0.3,192.168.1.100,5777,ICMP,629,Normal,17,22,Sunday,Evening,1
2023-01-22 18:00:00,10.0.0.2,192.168.1.100,1989,UDP,1413,Data Injection,18,22,Sunday,Evening,1
2023-01-22 19:00:00,172.16.0.3,192.168.1.100,911,ICMP,1444,Normal,19,22,Sunday,Evening,1
2023-01-22 20:00:00,10.0.0.2,192.168.1.100,4490,UDP,743,Data Injection,20,22,Sunday,Evening,1
2023-01-22 21:00:00,172.16.0.3,172.16.0.102,7195,ICMP,454,Malware,21,22,Sunday,Night,1
2023-01-22 22:00:00,172.16.0.3,172.16.0.102,9576,TCP,1172,Data Injection,22,22,Sunday,Night,1
2023-01-22 23:00:00,10.0.0.2,192.168.1.100,8340,TCP,1404,APT,23,22,Sunday,Night,1
2023-01-23 00:00:00,10.0.0.2,10.0.0.101,9226,UDP,275,Data Injection,0,23,Monday,Night,0
2023-01-23 01:00:00,10.0.0.2,192.168.1.103,6832,UDP,447,APT,1,23,Monday,Night,0
2023-01-23 02:00:00,192.168.1.1,10.0.0.101,7539,UDP,405,Malware,2,23,Monday,Night,0
2023-01-23 03:00:00,192.168.1.4,10.0.0.101,4632,ICMP,907,Malware,3,23,Monday,Night,0
2023-01-23 04:00:00,192.168.1.1,10.0.0.101,9730,UDP,1125,Normal,4,23,Monday,Night,0
2023-01-23 05:00:00,192.168.1.1,192.168.1.100,1218,TCP,483,APT,5,23,Monday,Morning,0
2023-01-23 06:00:00,172.16.0.3,172.16.0.102,5258,ICMP,814,APT,6,23,Monday,Morning,0
2023-01-23 07:00:00,10.0.0.2,10.0.0.101,6109,UDP,1256,DoS,7,23,Monday,Morning,0
2023-01-23 08:00:00,192.168.1.4,192.168.1.100,6277,ICMP,1430,DoS,8,23,Monday,Morning,0
2023-01-23 09:00:00,172.16.0.3,10.0.0.101,7725,ICMP,369,DoS,9,23,Monday,Morning,0
2023-01-23 10:00:00,192.168.1.1,10.0.0.101,3739,UDP,765,Data Injection,10,23,Monday,Morning,0
2023-01-23 11:00:00,10.0.0.2,192.168.1.100,322,ICMP,932,DoS,11,23,Monday,Morning,0
2023-01-23 12:00:00,172.16.0.3,172.16.0.102,1006,TCP,600,APT,12,23,Monday,Afternoon,0
2023-01-23 13:00:00,10.0.0.2,172.16.0.102,4460,TCP,1199,Data Injection,13,23,Monday,Afternoon,0
2023-01-23 14:00:00,172.16.0.3,192.168.1.103,4929,ICMP,1498,Malware,14,23,Monday,Afternoon,0
2023-01-23 15:00:00,10.0.0.2,192.168.1.100,3092,UDP,269,Normal,15,23,Monday,Afternoon,0
2023-01-23 16:00:00,192.168.1.1,192.168.1.103,3144,ICMP,1272,DoS,16,23,Monday,Afternoon,0
2023-01-23 17:00:00,192.168.1.4,192.168.1.103,9539,TCP,1469,Malware,17,23,Monday,Evening,0
2023-01-23 18:00:00,192.168.1.1,192.168.1.103,8145,ICMP,559,APT,18,23,Monday,Evening,0
2023-01-23 19:00:00,192.168.1.4,172.16.0.102,3311,ICMP,1466,Normal,19,23,Monday,Evening,0
2023-01-23 20:00:00,10.0.0.2,192.168.1.100,4053,TCP,1134,Malware,20,23,Monday,Evening,0
2023-01-23 21:00:00,172.16.0.3,192.168.1.103,5125,ICMP,567,Normal,21,23,Monday,Night,0
2023-01-23 22:00:00,192.168.1.1,192.168.1.100,723,ICMP,1109,DoS,22,23,Monday,Night,0
2023-01-23 23:00:00,192.168.1.4,192.168.1.100,8153,UDP,276,APT,23,23,Monday,Night,0
2023-01-24 00:00:00,192.168.1.1,172.16.0.102,594,UDP,373,Normal,0,24,Tuesday,Night,0
2023-01-24 01:00:00,192.168.1.4,192.168.1.103,5724,TCP,724,Malware,1,24,Tuesday,Night,0
2023-01-24 02:00:00,192.168.1.1,192.168.1.103,7868,TCP,816,DoS,2,24,Tuesday,Night,0
2023-01-24 03:00:00,192.168.1.4,192.168.1.100,5228,TCP,335,DoS,3,24,Tuesday,Night,0
2023-01-24 04:00:00,192.168.1.4,10.0.0.101,6944,UDP,1001,Malware,4,24,Tuesday,Night,0
2023-01-24 05:00:00,10.0.0.2,172.16.0.102,3848,TCP,1289,Malware,5,24,Tuesday,Morning,0
2023-01-24 06:00:00,192.168.1.4,172.16.0.102,3250,TCP,95,Normal,6,24,Tuesday,Morning,0
2023-01-24 07:00:00,10.0.0.2,172.16.0.102,508,TCP,506,Data Injection,7,24,Tuesday,Morning,0
2023-01-24 08:00:00,192.168.1.4,172.16.0.102,7134,UDP,225,DoS,8,24,Tuesday,Morning,0
2023-01-24 09:00:00,172.16.0.3,192.168.1.103,9559,ICMP,830,Normal,9,24,Tuesday,Morning,0
2023-01-24 10:00:00,172.16.0.3,192.168.1.103,3193,TCP,317,Malware,10,24,Tuesday,Morning,0
2023-01-24 11:00:00,172.16.0.3,10.0.0.101,1687,ICMP,584,Normal,11,24,Tuesday,Morning,0
2023-01-24 12:00:00,192.168.1.4,172.16.0.102,9849,TCP,1040,Malware,12,24,Tuesday,Afternoon,0
2023-01-24 13:00:00,10.0.0.2,172.16.0.102,4134,ICMP,73,APT,13,24,Tuesday,Afternoon,0
2023-01-24 14:00:00,10.0.0.2,192.168.1.100,3573,UDP,789,Malware,14,24,Tuesday,Afternoon,0
2023-01-24 15:00:00,192.168.1.4,192.168.1.103,7781,UDP,568,Malware,15,24,Tuesday,Afternoon,0
2023-01-24 16:00:00,172.16.0.3,172.16.0.102,1020,TCP,848,Malware,16,24,Tuesday,Afternoon,0
2023-01-24 17:00:00,172.16.0.3,10.0.0.101,9062,ICMP,499,Data Injection,17,24,Tuesday,Evening,0
2023-01-24 18:00:00,10.0.0.2,10.0.0.101,1408,UDP,1198,Malware,18,24,Tuesday,Evening,0
2023-01-24 19:00:00,172.16.0.3,192.168.1.103,5470,TCP,216,DoS,19,24,Tuesday,Evening,0
2023-01-24 20:00:00,192.168.1.1,10.0.0.101,3732,TCP,980,DoS,20,24,Tuesday,Evening,0
2023-01-24 21:00:00,10.0.0.2,10.0.0.101,1387,UDP,932,Normal,21,24,Tuesday,Night,0
2023-01-24 22:00:00,172.16.0.3,192.168.1.103,8209,UDP,1189,Data Injection,22,24,Tuesday,Night,0
2023-01-24 23:00:00,10.0.0.2,172.16.0.102,9033,TCP,816,Normal,23,24,Tuesday,Night,0
2023-01-25 00:00:00,192.168.1.1,172.16.0.102,474,ICMP,1278,DoS,0,25,Wednesday,Night,0
2023-01-25 01:00:00,10.0.0.2,10.0.0.101,9836,ICMP,626,DoS,1,25,Wednesday,Night,0
2023-01-25 02:00:00,10.0.0.2,10.0.0.101,2792,ICMP,1168,APT,2,25,Wednesday,Night,0
2023-01-25 03:00:00,10.0.0.2,172.16.0.102,3746,TCP,552,Malware,3,25,Wednesday,Night,0
2023-01-25 04:00:00,10.0.0.2,192.168.1.103,7252,UDP,958,DoS,4,25,Wednesday,Night,0
2023-01-25 05:00:00,192.168.1.1,10.0.0.101,4826,TCP,1175,Normal,5,25,Wednesday,Morning,0
2023-01-25 06:00:00,192.168.1.4,192.168.1.100,2210,UDP,1281,Normal,6,25,Wednesday,Morning,0
2023-01-25 07:00:00,10.0.0.2,192.168.1.103,9128,ICMP,167,Malware,7,25,Wednesday,Morning,0
2023-01-25 08:00:00,10.0.0.2,10.0.0.101,2895,ICMP,1183,Malware,8,25,Wednesday,Morning,0
2023-01-25 09:00:00,172.16.0.3,10.0.0.101,5612,UDP,1285,APT,9,25,Wednesday,Morning,0
2023-01-25 10:00:00,10.0.0.2,192.168.1.100,1460,UDP,1088,Data Injection,10,25,Wednesday,Morning,0
2023-01-25 11:00:00,172.16.0.3,192.168.1.100,8947,TCP,1070,Normal,11,25,Wednesday,Morning,0
2023-01-25 12:00:00,192.168.1.4,172.16.0.102,6079,ICMP,470,Malware,12,25,Wednesday,Afternoon,0
2023-01-25 13:00:00,192.168.1.1,192.168.1.103,7030,TCP,1465,Normal,13,25,Wednesday,Afternoon,0
2023-01-25 14:00:00,192.168.1.1,192.168.1.103,7137,TCP,230,Malware,14,25,Wednesday,Afternoon,0
2023-01-25 15:00:00,192.168.1.4,172.16.0.102,9173,TCP,572,DoS,15,25,Wednesday,Afternoon,0
2023-01-25 16:00:00,192.168.1.1,192.168.1.103,3009,ICMP,376,Normal,16,25,Wednesday,Afternoon,0
2023-01-25 17:00:00,192.168.1.4,192.168.1.103,9238,TCP,826,DoS,17,25,Wednesday,Evening,0
2023-01-25 18:00:00,192.168.1.4,192.168.1.103,6248,TCP,744,Normal,18,25,Wednesday,Evening,0
2023-01-25 19:00:00,192.168.1.4,192.168.1.103,6491,TCP,540,Data Injection,19,25,Wednesday,Evening,0
2023-01-25 20:00:00,192.168.1.1,192.168.1.103,2883,TCP,136,APT,20,25,Wednesday,Evening,0
2023-01-25 21:00:00,172.16.0.3,192.168.1.100,1197,TCP,1228,DoS,21,25,Wednesday,Night,0
2023-01-25 22:00:00,192.168.1.4,192.168.1.103,4780,TCP,645,Malware,22,25,Wednesday,Night,0
2023-01-25 23:00:00,10.0.0.2,192.168.1.100,31,ICMP,325,Data Injection,23,25,Wednesday,Night,0
2023-01-26 00:00:00,192.168.1.1,192.168.1.103,5272,TCP,1427,Normal,0,26,Thursday,Night,0
2023-01-26 01:00:00,192.168.1.4,172.16.0.102,4419,UDP,1395,DoS,1,26,Thursday,Night,0
2023-01-26 02:00:00,192.168.1.4,10.0.0.101,8254,TCP,308,Normal,2,26,Thursday,Night,0
2023-01-26 03:00:00,10.0.0.2,192.168.1.100,9155,TCP,1424,Normal,3,26,Thursday,Night,0
2023-01-26 04:00:00,172.16.0.3,192.168.1.103,5465,ICMP,624,Normal,4,26,Thursday,Night,0
2023-01-26 05:00:00,172.16.0.3,172.16.0.102,6590,ICMP,1163,APT,5,26,Thursday,Morning,0
2023-01-26 06:00:00,172.16.0.3,10.0.0.101,9216,UDP,238,APT,6,26,Thursday,Morning,0
2023-01-26 07:00:00,192.168.1.4,192.168.1.100,8232,UDP,172,Malware,7,26,Thursday,Morning,0
2023-01-26 08:00:00,192.168.1.4,10.0.0.101,426,ICMP,246,DoS,8,26,Thursday,Morning,0
2023-01-26 09:00:00,192.168.1.4,172.16.0.102,9226,ICMP,255,Data Injection,9,26,Thursday,Morning,0
2023-01-26 10:00:00,192.168.1.1,192.168.1.100,4451,TCP,128,Data Injection,10,26,Thursday,Morning,0
2023-01-26 11:00:00,10.0.0.2,10.0.0.101,5263,ICMP,1026,Data Injection,11,26,Thursday,Morning,0
2023-01-26 12:00:00,192.168.1.4,192.168.1.103,6562,UDP,1187,Normal,12,26,Thursday,Afternoon,0
2023-01-26 13:00:00,10.0.0.2,192.168.1.100,6956,TCP,927,APT,13,26,Thursday,Afternoon,0
2023-01-26 14:00:00,10.0.0.2,10.0.0.101,8926,UDP,1215,DoS,14,26,Thursday,Afternoon,0
2023-01-26 15:00:00,172.16.0.3,172.16.0.102,4166,TCP,432,Normal,15,26,Thursday,Afternoon,0
2023-01-26 16:00:00,192.168.1.1,172.16.0.102,160,ICMP,914,APT,16,26,Thursday,Afternoon,0
2023-01-26 17:00:00,192.168.1.4,192.168.1.100,4902,UDP,106,APT,17,26,Thursday,Evening,0
2023-01-26 18:00:00,172.16.0.3,10.0.0.101,6032,TCP,551,DoS,18,26,Thursday,Evening,0
2023-01-26 19:00:00,172.16.0.3,192.168.1.100,983,TCP,141,DoS,19,26,Thursday,Evening,0
2023-01-26 20:00:00,192.168.1.4,192.168.1.100,7171,ICMP,889,DoS,20,26,Thursday,Evening,0
2023-01-26 21:00:00,10.0.0.2,10.0.0.101,8584,ICMP,1357,Normal,21,26,Thursday,Night,0
2023-01-26 22:00:00,172.16.0.3,10.0.0.101,3630,ICMP,737,Malware,22,26,Thursday,Night,0
2023-01-26 23:00:00,10.0.0.2,192.168.1.103,9904,UDP,764,DoS,23,26,Thursday,Night,0
2023-01-27 00:00:00,192.168.1.1,10.0.0.101,6914,TCP,822,Malware,0,27,Friday,Night,0
2023-01-27 01:00:00,10.0.0.2,172.16.0.102,7331,ICMP,791,Normal,1,27,Friday,Night,0
2023-01-27 02:00:00,192.168.1.1,192.168.1.100,125,UDP,1402,Malware,2,27,Friday,Night,0
2023-01-27 03:00:00,10.0.0.2,192.168.1.100,5559,UDP,988,Data Injection,3,27,Friday,Night,0
2023-01-27 04:00:00,172.16.0.3,172.16.0.102,9893,UDP,965,Malware,4,27,Friday,Night,0
2023-01-27 05:00:00,172.16.0.3,10.0.0.101,6807,ICMP,952,DoS,5,27,Friday,Morning,0
2023-01-27 06:00:00,192.168.1.1,172.16.0.102,2157,ICMP,1056,Normal,6,27,Friday,Morning,0
2023-01-27 07:00:00,192.168.1.4,172.16.0.102,4465,TCP,1255,DoS,7,27,Friday,Morning,0
2023-01-27 08:00:00,192.168.1.1,192.168.1.103,3550,TCP,402,Data Injection,8,27,Friday,Morning,0
2023-01-27 09:00:00,192.168.1.1,172.16.0.102,1306,ICMP,256,DoS,9,27,Friday,Morning,0
2023-01-27 10:00:00,10.0.0.2,192.168.1.100,7072,UDP,346,DoS,10,27,Friday,Morning,0
2023-01-27 11:00:00,10.0.0.2,172.16.0.102,3674,UDP,1423,DoS,11,27,Friday,Morning,0
2023-01-27 12:00:00,192.168.1.1,192.168.1.100,7122,UDP,453,APT,12,27,Friday,Afternoon,0
2023-01-27 13:00:00,172.16.0.3,192.168.1.100,2379,TCP,1063,Data Injection,13,27,Friday,Afternoon,0
2023-01-27 14:00:00,10.0.0.2,192.168.1.100,8125,UDP,588,DoS,14,27,Friday,Afternoon,0
2023-01-27 15:00:00,192.168.1.4,10.0.0.101,8656,TCP,1327,DoS,15,27,Friday,Afternoon,0
2023-01-27 16:00:00,10.0.0.2,192.168.1.103,6461,TCP,722,DoS,16,27,Friday,Afternoon,0
2023-01-27 17:00:00,10.0.0.2,192.168.1.100,5067,UDP,779,Normal,17,27,Friday,Evening,0
2023-01-27 18:00:00,192.168.1.4,192.168.1.100,8247,UDP,954,APT,18,27,Friday,Evening,0
2023-01-27 19:00:00,192.168.1.1,10.0.0.101,5223,ICMP,1176,Normal,19,27,Friday,Evening,0
2023-01-27 20:00:00,192.168.1.4,192.168.1.100,9687,ICMP,1182,APT,20,27,Friday,Evening,0
2023-01-27 21:00:00,192.168.1.1,172.16.0.102,1818,UDP,515,DoS,21,27,Friday,Night,0
2023-01-27 22:00:00,192.168.1.1,172.16.0.102,9620,TCP,491,Data Injection,22,27,Friday,Night,0
2023-01-27 23:00:00,192.168.1.1,192.168.1.103,5311,TCP,1238,Malware,23,27,Friday,Night,0
2023-01-28 00:00:00,192.168.1.4,192.168.1.100,5515,TCP,1463,Malware,0,28,Saturday,Night,1
2023-01-28 01:00:00,192.168.1.1,10.0.0.101,9920,TCP,1109,DoS,1,28,Saturday,Night,1
2023-01-28 02:00:00,172.16.0.3,172.16.0.102,6304,TCP,946,Normal,2,28,Saturday,Night,1
2023-01-28 03:00:00,192.168.1.4,10.0.0.101,7305,ICMP,376,Data Injection,3,28,Saturday,Night,1
2023-01-28 04:00:00,172.16.0.3,10.0.0.101,1320,UDP,903,APT,4,28,Saturday,Night,1
2023-01-28 05:00:00,192.168.1.1,172.16.0.102,6889,ICMP,582,DoS,5,28,Saturday,Morning,1
2023-01-28 06:00:00,10.0.0.2,10.0.0.101,9455,TCP,1293,Data Injection,6,28,Saturday,Morning,1
2023-01-28 07:00:00,192.168.1.1,172.16.0.102,3117,TCP,438,Data Injection,7,28,Saturday,Morning,1
2023-01-28 08:00:00,172.16.0.3,10.0.0.101,4636,TCP,514,APT,8,28,Saturday,Morning,1
2023-01-28 09:00:00,172.16.0.3,172.16.0.102,29,TCP,1078,Data Injection,9,28,Saturday,Morning,1
2023-01-28 10:00:00,192.168.1.4,192.168.1.100,5772,UDP,658,Normal,10,28,Saturday,Morning,1
2023-01-28 11:00:00,10.0.0.2,192.168.1.103,9872,TCP,1266,Normal,11,28,Saturday,Morning,1
2023-01-28 12:00:00,192.168.1.4,172.16.0.102,6315,UDP,1297,Normal,12,28,Saturday,Afternoon,1
2023-01-28 13:00:00,172.16.0.3,172.16.0.102,4835,TCP,563,Data Injection,13,28,Saturday,Afternoon,1
2023-01-28 14:00:00,192.168.1.1,192.168.1.103,1092,UDP,527,Normal,14,28,Saturday,Afternoon,1
2023-01-28 15:00:00,10.0.0.2,172.16.0.102,3245,ICMP,1211,APT,15,28,Saturday,Afternoon,1
2023-01-28 16:00:00,192.168.1.1,172.16.0.102,1336,TCP,176,Data Injection,16,28,Saturday,Afternoon,1
2023-01-28 17:00:00,192.168.1.1,10.0.0.101,5719,UDP,1099,Malware,17,28,Saturday,Evening,1
2023-01-28 18:00:00,10.0.0.2,192.168.1.103,6827,ICMP,1213,Data Injection,18,28,Saturday,Evening,1
2023-01-28 19:00:00,192.168.1.4,192.168.1.100,6694,TCP,394,APT,19,28,Saturday,Evening,1
2023-01-28 20:00:00,192.168.1.1,172.16.0.102,3703,TCP,1370,Malware,20,28,Saturday,Evening,1
2023-01-28 21:00:00,172.16.0.3,192.168.1.103,7247,TCP,203,Data Injection,21,28,Saturday,Night,1
2023-01-28 22:00:00,192.168.1.1,10.0.0.101,3293,UDP,1488,Normal,22,28,Saturday,Night,1
2023-01-28 23:00:00,10.0.0.2,192.168.1.100,7020,UDP,965,DoS,23,28,Saturday,Night,1
2023-01-29 00:00:00,10.0.0.2,192.168.1.103,165,ICMP,1184,DoS,0,29,Sunday,Night,1
2023-01-29 01:00:00,10.0.0.2,192.168.1.100,5030,UDP,580,Normal,1,29,Sunday,Night,1
2023-01-29 02:00:00,192.168.1.4,192.168.1.100,3060,UDP,632,DoS,2,29,Sunday,Night,1
2023-01-29 03:00:00,192.168.1.1,192.168.1.100,9674,TCP,909,DoS,3,29,Sunday,Night,1
2023-01-29 04:00:00,192.168.1.4,172.16.0.102,9796,TCP,1156,Normal,4,29,Sunday,Night,1
2023-01-29 05:00:00,192.168.1.4,172.16.0.102,502,TCP,181,Normal,5,29,Sunday,Morning,1
2023-01-29 06:00:00,10.0.0.2,10.0.0.101,3199,TCP,951,Data Injection,6,29,Sunday,Morning,1
2023-01-29 07:00:00,10.0.0.2,10.0.0.101,1269,TCP,1146,Data Injection,7,29,Sunday,Morning,1
2023-01-29 08:00:00,192.168.1.4,192.168.1.103,650,TCP,1120,Normal,8,29,Sunday,Morning,1
2023-01-29 09:00:00,192.168.1.1,10.0.0.101,8873,TCP,1405,APT,9,29,Sunday,Morning,1
2023-01-29 10:00:00,172.16.0.3,192.168.1.100,2872,ICMP,113,DoS,10,29,Sunday,Morning,1
2023-01-29 11:00:00,192.168.1.4,192.168.1.100,1007,ICMP,82,Data Injection,11,29,Sunday,Morning,1
2023-01-29 12:00:00,192.168.1.1,172.16.0.102,7642,ICMP,789,DoS,12,29,Sunday,Afternoon,1
2023-01-29 13:00:00,10.0.0.2,192.168.1.100,7347,ICMP,260,Malware,13,29,Sunday,Afternoon,1
2023-01-29 14:00:00,10.0.0.2,192.168.1.103,9758,TCP,622,Normal,14,29,Sunday,Afternoon,1
2023-01-29 15:00:00,192.168.1.1,192.168.1.100,8861,ICMP,515,APT,15,29,Sunday,Afternoon,1
2023-01-29 16:00:00,172.16.0.3,192.168.1.100,9180,TCP,352,Malware,16,29,Sunday,Afternoon,1
2023-01-29 17:00:00,10.0.0.2,192.168.1.103,1120,ICMP,1228,Malware,17,29,Sunday,Evening,1
2023-01-29 18:00:00,10.0.0.2,10.0.0.101,6672,UDP,1171,Malware,18,29,Sunday,Evening,1
2023-01-29 19:00:00,10.0.0.2,10.0.0.101,8652,ICMP,454,Normal,19,29,Sunday,Evening,1
2023-01-29 20:00:00,192.168.1.1,192.168.1.103,7441,ICMP,278,Data Injection,20,29,Sunday,Evening,1
2023-01-29 21:00:00,192.168.1.4,172.16.0.102,5036,TCP,278,Normal,21,29,Sunday,Night,1
2023-01-29 22:00:00,10.0.0.2,192.168.1.100,789,ICMP,1490,Data Injection,22,29,Sunday,Night,1
2023-01-29 23:00:00,192.168.1.4,192.168.1.103,1363,UDP,191,Malware,23,29,Sunday,Night,1
2023-01-30 00:00:00,172.16.0.3,192.168.1.100,4378,TCP,823,Malware,0,30,Monday,Night,0
2023-01-30 01:00:00,10.0.0.2,172.16.0.102,9789,TCP,467,APT,1,30,Monday,Night,0
2023-01-30 02:00:00,10.0.0.2,192.168.1.100,6800,ICMP,1116,Data Injection,2,30,Monday,Night,0
2023-01-30 03:00:00,172.16.0.3,192.168.1.103,6622,TCP,401,Malware,3,30,Monday,Night,0
2023-01-30 04:00:00,10.0.0.2,192.168.1.100,2369,TCP,894,DoS,4,30,Monday,Night,0
2023-01-30 05:00:00,192.168.1.4,10.0.0.101,5719,TCP,777,APT,5,30,Monday,Morning,0
2023-01-30 06:00:00,192.168.1.1,172.16.0.102,1261,TCP,424,Normal,6,30,Monday,Morning,0
2023-01-30 07:00:00,192.168.1.4,172.16.0.102,1145,TCP,632,APT,7,30,Monday,Morning,0
2023-01-30 08:00:00,192.168.1.1,172.16.0.102,9402,TCP,1479,DoS,8,30,Monday,Morning,0
2023-01-30 09:00:00,192.168.1.1,192.168.1.103,6784,UDP,281,Data Injection,9,30,Monday,Morning,0
2023-01-30 10:00:00,192.168.1.4,172.16.0.102,5121,ICMP,265,Normal,10,30,Monday,Morning,0
2023-01-30 11:00:00,192.168.1.4,10.0.0.101,7863,UDP,80,Normal,11,30,Monday,Morning,0
2023-01-30 12:00:00,192.168.1.4,192.168.1.103,92,TCP,385,Data Injection,12,30,Monday,Afternoon,0
2023-01-30 13:00:00,192.168.1.4,10.0.0.101,5492,TCP,581,APT,13,30,Monday,Afternoon,0
2023-01-30 14:00:00,172.16.0.3,192.168.1.100,5209,ICMP,1412,Malware,14,30,Monday,Afternoon,0
2023-01-30 15:00:00,10.0.0.2,192.168.1.100,2492,UDP,1499,APT,15,30,Monday,Afternoon,0
2023-01-30 16:00:00,192.168.1.1,192.168.1.100,727,ICMP,1405,DoS,16,30,Monday,Afternoon,0
2023-01-30 17:00:00,192.168.1.4,192.168.1.100,1824,UDP,744,Malware,17,30,Monday,Evening,0
2023-01-30 18:00:00,192.168.1.4,10.0.0.101,6724,TCP,1169,APT,18,30,Monday,Evening,0
2023-01-30 19:00:00,192.168.1.4,192.168.1.103,3733,ICMP,488,Data Injection,19,30,Monday,Evening,0
2023-01-30 20:00:00,172.16.0.3,192.168.1.103,5071,ICMP,1291,DoS,20,30,Monday,Evening,0
2023-01-30 21:00:00,192.168.1.4,172.16.0.102,2495,TCP,1082,DoS,21,30,Monday,Night,0
2023-01-30 22:00:00,192.168.1.4,10.0.0.101,3630,ICMP,450,DoS,22,30,Monday,Night,0
2023-01-30 23:00:00,192.168.1.4,192.168.1.100,4275,UDP,841,Malware,23,30,Monday,Night,0
2023-01-31 00:00:00,10.0.0.2,10.0.0.101,7417,UDP,161,Normal,0,31,Tuesday,Night,0
2023-01-31 01:00:00,172.16.0.3,172.16.0.102,1755,UDP,1432,Malware,1,31,Tuesday,Night,0
2023-01-31 02:00:00,192.168.1.4,172.16.0.102,9797,UDP,271,APT,2,31,Tuesday,Night,0
2023-01-31 03:00:00,192.168.1.1,10.0.0.101,8278,TCP,649,Normal,3,31,Tuesday,Night,0
2023-01-31 04:00:00,192.168.1.1,10.0.0.101,7999,ICMP,229,APT,4,31,Tuesday,Night,0
2023-01-31 05:00:00,192.168.1.1,10.0.0.101,2448,UDP,85,Normal,5,31,Tuesday,Morning,0
2023-01-31 06:00:00,172.16.0.3,192.168.1.103,7446,TCP,217,Malware,6,31,Tuesday,Morning,0
2023-01-31 07:00:00,172.16.0.3,192.168.1.100,8553,ICMP,1382,DoS,7,31,Tuesday,Morning,0
2023-01-31 08:00:00,192.168.1.1,10.0.0.101,5269,ICMP,282,Data Injection,8,31,Tuesday,Morning,0
2023-01-31 09:00:00,192.168.1.4,10.0.0.101,5311,TCP,732,DoS,9,31,Tuesday,Morning,0
2023-01-31 10:00:00,172.16.0.3,10.0.0.101,2837,TCP,293,Malware,10,31,Tuesday,Morning,0
2023-01-31 11:00:00,192.168.1.1,172.16.0.102,9444,UDP,83,Normal,11,31,Tuesday,Morning,0
2023-01-31 12:00:00,192.168.1.1,172.16.0.102,3894,ICMP,616,DoS,12,31,Tuesday,Afternoon,0
2023-01-31 13:00:00,192.168.1.4,192.168.1.103,9706,ICMP,1013,Malware,13,31,Tuesday,Afternoon,0
2023-01-31 14:00:00,10.0.0.2,192.168.1.100,4231,TCP,211,APT,14,31,Tuesday,Afternoon,0
2023-01-31 15:00:00,172.16.0.3,192.168.1.103,681,ICMP,1195,Data Injection,15,31,Tuesday,Afternoon,0
2023-01-31 16:00:00,192.168.1.4,192.168.1.100,3394,UDP,466,DoS,16,31,Tuesday,Afternoon,0
2023-01-31 17:00:00,192.168.1.1,172.16.0.102,9228,ICMP,659,Normal,17,31,Tuesday,Evening,0
2023-01-31 18:00:00,192.168.1.1,172.16.0.102,227,TCP,430,APT,18,31,Tuesday,Evening,0
2023-01-31 19:00:00,192.168.1.4,172.16.0.102,2685,TCP,1396,Malware,19,31,Tuesday,Evening,0
2023-01-31 20:00:00,172.16.0.3,192.168.1.103,2513,UDP,865,Data Injection,20,31,Tuesday,Evening,0
2023-01-31 21:00:00,10.0.0.2,10.0.0.101,6833,UDP,981,Normal,21,31,Tuesday,Night,0
2023-01-31 22:00:00,10.0.0.2,10.0.0.101,652,ICMP,1221,Malware,22,31,Tuesday,Night,0
2023-01-31 23:00:00,192.168.1.1,172.16.0.102,3103,ICMP,1370,Malware,23,31,Tuesday,Night,0
2023-02-01 00:00:00,172.16.0.3,10.0.0.101,3739,TCP,136,DoS,0,1,Wednesday,Night,0
2023-02-01 01:00:00,10.0.0.2,10.0.0.101,7143,UDP,544,DoS,1,1,Wednesday,Night,0
2023-02-01 02:00:00,172.16.0.3,192.168.1.103,1699,UDP,1439,Normal,2,1,Wednesday,Night,0
2023-02-01 03:00:00,172.16.0.3,192.168.1.100,256,UDP,623,Malware,3,1,Wednesday,Night,0
2023-02-01 04:00:00,192.168.1.1,172.16.0.102,7466,ICMP,1413,DoS,4,1,Wednesday,Night,0
2023-02-01 05:00:00,10.0.0.2,172.16.0.102,4463,UDP,808,Data Injection,5,1,Wednesday,Morning,0
2023-02-01 06:00:00,192.168.1.4,192.168.1.103,6790,TCP,163,Data Injection,6,1,Wednesday,Morning,0
2023-02-01 07:00:00,192.168.1.1,192.168.1.103,9752,TCP,1146,Malware,7,1,Wednesday,Morning,0
2023-02-01 08:00:00,10.0.0.2,10.0.0.101,6119,ICMP,571,DoS,8,1,Wednesday,Morning,0
2023-02-01 09:00:00,10.0.0.2,172.16.0.102,8575,ICMP,321,Normal,9,1,Wednesday,Morning,0
2023-02-01 10:00:00,10.0.0.2,192.168.1.100,2388,UDP,476,Normal,10,1,Wednesday,Morning,0
2023-02-01 11:00:00,10.0.0.2,192.168.1.103,305,ICMP,1152,Normal,11,1,Wednesday,Morning,0
2023-02-01 12:00:00,10.0.0.2,192.168.1.100,168,TCP,658,Data Injection,12,1,Wednesday,Afternoon,0
2023-02-01 13:00:00,172.16.0.3,192.168.1.100,4057,UDP,1241,DoS,13,1,Wednesday,Afternoon,0
2023-02-01 14:00:00,192.168.1.1,172.16.0.102,6569,TCP,329,DoS,14,1,Wednesday,Afternoon,0
2023-02-01 15:00:00,172.16.0.3,172.16.0.102,7141,UDP,884,Data Injection,15,1,Wednesday,Afternoon,0
2023-02-01 16:00:00,192.168.1.4,192.168.1.103,9978,ICMP,1166,Normal,16,1,Wednesday,Afternoon,0
2023-02-01 17:00:00,10.0.0.2,172.16.0.102,4915,UDP,1402,Normal,17,1,Wednesday,Evening,0
2023-02-01 18:00:00,192.168.1.1,172.16.0.102,5300,UDP,725,Malware,18,1,Wednesday,Evening,0
2023-02-01 19:00:00,10.0.0.2,172.16.0.102,1032,TCP,1010,APT,19,1,Wednesday,Evening,0
2023-02-01 20:00:00,192.168.1.1,192.168.1.100,9735,TCP,623,DoS,20,1,Wednesday,Evening,0
2023-02-01 21:00:00,172.16.0.3,192.168.1.103,2805,UDP,980,DoS,21,1,Wednesday,Night,0
2023-02-01 22:00:00,192.168.1.1,10.0.0.101,3745,ICMP,954,DoS,22,1,Wednesday,Night,0
2023-02-01 23:00:00,192.168.1.4,192.168.1.100,4596,ICMP,1335,APT,23,1,Wednesday,Night,0
2023-02-02 00:00:00,192.168.1.4,172.16.0.102,5802,TCP,931,Malware,0,2,Thursday,Night,0
2023-02-02 01:00:00,192.168.1.1,192.168.1.100,6277,ICMP,673,APT,1,2,Thursday,Night,0
2023-02-02 02:00:00,192.168.1.1,172.16.0.102,9813,TCP,477,Normal,2,2,Thursday,Night,0
2023-02-02 03:00:00,192.168.1.1,172.16.0.102,2428,ICMP,88,Normal,3,2,Thursday,Night,0
2023-02-02 04:00:00,192.168.1.1,192.168.1.100,360,UDP,347,DoS,4,2,Thursday,Night,0
2023-02-02 05:00:00,192.168.1.4,192.168.1.103,2837,TCP,944,Data Injection,5,2,Thursday,Morning,0
2023-02-02 06:00:00,10.0.0.2,172.16.0.102,2516,TCP,364,DoS,6,2,Thursday,Morning,0
2023-02-02 07:00:00,192.168.1.1,192.168.1.103,5982,UDP,1155,Data Injection,7,2,Thursday,Morning,0
2023-02-02 08:00:00,192.168.1.1,10.0.0.101,5319,TCP,1094,APT,8,2,Thursday,Morning,0
2023-02-02 09:00:00,192.168.1.4,172.16.0.102,9937,ICMP,880,Normal,9,2,Thursday,Morning,0
2023-02-02 10:00:00,192.168.1.4,192.168.1.103,7594,ICMP,1224,Data Injection,10,2,Thursday,Morning,0
2023-02-02 11:00:00,172.16.0.3,192.168.1.103,1709,TCP,1251,APT,11,2,Thursday,Morning,0
2023-02-02 12:00:00,192.168.1.1,10.0.0.101,3287,ICMP,146,Normal,12,2,Thursday,Afternoon,0
2023-02-02 13:00:00,172.16.0.3,192.168.1.103,4426,TCP,1160,Data Injection,13,2,Thursday,Afternoon,0
2023-02-02 14:00:00,192.168.1.4,192.168.1.103,8473,UDP,1324,DoS,14,2,Thursday,Afternoon,0
2023-02-02 15:00:00,192.168.1.4,10.0.0.101,1462,TCP,109,DoS,15,2,Thursday,Afternoon,0
2023-02-02 16:00:00,10.0.0.2,172.16.0.102,8617,UDP,681,DoS,16,2,Thursday,Afternoon,0
2023-02-02 17:00:00,192.168.1.1,192.168.1.103,4457,ICMP,991,APT,17,2,Thursday,Evening,0
2023-02-02 18:00:00,172.16.0.3,192.168.1.103,5455,UDP,325,DoS,18,2,Thursday,Evening,0
2023-02-02 19:00:00,192.168.1.4,192.168.1.103,8455,ICMP,239,Malware,19,2,Thursday,Evening,0
2023-02-02 20:00:00,192.168.1.4,192.168.1.100,4127,TCP,1253,Normal,20,2,Thursday,Evening,0
2023-02-02 21:00:00,172.16.0.3,10.0.0.101,580,ICMP,720,APT,21,2,Thursday,Night,0
2023-02-02 22:00:00,10.0.0.2,192.168.1.100,8805,TCP,905,DoS,22,2,Thursday,Night,0
2023-02-02 23:00:00,192.168.1.4,10.0.0.101,5568,TCP,433,Normal,23,2,Thursday,Night,0
2023-02-03 00:00:00,192.168.1.1,172.16.0.102,1846,UDP,117,Data Injection,0,3,Friday,Night,0
2023-02-03 01:00:00,192.168.1.4,172.16.0.102,7649,UDP,753,DoS,1,3,Friday,Night,0
2023-02-03 02:00:00,192.168.1.1,192.168.1.103,8345,UDP,1428,Normal,2,3,Friday,Night,0
2023-02-03 03:00:00,172.16.0.3,10.0.0.101,3158,UDP,1214,Malware,3,3,Friday,Night,0
2023-02-03 04:00:00,192.168.1.1,172.16.0.102,7713,ICMP,1496,Data Injection,4,3,Friday,Night,0
2023-02-03 05:00:00,172.16.0.3,10.0.0.101,8284,ICMP,430,Malware,5,3,Friday,Morning,0
2023-02-03 06:00:00,192.168.1.1,172.16.0.102,7862,ICMP,1358,Normal,6,3,Friday,Morning,0
2023-02-03 07:00:00,172.16.0.3,192.168.1.100,6741,TCP,707,Malware,7,3,Friday,Morning,0
2023-02-03 08:00:00,192.168.1.1,172.16.0.102,7022,ICMP,442,Normal,8,3,Friday,Morning,0
2023-02-03 09:00:00,10.0.0.2,192.168.1.100,4245,ICMP,136,Normal,9,3,Friday,Morning,0
2023-02-03 10:00:00,192.168.1.1,172.16.0.102,2998,ICMP,978,Malware,10,3,Friday,Morning,0
2023-02-03 11:00:00,192.168.1.1,192.168.1.103,7393,UDP,1335,Normal,11,3,Friday,Morning,0
2023-02-03 12:00:00,10.0.0.2,192.168.1.100,5927,ICMP,923,DoS,12,3,Friday,Afternoon,0
2023-02-03 13:00:00,192.168.1.4,172.16.0.102,6117,TCP,106,Normal,13,3,Friday,Afternoon,0
2023-02-03 14:00:00,192.168.1.4,192.168.1.103,5676,UDP,440,APT,14,3,Friday,Afternoon,0
2023-02-03 15:00:00,192.168.1.1,192.168.1.100,9004,TCP,1128,Normal,15,3,Friday,Afternoon,0
2023-02-03 16:00:00,10.0.0.2,192.168.1.103,4279,ICMP,233,APT,16,3,Friday,Afternoon,0
2023-02-03 17:00:00,192.168.1.1,10.0.0.101,8306,UDP,275,Normal,17,3,Friday,Evening,0
2023-02-03 18:00:00,172.16.0.3,10.0.0.101,5921,TCP,102,Normal,18,3,Friday,Evening,0
2023-02-03 19:00:00,172.16.0.3,192.168.1.100,9345,ICMP,432,Malware,19,3,Friday,Evening,0
2023-02-03 20:00:00,192.168.1.1,172.16.0.102,4937,TCP,820,DoS,20,3,Friday,Evening,0
2023-02-03 21:00:00,192.168.1.4,192.168.1.100,8449,TCP,214,DoS,21,3,Friday,Night,0
2023-02-03 22:00:00,192.168.1.4,192.168.1.103,2550,TCP,1198,Data Injection,22,3,Friday,Night,0
2023-02-03 23:00:00,192.168.1.1,172.16.0.102,1980,ICMP,1134,Malware,23,3,Friday,Night,0
2023-02-04 00:00:00,192.168.1.1,10.0.0.101,7065,ICMP,1087,Malware,0,4,Saturday,Night,1
2023-02-04 01:00:00,172.16.0.3,172.16.0.102,1068,TCP,800,DoS,1,4,Saturday,Night,1
2023-02-04 02:00:00,192.168.1.4,10.0.0.101,5792,UDP,1453,Malware,2,4,Saturday,Night,1
2023-02-04 03:00:00,192.168.1.1,172.16.0.102,2549,UDP,132,DoS,3,4,Saturday,Night,1
2023-02-04 04:00:00,172.16.0.3,172.16.0.102,2984,ICMP,362,Malware,4,4,Saturday,Night,1
2023-02-04 05:00:00,192.168.1.4,172.16.0.102,7157,ICMP,1007,Normal,5,4,Saturday,Morning,1
2023-02-04 06:00:00,10.0.0.2,192.168.1.103,983,ICMP,865,DoS,6,4,Saturday,Morning,1
2023-02-04 07:00:00,172.16.0.3,192.168.1.103,556,ICMP,359,DoS,7,4,Saturday,Morning,1
2023-02-04 08:00:00,192.168.1.4,192.168.1.100,7360,ICMP,266,APT,8,4,Saturday,Morning,1
2023-02-04 09:00:00,192.168.1.4,192.168.1.100,7199,UDP,124,Malware,9,4,Saturday,Morning,1
2023-02-04 10:00:00,172.16.0.3,10.0.0.101,7987,ICMP,1009,Malware,10,4,Saturday,Morning,1
2023-02-04 11:00:00,10.0.0.2,192.168.1.103,8754,TCP,1026,DoS,11,4,Saturday,Morning,1
2023-02-04 12:00:00,172.16.0.3,10.0.0.101,865,TCP,1401,Normal,12,4,Saturday,Afternoon,1
2023-02-04 13:00:00,192.168.1.4,192.168.1.100,5797,UDP,1248,Normal,13,4,Saturday,Afternoon,1
2023-02-04 14:00:00,192.168.1.1,10.0.0.101,3056,TCP,394,Normal,14,4,Saturday,Afternoon,1
2023-02-04 15:00:00,192.168.1.1,192.168.1.100,5967,UDP,401,Malware,15,4,Saturday,Afternoon,1
2023-02-04 16:00:00,172.16.0.3,192.168.1.103,2514,UDP,1391,APT,16,4,Saturday,Afternoon,1
2023-02-04 17:00:00,192.168.1.4,172.16.0.102,2739,TCP,1425,DoS,17,4,Saturday,Evening,1
2023-02-04 18:00:00,192.168.1.1,192.168.1.103,1904,ICMP,702,Data Injection,18,4,Saturday,Evening,1
2023-02-04 19:00:00,192.168.1.4,10.0.0.101,4369,TCP,338,APT,19,4,Saturday,Evening,1
2023-02-04 20:00:00,172.16.0.3,10.0.0.101,5199,TCP,1251,Data Injection,20,4,Saturday,Evening,1
2023-02-04 21:00:00,192.168.1.1,192.168.1.103,6630,UDP,382,APT,21,4,Saturday,Night,1
2023-02-04 22:00:00,192.168.1.4,192.168.1.103,6450,TCP,652,Normal,22,4,Saturday,Night,1
2023-02-04 23:00:00,192.168.1.1,192.168.1.100,7174,UDP,567,Malware,23,4,Saturday,Night,1
2023-02-05 00:00:00,172.16.0.3,10.0.0.101,6508,ICMP,450,Data Injection,0,5,Sunday,Night,1
2023-02-05 01:00:00,192.168.1.4,10.0.0.101,4757,ICMP,933,APT,1,5,Sunday,Night,1
2023-02-05 02:00:00,192.168.1.1,192.168.1.103,6545,ICMP,896,Malware,2,5,Sunday,Night,1
2023-02-05 03:00:00,172.16.0.3,172.16.0.102,3870,TCP,1078,Data Injection,3,5,Sunday,Night,1
2023-02-05 04:00:00,192.168.1.1,10.0.0.101,709,UDP,666,DoS,4,5,Sunday,Night,1
2023-02-05 05:00:00,192.168.1.1,172.16.0.102,5195,ICMP,754,APT,5,5,Sunday,Morning,1
2023-02-05 06:00:00,10.0.0.2,192.168.1.103,8668,UDP,557,DoS,6,5,Sunday,Morning,1
2023-02-05 07:00:00,10.0.0.2,192.168.1.103,5098,UDP,553,Normal,7,5,Sunday,Morning,1
2023-02-05 08:00:00,172.16.0.3,192.168.1.100,5468,ICMP,784,DoS,8,5,Sunday,Morning,1
2023-02-05 09:00:00,10.0.0.2,10.0.0.101,1199,ICMP,1160,DoS,9,5,Sunday,Morning,1
2023-02-05 10:00:00,172.16.0.3,172.16.0.102,9094,UDP,572,APT,10,5,Sunday,Morning,1
2023-02-05 11:00:00,10.0.0.2,192.168.1.100,6426,ICMP,453,Normal,11,5,Sunday,Morning,1
2023-02-05 12:00:00,192.168.1.1,10.0.0.101,8611,UDP,358,DoS,12,5,Sunday,Afternoon,1
2023-02-05 13:00:00,172.16.0.3,192.168.1.100,6927,UDP,1456,Malware,13,5,Sunday,Afternoon,1
2023-02-05 14:00:00,172.16.0.3,192.168.1.103,8820,ICMP,859,Data Injection,14,5,Sunday,Afternoon,1
2023-02-05 15:00:00,192.168.1.1,10.0.0.101,1658,TCP,928,DoS,15,5,Sunday,Afternoon,1
2023-02-05 16:00:00,172.16.0.3,192.168.1.100,5691,ICMP,612,Normal,16,5,Sunday,Afternoon,1
2023-02-05 17:00:00,172.16.0.3,192.168.1.100,6948,TCP,712,DoS,17,5,Sunday,Evening,1
2023-02-05 18:00:00,10.0.0.2,172.16.0.102,1402,UDP,631,Data Injection,18,5,Sunday,Evening,1
2023-02-05 19:00:00,172.16.0.3,192.168.1.100,1423,UDP,1274,Normal,19,5,Sunday,Evening,1
2023-02-05 20:00:00,192.168.1.4,10.0.0.101,9031,TCP,916,APT,20,5,Sunday,Evening,1
2023-02-05 21:00:00,192.168.1.1,10.0.0.101,3312,UDP,833,Normal,21,5,Sunday,Night,1
2023-02-05 22:00:00,10.0.0.2,172.16.0.102,9031,TCP,508,APT,22,5,Sunday,Night,1
2023-02-05 23:00:00,10.0.0.2,10.0.0.101,439,TCP,426,Normal,23,5,Sunday,Night,1
2023-02-06 00:00:00,192.168.1.4,192.168.1.103,4537,UDP,186,Data Injection,0,6,Monday,Night,0
2023-02-06 01:00:00,192.168.1.1,10.0.0.101,3322,TCP,1275,Data Injection,1,6,Monday,Night,0
2023-02-06 02:00:00,192.168.1.1,10.0.0.101,7877,ICMP,805,Normal,2,6,Monday,Night,0
2023-02-06 03:00:00,10.0.0.2,192.168.1.100,9720,ICMP,743,DoS,3,6,Monday,Night,0
2023-02-06 04:00:00,172.16.0.3,192.168.1.100,7890,UDP,483,Data Injection,4,6,Monday,Night,0
2023-02-06 05:00:00,10.0.0.2,10.0.0.101,5713,UDP,1339,APT,5,6,Monday,Morning,0
2023-02-06 06:00:00,192.168.1.1,172.16.0.102,787,TCP,1422,APT,6,6,Monday,Morning,0
2023-02-06 07:00:00,192.168.1.4,192.168.1.100,2064,TCP,155,Malware,7,6,Monday,Morning,0
2023-02-06 08:00:00,10.0.0.2,172.16.0.102,1569,TCP,126,APT,8,6,Monday,Morning,0
2023-02-06 09:00:00,192.168.1.1,10.0.0.101,9976,TCP,575,Malware,9,6,Monday,Morning,0
2023-02-06 10:00:00,10.0.0.2,10.0.0.101,6160,ICMP,1226,Normal,10,6,Monday,Morning,0
2023-02-06 11:00:00,172.16.0.3,192.168.1.103,3736,ICMP,1272,Normal,11,6,Monday,Morning,0
2023-02-06 12:00:00,10.0.0.2,192.168.1.100,4501,UDP,1292,Normal,12,6,Monday,Afternoon,0
2023-02-06 13:00:00,10.0.0.2,10.0.0.101,7918,TCP,835,DoS,13,6,Monday,Afternoon,0
2023-02-06 14:00:00,192.168.1.1,192.168.1.103,6568,TCP,1301,DoS,14,6,Monday,Afternoon,0
2023-02-06 15:00:00,192.168.1.1,192.168.1.100,2313,UDP,319,Malware,15,6,Monday,Afternoon,0
2023-02-06 16:00:00,192.168.1.1,10.0.0.101,4857,TCP,198,APT,16,6,Monday,Afternoon,0
2023-02-06 17:00:00,10.0.0.2,10.0.0.101,7778,TCP,938,APT,17,6,Monday,Evening,0
2023-02-06 18:00:00,172.16.0.3,192.168.1.100,6813,TCP,885,Normal,18,6,Monday,Evening,0
2023-02-06 19:00:00,192.168.1.4,192.168.1.100,7658,TCP,151,Data Injection,19,6,Monday,Evening,0
2023-02-06 20:00:00,192.168.1.4,192.168.1.100,8013,TCP,1051,DoS,20,6,Monday,Evening,0
2023-02-06 21:00:00,192.168.1.1,10.0.0.101,6027,UDP,1294,DoS,21,6,Monday,Night,0
2023-02-06 22:00:00,192.168.1.1,10.0.0.101,5562,TCP,1216,Normal,22,6,Monday,Night,0
2023-02-06 23:00:00,10.0.0.2,192.168.1.103,9112,UDP,886,DoS,23,6,Monday,Night,0
2023-02-07 00:00:00,192.168.1.4,172.16.0.102,6376,TCP,1090,Normal,0,7,Tuesday,Night,0
2023-02-07 01:00:00,192.168.1.1,192.168.1.100,8453,ICMP,1037,Malware,1,7,Tuesday,Night,0
2023-02-07 02:00:00,172.16.0.3,10.0.0.101,7400,ICMP,997,APT,2,7,Tuesday,Night,0
2023-02-07 03:00:00,172.16.0.3,10.0.0.101,2405,ICMP,184,Data Injection,3,7,Tuesday,Night,0
2023-02-07 04:00:00,192.168.1.1,192.168.1.100,4288,ICMP,1472,APT,4,7,Tuesday,Night,0
2023-02-07 05:00:00,192.168.1.1,172.16.0.102,691,UDP,1125,APT,5,7,Tuesday,Morning,0
2023-02-07 06:00:00,192.168.1.4,192.168.1.100,183,UDP,1428,Malware,6,7,Tuesday,Morning,0
2023-02-07 07:00:00,192.168.1.4,172.16.0.102,8676,TCP,1071,DoS,7,7,Tuesday,Morning,0
2023-02-07 08:00:00,10.0.0.2,10.0.0.101,4612,ICMP,988,Data Injection,8,7,Tuesday,Morning,0
2023-02-07 09:00:00,192.168.1.4,172.16.0.102,4815,UDP,708,DoS,9,7,Tuesday,Morning,0
2023-02-07 10:00:00,172.16.0.3,192.168.1.103,4818,TCP,777,APT,10,7,Tuesday,Morning,0
2023-02-07 11:00:00,172.16.0.3,10.0.0.101,6056,TCP,923,Normal,11,7,Tuesday,Morning,0
2023-02-07 12:00:00,192.168.1.1,192.168.1.103,2375,UDP,84,APT,12,7,Tuesday,Afternoon,0
2023-02-07 13:00:00,192.168.1.4,192.168.1.100,5907,ICMP,305,DoS,13,7,Tuesday,Afternoon,0
2023-02-07 14:00:00,10.0.0.2,192.168.1.100,7981,TCP,518,APT,14,7,Tuesday,Afternoon,0
2023-02-07 15:00:00,172.16.0.3,192.168.1.100,5847,ICMP,1026,Normal,15,7,Tuesday,Afternoon,0
2023-02-07 16:00:00,172.16.0.3,172.16.0.102,8757,ICMP,684,Malware,16,7,Tuesday,Afternoon,0
2023-02-07 17:00:00,10.0.0.2,10.0.0.101,4739,ICMP,366,DoS,17,7,Tuesday,Evening,0
2023-02-07 18:00:00,10.0.0.2,192.168.1.100,613,TCP,866,APT,18,7,Tuesday,Evening,0
2023-02-07 19:00:00,172.16.0.3,192.168.1.100,4859,ICMP,1027,DoS,19,7,Tuesday,Evening,0
2023-02-07 20:00:00,172.16.0.3,10.0.0.101,7414,TCP,132,Malware,20,7,Tuesday,Evening,0
2023-02-07 21:00:00,10.0.0.2,192.168.1.100,9671,ICMP,1216,APT,21,7,Tuesday,Night,0
2023-02-07 22:00:00,172.16.0.3,192.168.1.103,3513,TCP,259,APT,22,7,Tuesday,Night,0
2023-02-07 23:00:00,192.168.1.1,10.0.0.101,6184,ICMP,203,DoS,23,7,Tuesday,Night,0
2023-02-08 00:00:00,192.168.1.1,10.0.0.101,2692,UDP,346,DoS,0,8,Wednesday,Night,0
2023-02-08 01:00:00,10.0.0.2,10.0.0.101,4220,ICMP,375,Normal,1,8,Wednesday,Night,0
2023-02-08 02:00:00,192.168.1.4,192.168.1.103,36,ICMP,809,Malware,2,8,Wednesday,Night,0
2023-02-08 03:00:00,10.0.0.2,10.0.0.101,3211,TCP,340,Normal,3,8,Wednesday,Night,0
2023-02-08 04:00:00,10.0.0.2,192.168.1.103,412,TCP,124,APT,4,8,Wednesday,Night,0
2023-02-08 05:00:00,192.168.1.4,10.0.0.101,8636,ICMP,1406,DoS,5,8,Wednesday,Morning,0
2023-02-08 06:00:00,192.168.1.4,172.16.0.102,6292,UDP,115,APT,6,8,Wednesday,Morning,0
2023-02-08 07:00:00,192.168.1.4,192.168.1.100,591,UDP,216,APT,7,8,Wednesday,Morning,0
2023-02-08 08:00:00,192.168.1.1,172.16.0.102,3651,TCP,1398,Data Injection,8,8,Wednesday,Morning,0
2023-02-08 09:00:00,172.16.0.3,192.168.1.100,6192,UDP,607,Data Injection,9,8,Wednesday,Morning,0
2023-02-08 10:00:00,192.168.1.1,192.168.1.103,9332,ICMP,630,APT,10,8,Wednesday,Morning,0
2023-02-08 11:00:00,172.16.0.3,172.16.0.102,7197,TCP,1476,DoS,11,8,Wednesday,Morning,0
2023-02-08 12:00:00,192.168.1.1,10.0.0.101,8453,ICMP,685,APT,12,8,Wednesday,Afternoon,0
2023-02-08 13:00:00,172.16.0.3,192.168.1.100,3917,TCP,1264,Data Injection,13,8,Wednesday,Afternoon,0
2023-02-08 14:00:00,192.168.1.1,192.168.1.100,8143,TCP,1449,DoS,14,8,Wednesday,Afternoon,0
2023-02-08 15:00:00,192.168.1.4,172.16.0.102,2299,TCP,377,APT,15,8,Wednesday,Afternoon,0
2023-02-08 16:00:00,10.0.0.2,192.168.1.103,9000,TCP,870,Malware,16,8,Wednesday,Afternoon,0
2023-02-08 17:00:00,192.168.1.1,172.16.0.102,7471,UDP,911,Malware,17,8,Wednesday,Evening,0
2023-02-08 18:00:00,172.16.0.3,192.168.1.103,8926,ICMP,160,APT,18,8,Wednesday,Evening,0
2023-02-08 19:00:00,192.168.1.4,192.168.1.103,795,ICMP,944,DoS,19,8,Wednesday,Evening,0
2023-02-08 20:00:00,192.168.1.1,192.168.1.100,6889,ICMP,1300,APT,20,8,Wednesday,Evening,0
2023-02-08 21:00:00,192.168.1.1,172.16.0.102,2267,TCP,892,APT,21,8,Wednesday,Night,0
2023-02-08 22:00:00,192.168.1.4,172.16.0.102,7108,UDP,200,Data Injection,22,8,Wednesday,Night,0
2023-02-08 23:00:00,192.168.1.1,192.168.1.103,98,ICMP,1093,Malware,23,8,Wednesday,Night,0
2023-02-09 00:00:00,10.0.0.2,172.16.0.102,8100,UDP,1074,Data Injection,0,9,Thursday,Night,0
2023-02-09 01:00:00,192.168.1.1,10.0.0.101,7119,TCP,172,Data Injection,1,9,Thursday,Night,0
2023-02-09 02:00:00,10.0.0.2,10.0.0.101,3946,ICMP,610,APT,2,9,Thursday,Night,0
2023-02-09 03:00:00,10.0.0.2,172.16.0.102,9067,UDP,1126,Data Injection,3,9,Thursday,Night,0
2023-02-09 04:00:00,192.168.1.4,172.16.0.102,7360,TCP,725,Malware,4,9,Thursday,Night,0
2023-02-09 05:00:00,192.168.1.1,192.168.1.103,7103,UDP,488,Data Injection,5,9,Thursday,Morning,0
2023-02-09 06:00:00,192.168.1.4,10.0.0.101,6250,ICMP,693,Malware,6,9,Thursday,Morning,0
2023-02-09 07:00:00,192.168.1.1,10.0.0.101,9243,ICMP,324,Data Injection,7,9,Thursday,Morning,0
2023-02-09 08:00:00,192.168.1.1,192.168.1.100,4960,TCP,150,Malware,8,9,Thursday,Morning,0
2023-02-09 09:00:00,172.16.0.3,192.168.1.103,3291,TCP,528,Data Injection,9,9,Thursday,Morning,0
2023-02-09 10:00:00,192.168.1.1,192.168.1.100,3476,TCP,139,Data Injection,10,9,Thursday,Morning,0
2023-02-09 11:00:00,192.168.1.4,10.0.0.101,7808,UDP,534,DoS,11,9,Thursday,Morning,0
2023-02-09 12:00:00,10.0.0.2,192.168.1.103,8619,UDP,477,Malware,12,9,Thursday,Afternoon,0
2023-02-09 13:00:00,192.168.1.1,172.16.0.102,7670,UDP,888,Malware,13,9,Thursday,Afternoon,0
2023-02-09 14:00:00,172.16.0.3,192.168.1.103,2731,TCP,958,Malware,14,9,Thursday,Afternoon,0
2023-02-09 15:00:00,192.168.1.4,172.16.0.102,1688,ICMP,789,Normal,15,9,Thursday,Afternoon,0
2023-02-09 16:00:00,192.168.1.1,172.16.0.102,167,ICMP,520,Data Injection,16,9,Thursday,Afternoon,0
2023-02-09 17:00:00,192.168.1.4,192.168.1.103,6440,UDP,1372,Malware,17,9,Thursday,Evening,0
2023-02-09 18:00:00,172.16.0.3,172.16.0.102,385,UDP,1326,Normal,18,9,Thursday,Evening,0
2023-02-09 19:00:00,172.16.0.3,192.168.1.100,9886,ICMP,716,DoS,19,9,Thursday,Evening,0
2023-02-09 20:00:00,192.168.1.4,10.0.0.101,4551,ICMP,735,Malware,20,9,Thursday,Evening,0
2023-02-09 21:00:00,192.168.1.1,172.16.0.102,5350,UDP,1459,Malware,21,9,Thursday,Night,0
2023-02-09 22:00:00,10.0.0.2,192.168.1.100,5530,UDP,558,Normal,22,9,Thursday,Night,0
2023-02-09 23:00:00,172.16.0.3,172.16.0.102,8774,ICMP,1132,Data Injection,23,9,Thursday,Night,0
2023-02-10 00:00:00,192.168.1.1,10.0.0.101,8984,TCP,1488,DoS,0,10,Friday,Night,0
2023-02-10 01:00:00,192.168.1.1,192.168.1.100,6513,UDP,1334,Malware,1,10,Friday,Night,0
2023-02-10 02:00:00,10.0.0.2,10.0.0.101,5459,ICMP,660,Data Injection,2,10,Friday,Night,0
2023-02-10 03:00:00,172.16.0.3,10.0.0.101,9785,ICMP,513,DoS,3,10,Friday,Night,0
2023-02-10 04:00:00,172.16.0.3,192.168.1.100,6531,ICMP,548,APT,4,10,Friday,Night,0
2023-02-10 05:00:00,192.168.1.1,192.168.1.100,7524,ICMP,709,APT,5,10,Friday,Morning,0
2023-02-10 06:00:00,192.168.1.1,192.168.1.100,1266,TCP,683,DoS,6,10,Friday,Morning,0
2023-02-10 07:00:00,10.0.0.2,192.168.1.103,3859,ICMP,1105,Normal,7,10,Friday,Morning,0
2023-02-10 08:00:00,10.0.0.2,192.168.1.100,8571,UDP,725,DoS,8,10,Friday,Morning,0
2023-02-10 09:00:00,172.16.0.3,192.168.1.100,2396,TCP,821,DoS,9,10,Friday,Morning,0
2023-02-10 10:00:00,192.168.1.4,192.168.1.100,3029,ICMP,352,Normal,10,10,Friday,Morning,0
2023-02-10 11:00:00,172.16.0.3,192.168.1.100,9174,TCP,784,Normal,11,10,Friday,Morning,0
2023-02-10 12:00:00,192.168.1.1,172.16.0.102,1847,UDP,701,Data Injection,12,10,Friday,Afternoon,0
2023-02-10 13:00:00,172.16.0.3,192.168.1.103,6999,ICMP,298,Data Injection,13,10,Friday,Afternoon,0
2023-02-10 14:00:00,192.168.1.4,10.0.0.101,9825,UDP,479,Normal,14,10,Friday,Afternoon,0
2023-02-10 15:00:00,10.0.0.2,192.168.1.100,9852,ICMP,1001,APT,15,10,Friday,Afternoon,0
2023-02-10 16:00:00,192.168.1.4,172.16.0.102,8589,ICMP,562,APT,16,10,Friday,Afternoon,0
2023-02-10 17:00:00,192.168.1.4,172.16.0.102,4305,ICMP,1037,DoS,17,10,Friday,Evening,0
2023-02-10 18:00:00,192.168.1.4,172.16.0.102,6930,ICMP,697,Malware,18,10,Friday,Evening,0
2023-02-10 19:00:00,10.0.0.2,10.0.0.101,8581,ICMP,1083,DoS,19,10,Friday,Evening,0
2023-02-10 20:00:00,192.168.1.4,192.168.1.100,2216,TCP,178,DoS,20,10,Friday,Evening,0
2023-02-10 21:00:00,192.168.1.4,192.168.1.103,3767,ICMP,995,Malware,21,10,Friday,Night,0
2023-02-10 22:00:00,192.168.1.4,192.168.1.103,8863,ICMP,737,Normal,22,10,Friday,Night,0
2023-02-10 23:00:00,192.168.1.1,172.16.0.102,5998,TCP,1321,APT,23,10,Friday,Night,0
2023-02-11 00:00:00,192.168.1.4,10.0.0.101,5627,TCP,1098,DoS,0,11,Saturday,Night,1
2023-02-11 01:00:00,10.0.0.2,10.0.0.101,789,TCP,269,Malware,1,11,Saturday,Night,1
2023-02-11 02:00:00,192.168.1.4,10.0.0.101,800,TCP,310,Data Injection,2,11,Saturday,Night,1
2023-02-11 03:00:00,192.168.1.4,192.168.1.103,9928,TCP,821,DoS,3,11,Saturday,Night,1
2023-02-11 04:00:00,10.0.0.2,172.16.0.102,6323,TCP,1214,APT,4,11,Saturday,Night,1
2023-02-11 05:00:00,192.168.1.4,192.168.1.100,4003,ICMP,210,Normal,5,11,Saturday,Morning,1
2023-02-11 06:00:00,10.0.0.2,192.168.1.103,9523,ICMP,181,DoS,6,11,Saturday,Morning,1
2023-02-11 07:00:00,192.168.1.4,172.16.0.102,8734,UDP,1469,DoS,7,11,Saturday,Morning,1
2023-02-11 08:00:00,10.0.0.2,172.16.0.102,541,ICMP,475,Malware,8,11,Saturday,Morning,1
2023-02-11 09:00:00,192.168.1.4,192.168.1.100,9147,ICMP,426,Data Injection,9,11,Saturday,Morning,1
2023-02-11 10:00:00,192.168.1.4,192.168.1.100,7589,TCP,200,Data Injection,10,11,Saturday,Morning,1
2023-02-11 11:00:00,192.168.1.1,192.168.1.100,5804,TCP,1262,Normal,11,11,Saturday,Morning,1
2023-02-11 12:00:00,192.168.1.1,10.0.0.101,4603,ICMP,1376,APT,12,11,Saturday,Afternoon,1
2023-02-11 13:00:00,192.168.1.4,192.168.1.100,5966,UDP,1021,Normal,13,11,Saturday,Afternoon,1
2023-02-11 14:00:00,192.168.1.4,172.16.0.102,4961,TCP,82,DoS,14,11,Saturday,Afternoon,1
2023-02-11 15:00:00,172.16.0.3,192.168.1.100,6287,ICMP,258,DoS,15,11,Saturday,Afternoon,1
